station,is_burst,n_channels,f_lo_mhz,f_hi_mhz,drift_mhz_s,r2
ALMATY,False,1,,,nan,nan
ALMATY,False,1,,,nan,nan
ALMATY,False,0,,,nan,nan
ALMATY,False,0,,,nan,nan
ALMATY,False,0,,,nan,nan
ALMATY,False,0,,,nan,nan
ALMATY,False,0,,,nan,nan
ALMATY,False,0,,,nan,nan
ALMATY,False,2,45.0,163.94,13.215,
ALMATY,False,2,45.0,163.94,13.215,
ALMATY,False,0,,,nan,nan
ALMATY,False,0,,,nan,nan
ALMATY,False,1,,,nan,nan
ALMATY,False,1,,,nan,nan
ALMATY,False,2,163.94,169.31,,
ALMATY,False,2,163.94,169.31,,
ALMATY,False,2,45.0,163.94,11.604,
ALMATY,False,2,45.0,163.94,11.604,
ALMATY,False,2,45.0,163.94,-475.752,
ALMATY,False,2,45.0,163.94,-475.752,
ALMATY,False,2,64.62,66.81,1.459,
ALMATY,False,2,64.62,66.81,1.459,
ALMATY,False,0,,,nan,nan
ALMATY,False,0,,,nan,nan
ALMATY,False,0,,,nan,nan
ALMATY,False,0,,,nan,nan
ALMATY,False,2,170.69,177.88,0.423,
ALMATY,False,2,170.69,177.88,0.423,
ALMATY,False,0,,,nan,nan
ALMATY,False,0,,,nan,nan
ALMATY,False,4,45.0,502.44,11.762,0.05
ALMATY,False,4,45.0,502.44,11.762,0.05
ALMATY,False,2,45.0,163.94,-26.431,
ALMATY,False,2,45.0,163.94,-26.431,
ALMATY,False,2,45.0,45.0,0.0,
ALMATY,False,2,45.0,45.0,0.0,
ALMATY,False,0,,,nan,nan
ALMATY,False,0,,,nan,nan
ALMATY,False,1,,,nan,nan
ALMATY,False,1,,,nan,nan
ALMATY,False,4,45.0,169.31,2.091,0.008
ALMATY,False,4,45.0,169.31,2.091,0.008
ALMATY,False,0,,,nan,nan
ALMATY,False,0,,,nan,nan
ALMATY,False,0,,,nan,nan
ALMATY,False,0,,,nan,nan
ALMATY,False,1,,,nan,nan
ALMATY,False,1,,,nan,nan
BIR,False,7,54.44,61.94,-0.153,0.021
BIR,False,7,54.44,61.94,-0.153,0.021
BIR,False,7,54.44,61.94,-0.153,0.021
BIR,False,7,54.44,61.94,-0.153,0.021
BIR,False,17,50.44,60.94,0.201,0.122
BIR,False,17,50.44,60.94,0.201,0.122
BIR,False,17,50.44,60.94,0.201,0.122
BIR,False,17,50.44,60.94,0.201,0.122
BIR,False,3,58.44,87.94,2.546,0.191
BIR,False,3,58.44,87.94,2.546,0.191
BIR,False,3,58.44,87.94,2.546,0.191
BIR,False,3,58.44,87.94,2.546,0.191
BIR,False,2,58.44,58.94,,
BIR,False,2,58.44,58.94,,
BIR,False,2,58.44,58.94,,
BIR,False,2,58.44,58.94,,
BIR,False,9,38.94,94.44,2.679,0.38
BIR,False,9,38.94,94.44,2.679,0.38
BIR,False,9,38.94,94.44,2.679,0.38
BIR,False,9,38.94,94.44,2.679,0.38
BIR,False,3,58.44,89.44,5.348,1.0
BIR,False,3,58.44,89.44,5.348,1.0
BIR,False,3,58.44,89.44,5.348,1.0
BIR,False,3,58.44,89.44,5.348,1.0
BIR,False,2,58.44,58.94,,
BIR,False,2,58.44,58.94,,
BIR,False,2,58.44,58.94,,
BIR,False,2,58.44,58.94,,
BIR,False,2,58.44,58.94,,
BIR,False,2,58.44,58.94,,
BIR,False,2,58.44,58.94,,
BIR,False,2,58.44,58.94,,
BIR,False,18,10.44,58.94,0.775,0.287
BIR,False,18,10.44,58.94,0.775,0.287
BIR,False,18,10.44,58.94,0.775,0.287
BIR,False,18,10.44,58.94,0.775,0.287
BIR,False,71,27.94,93.44,0.248,0.014
BIR,False,71,27.94,93.44,0.248,0.014
BIR,False,71,27.94,93.44,0.248,0.014
BIR,False,71,27.94,93.44,0.248,0.014
BIR,False,7,58.94,90.94,0.467,0.103
BIR,False,7,58.94,90.94,0.467,0.103
BIR,False,7,58.94,90.94,0.467,0.103
BIR,False,7,58.94,90.94,0.467,0.103
BIR,False,7,58.94,90.94,0.467,0.103
BIR,False,7,58.94,90.94,0.467,0.103
BIR,False,8,58.94,88.44,-2.644,0.106
BIR,False,8,58.94,88.44,-2.644,0.106
BIR,False,8,58.94,88.44,-2.644,0.106
BIR,False,8,58.94,88.44,-2.644,0.106
BIR,False,4,10.0,58.94,-5.23,0.997
BIR,False,4,10.0,58.94,-5.23,0.997
BIR,False,36,29.94,88.94,-0.504,0.094
BIR,False,36,29.94,88.94,-0.504,0.094
BIR,False,36,29.94,88.94,-0.504,0.094
BIR,False,36,29.94,88.94,-0.504,0.094
BIR,False,36,29.94,88.94,-0.504,0.094
BIR,False,36,29.94,88.94,-0.504,0.094
BIR,False,34,32.44,97.44,-1.57,0.093
BIR,False,34,32.44,97.44,-1.57,0.093
BIR,False,34,32.44,97.44,-1.57,0.093
BIR,False,34,32.44,97.44,-1.57,0.093
BIR,False,1,,,nan,nan
BIR,False,1,,,nan,nan
BIR,False,1,,,nan,nan
BIR,False,1,,,nan,nan
BIR,True,66,10.0,78.94,-2.55,0.889
BIR,True,66,10.0,78.94,-2.55,0.889
BIR,True,66,10.0,78.94,-2.55,0.889
BIR,True,66,10.0,78.94,-2.55,0.889
BIR,False,16,27.94,61.94,-2.945,0.215
BIR,False,16,27.94,61.94,-2.945,0.215
BIR,False,16,27.94,61.94,-2.945,0.215
BIR,False,16,27.94,61.94,-2.945,0.215
BIR,False,59,25.94,105.44,-1.681,0.125
BIR,False,59,25.94,105.44,-1.681,0.125
BIR,False,59,25.94,105.44,-1.681,0.125
BIR,False,59,25.94,105.44,-1.681,0.125
BIR,False,9,55.44,85.44,-4.332,0.616
BIR,False,9,55.44,85.44,-4.332,0.616
BIR,False,9,55.44,85.44,-4.332,0.616
BIR,False,9,55.44,85.44,-4.332,0.616
BIR,False,3,10.94,83.44,-4.058,0.56
BIR,False,3,10.94,83.44,-4.058,0.56
BIR,False,3,10.94,83.44,-4.058,0.56
BIR,False,3,10.94,83.44,-4.058,0.56
BIR,False,2,10.94,25.94,2.5,
BIR,False,2,10.94,25.94,2.5,
BIR,False,2,10.94,25.94,2.5,
BIR,False,2,10.94,25.94,2.5,
BIR,False,3,18.94,25.94,0.314,0.12
BIR,False,3,18.94,25.94,0.314,0.12
BIR,False,3,18.94,25.94,0.314,0.12
BIR,False,3,18.94,25.94,0.314,0.12
BIR,False,2,18.94,25.94,28.0,
BIR,False,2,18.94,25.94,28.0,
BIR,False,2,18.94,25.94,28.0,
BIR,False,2,18.94,25.94,28.0,
BIR,False,15,50.44,61.94,0.537,0.011
BIR,False,15,50.44,61.94,0.537,0.011
BIR,False,15,50.44,61.94,0.537,0.011
BIR,False,15,50.44,61.94,0.537,0.011
BIR,False,0,,,nan,nan
BIR,False,0,,,nan,nan
BIR,False,0,,,nan,nan
BIR,False,0,,,nan,nan
BIR,False,3,16.94,85.44,-6.487,0.998
BIR,False,3,16.94,85.44,-6.487,0.998
BIR,False,3,16.94,85.44,-6.487,0.998
BIR,False,3,16.94,85.44,-6.487,0.998
BIR,False,2,18.94,25.94,-0.667,
BIR,False,2,18.94,25.94,-0.667,
BIR,False,2,18.94,25.94,-0.667,
BIR,False,2,18.94,25.94,-0.667,
BIR,False,18,50.94,93.44,-0.78,0.161
BIR,False,18,50.94,93.44,-0.78,0.161
BIR,False,18,50.94,93.44,-0.78,0.161
BIR,False,18,50.94,93.44,-0.78,0.161
BIR,False,12,25.94,91.44,2.202,0.229
BIR,False,12,25.94,91.44,2.202,0.229
BIR,False,12,25.94,91.44,2.202,0.229
BIR,False,12,25.94,91.44,2.202,0.229
BIR,False,6,33.44,83.44,-2.4,0.903
BIR,False,6,33.44,83.44,-2.4,0.903
BIR,False,6,33.44,83.44,-2.4,0.903
BIR,False,6,33.44,83.44,-2.4,0.903
BIR,False,8,29.94,85.44,1.848,0.023
BIR,False,8,29.94,85.44,1.848,0.023
BIR,False,8,29.94,85.44,1.848,0.023
BIR,False,8,29.94,85.44,1.848,0.023
BIR,False,5,58.94,87.94,-0.084,0.001
BIR,False,5,58.94,87.94,-0.084,0.001
BIR,False,5,58.94,87.94,-0.084,0.001
BIR,False,5,58.94,87.94,-0.084,0.001
BIR,False,17,46.94,103.94,-1.914,0.193
BIR,False,17,46.94,103.94,-1.914,0.193
BIR,False,17,46.94,103.94,-1.914,0.193
BIR,False,17,46.94,103.94,-1.914,0.193
BIR,False,15,39.94,93.94,-1.335,0.108
BIR,False,15,39.94,93.94,-1.335,0.108
BIR,False,15,39.94,93.94,-1.335,0.108
BIR,False,15,39.94,93.94,-1.335,0.108
BIR,False,34,20.44,93.94,-2.784,0.097
BIR,False,34,20.44,93.94,-2.784,0.097
BIR,False,34,20.44,93.94,-2.784,0.097
BIR,False,34,20.44,93.94,-2.784,0.097
BIR,False,16,26.44,94.44,1.294,0.043
BIR,False,16,26.44,94.44,1.294,0.043
BIR,False,16,26.44,94.44,1.294,0.043
BIR,False,16,26.44,94.44,1.294,0.043
BIR,False,24,31.94,92.94,2.662,0.03
BIR,False,24,31.94,92.94,2.662,0.03
BIR,False,24,31.94,92.94,2.662,0.03
BIR,False,24,31.94,92.94,2.662,0.03
BIR,False,82,10.0,103.94,-1.885,0.065
BIR,False,82,10.0,103.94,-1.885,0.065
BIR,False,82,10.0,103.94,-1.885,0.065
BIR,False,82,10.0,103.94,-1.885,0.065
BIR,False,8,36.44,86.94,-2.138,0.181
BIR,False,8,36.44,86.94,-2.138,0.181
BIR,False,8,36.44,86.94,-2.138,0.181
BIR,False,8,36.44,86.94,-2.138,0.181
BIR,False,40,25.94,92.44,-0.892,0.012
BIR,False,40,25.94,92.44,-0.892,0.012
BIR,False,40,25.94,92.44,-0.892,0.012
BIR,False,40,25.94,92.44,-0.892,0.012
BIR,False,81,23.94,102.44,-1.981,0.203
BIR,False,81,23.94,102.44,-1.981,0.203
BIR,False,81,23.94,102.44,-1.981,0.203
BIR,False,81,23.94,102.44,-1.981,0.203
BIR,False,57,29.44,87.94,-1.224,0.055
BIR,False,57,29.44,87.94,-1.224,0.055
BIR,False,57,29.44,87.94,-1.224,0.055
BIR,False,57,29.44,87.94,-1.224,0.055
BIR,False,16,35.94,95.94,-2.182,0.292
BIR,False,16,35.94,95.94,-2.182,0.292
BIR,False,31,25.94,80.44,-0.502,0.002
BIR,False,31,25.94,80.44,-0.502,0.002
BIR,False,31,25.94,80.44,-0.502,0.002
BIR,False,31,25.94,80.44,-0.502,0.002
BIR,False,18,18.94,100.94,-3.425,0.298
BIR,False,18,18.94,100.94,-3.425,0.298
BIR,False,18,18.94,100.94,-3.425,0.298
BIR,False,18,18.94,100.94,-3.425,0.298
BIR,False,6,58.44,102.44,1.459,0.12
BIR,False,6,58.44,102.44,1.459,0.12
BIR,False,6,58.44,102.44,1.459,0.12
BIR,False,6,58.44,102.44,1.459,0.12
BIR,False,14,33.44,93.44,-3.66,0.425
BIR,False,14,33.44,93.44,-3.66,0.425
BIR,False,14,33.44,93.44,-3.66,0.425
BIR,False,14,33.44,93.44,-3.66,0.425
BIR,False,11,23.94,94.44,8.351,0.505
BIR,False,11,23.94,94.44,8.351,0.505
BIR,False,14,24.94,91.44,-3.313,0.615
BIR,False,14,24.94,91.44,-3.313,0.615
BIR,False,14,24.94,91.44,-3.313,0.615
BIR,False,14,24.94,91.44,-3.313,0.615
BIR,False,15,58.44,100.44,0.793,0.06
BIR,False,15,58.44,100.44,0.793,0.06
BIR,False,15,58.44,100.44,0.793,0.06
BIR,False,15,58.44,100.44,0.793,0.06
BIR,False,5,28.44,91.94,-0.704,0.01
BIR,False,5,28.44,91.94,-0.704,0.01
BIR,False,5,28.44,91.94,-0.704,0.01
BIR,False,5,28.44,91.94,-0.704,0.01
BIR,False,6,23.44,103.94,-5.021,0.588
BIR,False,6,23.44,103.94,-5.021,0.588
BIR,False,6,23.44,103.94,-5.021,0.588
BIR,False,6,23.44,103.94,-5.021,0.588
BIR,False,2,235.0,236.06,,
BIR,False,2,235.0,236.06,,
BIR,False,9,25.94,83.44,1.698,0.14
BIR,False,9,25.94,83.44,1.698,0.14
BIR,False,0,,,nan,nan
BIR,False,0,,,nan,nan
BIR,False,10,20.44,81.94,-4.219,0.411
BIR,False,10,20.44,81.94,-4.219,0.411
BIR,False,0,,,nan,nan
BIR,False,0,,,nan,nan
BIR,False,14,38.44,94.44,1.085,0.677
BIR,False,14,38.44,94.44,1.085,0.677
BIR,False,0,,,nan,nan
BIR,False,0,,,nan,nan
BIR,False,3,58.94,85.44,2.328,0.997
BIR,False,3,58.94,85.44,2.328,0.997
BLEN7M,False,45,176.88,744.0,-13.08,0.156
BLEN7M,False,45,176.88,744.0,-13.08,0.156
BLEN7M,False,45,176.88,744.0,-13.08,0.156
BLEN7M,False,45,176.88,744.0,-13.08,0.156
BLEN7M,False,5,207.06,240.31,16.037,0.632
BLEN7M,False,5,207.06,240.31,16.037,0.632
BLEN7M,False,5,207.06,240.31,16.037,0.632
BLEN7M,False,5,207.06,240.31,16.037,0.632
BLEN7M,False,5,207.06,240.31,16.037,0.632
BLEN7M,False,5,207.06,240.31,16.037,0.632
BLEN7M,False,5,207.06,240.31,16.037,0.632
BLEN7M,False,5,207.06,240.31,16.037,0.632
BLEN7M,False,4,182.81,213.56,12.47,0.819
BLEN7M,False,4,182.81,213.56,12.47,0.819
BLEN7M,False,4,182.81,213.56,12.47,0.819
BLEN7M,False,4,182.81,213.56,12.47,0.819
BLEN7M,False,1,,,nan,nan
BLEN7M,False,1,,,nan,nan
BLEN7M,False,1,,,nan,nan
BLEN7M,False,1,,,nan,nan
BLEN7M,False,2,207.06,208.38,-0.875,
BLEN7M,False,2,207.06,208.38,-0.875,
BLEN7M,False,2,207.06,208.38,-0.875,
BLEN7M,False,2,207.06,208.38,-0.875,
BLEN7M,False,2,208.38,213.56,,
BLEN7M,False,2,208.38,213.56,,
BLEN7M,False,2,208.38,213.56,,
BLEN7M,False,2,208.38,213.56,,
BLEN7M,False,2,208.38,213.56,-2.306,
BLEN7M,False,2,208.38,213.56,-2.306,
BLEN7M,False,2,208.38,213.56,-2.306,
BLEN7M,False,2,208.38,213.56,-2.306,
BLEN7M,False,4,207.06,400.62,-19.384,0.95
BLEN7M,False,4,207.06,400.62,-19.384,0.95
BLEN7M,False,4,207.06,400.62,-19.384,0.95
BLEN7M,False,4,207.06,400.62,-19.384,0.95
BLEN7M,False,3,208.38,400.62,-28.578,0.976
BLEN7M,False,3,208.38,400.62,-28.578,0.976
BLEN7M,False,3,208.38,400.62,-28.578,0.976
BLEN7M,False,3,208.38,400.62,-28.578,0.976
BLEN7M,False,3,207.06,213.56,-1.375,0.964
BLEN7M,False,3,207.06,213.56,-1.375,0.964
BLEN7M,False,3,207.06,213.56,-1.375,0.964
BLEN7M,False,3,207.06,213.56,-1.375,0.964
BLEN7M,False,2,208.38,213.56,,
BLEN7M,False,2,208.38,213.56,,
BLEN7M,False,2,208.38,213.56,,
BLEN7M,False,2,208.38,213.56,,
BLEN7M,False,1,,,nan,nan
BLEN7M,False,1,,,nan,nan
BLEN7M,False,1,,,nan,nan
BLEN7M,False,1,,,nan,nan
BLEN7M,False,2,213.56,659.06,-59.4,
BLEN7M,False,2,213.56,659.06,-59.4,
BLEN7M,False,2,213.56,659.06,-59.4,
BLEN7M,False,2,213.56,659.06,-59.4,
BLEN7M,False,3,207.06,213.56,15.624,0.43
BLEN7M,False,3,207.06,213.56,15.624,0.43
BLEN7M,False,3,207.06,213.56,15.624,0.43
BLEN7M,False,3,207.06,213.56,15.624,0.43
BLEN7M,False,2,208.38,213.56,10.376,
BLEN7M,False,2,208.38,213.56,10.376,
BLEN7M,False,2,208.38,213.56,10.376,
BLEN7M,False,2,208.38,213.56,10.376,
BLEN7M,False,4,207.06,214.88,-0.822,0.037
BLEN7M,False,4,207.06,214.88,-0.822,0.037
BLEN7M,False,4,207.06,214.88,-0.822,0.037
BLEN7M,False,4,207.06,214.88,-0.822,0.037
BLEN7M,False,7,208.38,727.06,34.629,0.713
BLEN7M,False,7,208.38,727.06,34.629,0.713
BLEN7M,False,7,208.38,727.06,34.629,0.713
BLEN7M,False,7,208.38,727.06,34.629,0.713
BLEN7M,False,4,207.06,214.88,1.865,0.014
BLEN7M,False,4,207.06,214.88,1.865,0.014
BLEN7M,False,4,207.06,214.88,1.865,0.014
BLEN7M,False,4,207.06,214.88,1.865,0.014
BLEN7M,False,6,182.81,725.94,39.16,0.48
BLEN7M,False,6,182.81,725.94,39.16,0.48
BLEN7M,False,6,182.81,725.94,39.16,0.48
BLEN7M,False,6,182.81,725.94,39.16,0.48
BLEN7M,False,7,207.06,567.12,-69.067,0.578
BLEN7M,False,7,207.06,567.12,-69.067,0.578
BLEN7M,False,7,207.06,567.12,-69.067,0.578
BLEN7M,False,7,207.06,567.12,-69.067,0.578
BLEN7M,False,10,192.44,566.19,61.49,0.618
BLEN7M,False,10,192.44,566.19,61.49,0.618
BLEN7M,False,10,192.44,566.19,61.49,0.618
BLEN7M,False,10,192.44,566.19,61.49,0.618
BLEN7M,False,6,207.06,720.06,-55.888,0.672
BLEN7M,False,6,207.06,720.06,-55.888,0.672
BLEN7M,False,6,207.06,720.06,-55.888,0.672
BLEN7M,False,6,207.06,720.06,-55.888,0.672
BLEN7M,False,2,208.38,213.56,,
BLEN7M,False,2,208.38,213.56,,
BLEN7M,False,2,208.38,213.56,,
BLEN7M,False,2,208.38,213.56,,
BLEN7M,False,2,208.38,213.56,-0.902,
BLEN7M,False,2,208.38,213.56,-0.902,
BLEN7M,False,2,208.38,213.56,-0.902,
BLEN7M,False,2,208.38,213.56,-0.902,
BLEN7M,False,2,208.38,213.56,-0.902,
BLEN7M,False,2,208.38,213.56,-0.902,
BLEN7M,False,2,208.38,213.56,-0.902,
BLEN7M,False,2,208.38,213.56,-0.902,
BLEN7M,False,5,195.44,214.88,6.977,0.58
BLEN7M,False,5,195.44,214.88,6.977,0.58
BLEN7M,False,5,195.44,214.88,6.977,0.58
BLEN7M,False,5,195.44,214.88,6.977,0.58
BLEN7M,False,9,207.06,566.19,-65.614,0.176
BLEN7M,False,9,207.06,566.19,-65.614,0.176
BLEN7M,False,9,207.06,566.19,-65.614,0.176
BLEN7M,False,9,207.06,566.19,-65.614,0.176
BLEN7M,False,3,208.38,372.69,-18.725,0.997
BLEN7M,False,3,208.38,372.69,-18.725,0.997
BLEN7M,False,3,208.38,372.69,-18.725,0.997
BLEN7M,False,3,208.38,372.69,-18.725,0.997
BLEN7M,False,4,192.44,213.56,-0.515,0.026
BLEN7M,False,4,192.44,213.56,-0.515,0.026
BLEN7M,False,4,192.44,213.56,-0.515,0.026
BLEN7M,False,4,192.44,213.56,-0.515,0.026
BLEN7M,False,4,192.44,427.81,23.235,0.279
BLEN7M,False,4,192.44,427.81,23.235,0.279
BLEN7M,False,4,192.44,427.81,23.235,0.279
BLEN7M,False,4,192.44,427.81,23.235,0.279
BLEN7M,False,1,,,nan,nan
BLEN7M,False,1,,,nan,nan
BLEN7M,False,1,,,nan,nan
BLEN7M,False,1,,,nan,nan
BLEN7M,False,1,,,nan,nan
BLEN7M,False,1,,,nan,nan
BLEN7M,False,1,,,nan,nan
BLEN7M,False,1,,,nan,nan
BLEN7M,False,3,192.44,557.88,33.067,0.794
BLEN7M,False,3,192.44,557.88,33.067,0.794
BLEN7M,False,3,192.44,557.88,33.067,0.794
BLEN7M,False,3,192.44,557.88,33.067,0.794
BLEN7M,False,1,,,nan,nan
BLEN7M,False,1,,,nan,nan
BLEN7M,False,1,,,nan,nan
BLEN7M,False,1,,,nan,nan
BLEN7M,False,3,207.06,213.56,1.23,0.964
BLEN7M,False,3,207.06,213.56,1.23,0.964
BLEN7M,False,3,207.06,213.56,1.23,0.964
BLEN7M,False,3,207.06,213.56,1.23,0.964
BLEN7M,False,3,207.06,403.56,-14.408,0.704
BLEN7M,False,3,207.06,403.56,-14.408,0.704
BLEN7M,False,3,207.06,403.56,-14.408,0.704
BLEN7M,False,3,207.06,403.56,-14.408,0.704
BLEN7M,False,1,,,nan,nan
BLEN7M,False,1,,,nan,nan
BLEN7M,False,1,,,nan,nan
BLEN7M,False,1,,,nan,nan
BLEN7M,False,2,207.06,208.38,0.583,
BLEN7M,False,2,207.06,208.38,0.583,
BLEN7M,False,2,207.06,208.38,0.583,
BLEN7M,False,2,207.06,208.38,0.583,
BLEN7M,False,5,208.38,557.88,-9.895,0.087
BLEN7M,False,5,208.38,557.88,-9.895,0.087
BLEN7M,False,5,208.38,557.88,-9.895,0.087
BLEN7M,False,5,208.38,557.88,-9.895,0.087
BLEN7M,False,9,182.81,221.75,-38.291,0.261
BLEN7M,False,9,182.81,221.75,-38.291,0.261
BLEN7M,False,9,182.81,221.75,-38.291,0.261
BLEN7M,False,9,182.81,221.75,-38.291,0.261
BLEN7M,False,3,207.06,213.56,-4.089,0.619
BLEN7M,False,3,207.06,213.56,-4.089,0.619
BLEN7M,False,3,207.06,213.56,-4.089,0.619
BLEN7M,False,3,207.06,213.56,-4.089,0.619
BLEN7M,False,2,207.06,208.38,,
BLEN7M,False,2,207.06,208.38,,
BLEN7M,False,2,207.06,208.38,,
BLEN7M,False,2,207.06,208.38,,
BLEN7M,False,3,207.06,213.56,5.208,0.43
BLEN7M,False,3,207.06,213.56,5.208,0.43
BLEN7M,False,3,207.06,213.56,5.208,0.43
BLEN7M,False,3,207.06,213.56,5.208,0.43
BLEN7M,False,7,207.06,417.5,-30.492,0.977
BLEN7M,False,7,207.06,417.5,-30.492,0.977
BLEN7M,False,7,207.06,417.5,-30.492,0.977
BLEN7M,False,7,207.06,417.5,-30.492,0.977
BLEN7M,False,2,208.38,213.56,,
BLEN7M,False,2,208.38,213.56,,
BLEN7M,False,2,208.38,213.56,,
BLEN7M,False,2,208.38,213.56,,
BLEN7M,False,1,,,nan,nan
BLEN7M,False,1,,,nan,nan
BLEN7M,False,1,,,nan,nan
BLEN7M,False,1,,,nan,nan
BLENSW,False,3,9.0,9.56,0.044,0.25
BLENSW,False,3,9.0,9.56,0.044,0.25
BLENSW,False,2,16.88,18.56,-1.5,
BLENSW,False,2,16.88,18.56,-1.5,
BLENSW,False,3,16.88,18.81,-0.288,0.671
BLENSW,False,3,16.88,18.81,-0.288,0.671
BLENSW,False,5,9.0,9.0,0.0,
BLENSW,False,5,9.0,9.0,0.0,
BLENSW,False,1,,,nan,nan
BLENSW,False,1,,,nan,nan
BLENSW,False,1,,,nan,nan
BLENSW,False,1,,,nan,nan
BLENSW,False,1,,,nan,nan
BLENSW,False,1,,,nan,nan
BLENSW,False,1,,,nan,nan
BLENSW,False,1,,,nan,nan
BLENSW,False,6,9.0,30.62,-3.077,1.0
BLENSW,False,6,9.0,30.62,-3.077,1.0
BLENSW,False,3,9.0,18.81,0.54,0.684
BLENSW,False,3,9.0,18.81,0.54,0.684
BLENSW,False,1,,,nan,nan
BLENSW,False,1,,,nan,nan
BLENSW,False,3,19.75,22.81,-1.32,0.234
BLENSW,False,3,19.75,22.81,-1.32,0.234
BLENSW,False,0,,,nan,nan
BLENSW,False,0,,,nan,nan
BLENSW,False,0,,,nan,nan
BLENSW,False,0,,,nan,nan
BLENSW,False,6,9.0,20.56,-1.201,0.934
BLENSW,False,6,9.0,20.56,-1.201,0.934
BLENSW,False,1,,,nan,nan
BLENSW,False,1,,,nan,nan
BLENSW,False,2,23.0,23.88,-3.5,
BLENSW,False,2,23.0,23.88,-3.5,
BLENSW,False,3,9.0,18.81,-2.659,0.999
BLENSW,False,3,9.0,18.81,-2.659,0.999
BLENSW,False,4,9.0,30.62,-2.265,0.999
BLENSW,False,4,9.0,30.62,-2.265,0.999
BLENSW,False,6,9.0,9.56,-1.501,0.2
BLENSW,False,6,9.0,9.56,-1.501,0.2
BLENSW,False,2,9.0,9.56,-0.751,
BLENSW,False,2,9.0,9.56,-0.751,
BLENSW,False,0,,,nan,nan
BLENSW,False,0,,,nan,nan
BLENSW,False,9,9.0,19.75,-0.499,0.139
BLENSW,False,9,9.0,19.75,-0.499,0.139
BLENSW,False,5,9.0,9.56,,0.0
BLENSW,False,5,9.0,9.56,,0.0
BLENSW,False,1,,,nan,nan
BLENSW,False,1,,,nan,nan
BLENSW,False,4,11.56,13.56,-0.072,0.43
BLENSW,False,4,11.56,13.56,-0.072,0.43
BLENSW,False,0,,,nan,nan
BLENSW,False,0,,,nan,nan
BLENSW,False,0,,,nan,nan
BLENSW,False,0,,,nan,nan
BLENSW,False,4,11.56,30.62,-26.96,0.822
BLENSW,False,4,11.56,30.62,-26.96,0.822
BLENSW,False,1,,,nan,nan
BLENSW,False,1,,,nan,nan
BLENSW,False,2,23.0,23.88,-3.5,
BLENSW,False,2,23.0,23.88,-3.5,
BLENSW,False,2,9.0,9.0,0.0,
BLENSW,False,2,9.0,9.0,0.0,
BLENSW,False,1,,,nan,nan
BLENSW,False,1,,,nan,nan
BLENSW,False,0,,,nan,nan
BLENSW,False,0,,,nan,nan
BLENSW,False,6,9.0,30.62,-2.247,1.0
BLENSW,False,6,9.0,30.62,-2.247,1.0
BLENSW,False,4,38.88,44.62,0.432,0.548
BLENSW,False,4,38.88,44.62,0.432,0.548
BLENSW,False,10,9.0,44.62,-1.366,0.271
BLENSW,False,10,9.0,44.62,-1.366,0.271
BLENSW,False,3,18.81,87.75,0.449,0.012
BLENSW,False,3,18.81,87.75,0.449,0.012
BLENSW,False,5,9.0,9.0,-0.0,
BLENSW,False,5,9.0,9.0,-0.0,
BLENSW,False,5,9.0,9.0,0.0,
BLENSW,False,5,9.0,9.0,0.0,
BLENSW,False,3,22.81,23.88,-0.225,0.95
BLENSW,False,3,22.81,23.88,-0.225,0.95
BLENSW,False,3,22.81,23.88,0.062,0.98
BLENSW,False,3,22.81,23.88,0.062,0.98
BLENSW,False,2,18.81,19.75,0.357,
BLENSW,False,2,18.81,19.75,0.357,
BLENSW,False,7,9.0,21.5,-0.249,0.031
BLENSW,False,7,9.0,21.5,-0.249,0.031
BLENSW,False,2,18.81,19.75,0.3,
BLENSW,False,2,18.81,19.75,0.3,
BLENSW,False,3,9.0,23.88,2.962,0.997
BLENSW,False,3,9.0,23.88,2.962,0.997
BLENSW,False,7,9.0,18.56,-0.536,0.373
BLENSW,False,7,9.0,18.56,-0.536,0.373
DARO,False,18,45.0,464.88,15.919,0.098
DARO,False,18,45.0,464.88,15.919,0.098
DARO,False,12,51.0,449.81,-1.375,0.002
DARO,False,12,51.0,449.81,-1.375,0.002
DARO,False,13,45.5,461.12,0.622,0.0
DARO,False,13,45.5,461.12,0.622,0.0
DARO,False,31,45.0,464.88,-11.214,0.049
DARO,False,31,45.0,464.88,-11.214,0.049
DARO,False,17,45.0,449.81,-8.775,0.027
DARO,False,17,45.0,449.81,-8.775,0.027
DARO,False,19,45.0,464.88,8.761,0.029
DARO,False,19,45.0,464.88,8.761,0.029
DARO,False,27,45.0,464.88,-7.205,0.042
DARO,False,27,45.0,464.88,-7.205,0.042
DARO,False,30,45.0,464.88,5.561,0.02
DARO,False,30,45.0,464.88,5.561,0.02
DARO,False,28,45.0,464.88,10.625,0.024
DARO,False,28,45.0,464.88,10.625,0.024
DARO,False,45,45.0,464.88,-6.812,0.077
DARO,False,45,45.0,464.88,-6.812,0.077
DARO,False,30,45.0,464.88,8.108,0.06
DARO,False,30,45.0,464.88,8.108,0.06
DARO,False,28,45.0,464.88,-11.912,0.143
DARO,False,28,45.0,464.88,-11.912,0.143
DARO,False,29,45.0,460.31,-17.692,0.014
DARO,False,29,45.0,460.31,-17.692,0.014
DARO,False,30,45.0,464.88,-25.338,0.07
DARO,False,30,45.0,464.88,-25.338,0.07
DARO,False,30,45.0,464.88,-0.463,0.0
DARO,False,30,45.0,464.88,-0.463,0.0
DARO,False,21,45.0,461.12,-2.677,0.001
DARO,False,21,45.0,461.12,-2.677,0.001
DARO,False,56,45.0,464.88,7.161,0.044
DARO,False,56,45.0,464.88,7.161,0.044
DARO,False,56,45.0,464.88,7.161,0.044
DARO,False,56,45.0,464.88,7.161,0.044
DARO,False,28,45.0,464.88,-17.054,0.142
DARO,False,28,45.0,464.88,-17.054,0.142
DARO,False,31,45.0,464.88,-9.548,0.024
DARO,False,31,45.0,464.88,-9.548,0.024
DARO,False,31,45.0,464.88,1.854,0.001
DARO,False,31,45.0,464.88,1.854,0.001
DARO,False,29,51.5,464.88,2.287,0.005
DARO,False,29,51.5,464.88,2.287,0.005
DARO,False,38,45.0,464.88,-0.016,0.0
DARO,False,38,45.0,464.88,-0.016,0.0
DARO,False,10,53.0,461.12,8.478,0.058
DARO,False,10,53.0,461.12,8.478,0.058
DARO,False,13,53.0,449.81,-8.995,0.101
DARO,False,13,53.0,449.81,-8.995,0.101
DARO,False,20,49.0,381.12,-2.867,0.016
DARO,False,20,49.0,381.12,-2.867,0.016
DARO,False,25,45.0,464.88,-15.918,0.102
DARO,False,25,45.0,464.88,-15.918,0.102
DARO,False,29,45.0,464.88,3.138,0.005
DARO,False,29,45.0,464.88,3.138,0.005
DARO,False,78,53.0,455.69,1.201,0.0
DARO,False,78,53.0,455.69,1.201,0.0
DARO,False,75,46.5,455.69,-2.793,0.019
DARO,False,75,46.5,455.69,-2.793,0.019
DARO,False,58,47.5,449.81,-2.978,0.021
DARO,False,58,47.5,449.81,-2.978,0.021
DARO,False,19,53.0,449.81,15.012,0.35
DARO,False,19,53.0,449.81,15.012,0.35
DARO,False,25,53.0,449.81,-13.813,0.423
DARO,False,25,53.0,449.81,-13.813,0.423
DARO,False,43,45.0,464.88,-5.032,0.012
DARO,False,43,45.0,464.88,-5.032,0.012
DARO,False,30,53.0,444.75,-3.511,0.021
DARO,False,30,53.0,444.75,-3.511,0.021
DARO,False,24,47.0,449.81,21.045,0.856
DARO,False,24,47.0,449.81,21.045,0.856
DARO,False,27,49.0,460.31,-0.644,0.001
DARO,False,27,49.0,460.31,-0.644,0.001
DARO,False,34,53.0,460.31,0.07,0.0
DARO,False,34,53.0,460.31,0.07,0.0
DARO,False,24,49.0,344.62,-2.201,0.011
DARO,False,24,49.0,344.62,-2.201,0.011
GAURI,False,11,46.75,86.81,3.235,0.283
GAURI,False,11,46.75,86.81,3.235,0.283
GAURI,False,14,47.06,87.62,0.155,0.002
GAURI,False,14,47.06,87.62,0.155,0.002
GAURI,False,1,,,nan,nan
GAURI,False,1,,,nan,nan
GAURI,False,4,57.81,402.88,2.861,0.008
GAURI,False,4,57.81,402.88,2.861,0.008
GAURI,False,3,67.38,70.44,6.626,0.316
GAURI,False,3,67.38,70.44,6.626,0.316
GAURI,False,3,67.38,70.44,6.626,0.316
GAURI,False,3,67.38,70.44,6.626,0.316
GAURI,False,3,157.38,174.19,-0.478,0.126
GAURI,False,3,157.38,174.19,-0.478,0.126
GAURI,False,12,46.69,126.69,-3.268,0.784
GAURI,False,12,46.69,126.69,-3.268,0.784
GAURI,False,2,129.12,130.44,5.252,
GAURI,False,2,129.12,130.44,5.252,
GAURI,False,15,46.69,161.69,1.838,0.03
GAURI,False,15,46.69,161.69,1.838,0.03
GAURI,False,3,72.38,168.81,-15.142,0.464
GAURI,False,3,72.38,168.81,-15.142,0.464
GAURI,False,3,79.88,174.19,6.528,0.908
GAURI,False,3,79.88,174.19,6.528,0.908
GAURI,False,12,46.44,263.31,7.524,0.185
GAURI,False,12,46.44,263.31,7.524,0.185
GAURI,False,1,,,nan,nan
GAURI,False,1,,,nan,nan
GAURI,False,23,46.75,382.88,2.982,0.012
GAURI,False,23,46.75,382.88,2.982,0.012
GAURI,False,5,45.88,132.38,10.823,0.386
GAURI,False,5,45.88,132.38,10.823,0.386
GAURI,False,10,47.06,169.81,10.213,0.092
GAURI,False,10,47.06,169.81,10.213,0.092
GAURI,False,11,49.56,276.0,-6.613,0.246
GAURI,False,11,49.56,276.0,-6.613,0.246
GAURI,False,17,46.75,109.38,2.015,0.304
GAURI,False,17,46.75,109.38,2.015,0.304
GAURI,False,10,45.56,130.44,-0.846,0.004
GAURI,False,10,45.56,130.44,-0.846,0.004
GAURI,False,4,79.88,174.19,-8.199,0.521
GAURI,False,4,79.88,174.19,-8.199,0.521
HB9SCT,False,2,45.0,434.5,77.9,
HB9SCT,False,2,45.0,434.5,77.9,
HB9SCT,False,2,45.0,434.5,77.9,
HB9SCT,False,2,45.0,434.5,77.9,
HB9SCT,False,8,45.0,854.31,-2.097,0.001
HB9SCT,False,8,45.0,854.31,-2.097,0.001
HB9SCT,False,8,45.0,854.31,-2.097,0.001
HB9SCT,False,8,45.0,854.31,-2.097,0.001
HB9SCT,False,2,45.0,434.5,222.571,
HB9SCT,False,2,45.0,434.5,222.571,
HB9SCT,False,2,45.0,434.5,222.571,
HB9SCT,False,2,45.0,434.5,222.571,
HB9SCT,False,19,45.0,868.62,28.189,0.144
HB9SCT,False,19,45.0,868.62,28.189,0.144
HB9SCT,False,19,45.0,868.62,28.189,0.144
HB9SCT,False,19,45.0,868.62,28.189,0.144
HB9SCT,False,11,45.0,454.5,-0.724,0.0
HB9SCT,False,11,45.0,454.5,-0.724,0.0
HB9SCT,False,11,45.0,454.5,-0.724,0.0
HB9SCT,False,11,45.0,454.5,-0.724,0.0
HB9SCT,False,5,45.0,267.5,1.909,0.032
HB9SCT,False,5,45.0,267.5,1.909,0.032
HB9SCT,False,5,45.0,267.5,1.909,0.032
HB9SCT,False,5,45.0,267.5,1.909,0.032
HB9SCT,False,7,45.0,868.62,31.262,0.04
HB9SCT,False,7,45.0,868.62,31.262,0.04
HB9SCT,False,7,45.0,868.62,31.262,0.04
HB9SCT,False,7,45.0,868.62,31.262,0.04
HB9SCT,False,11,45.0,868.62,27.477,0.189
HB9SCT,False,11,45.0,868.62,27.477,0.189
HB9SCT,False,11,45.0,868.62,27.477,0.189
HB9SCT,False,11,45.0,868.62,27.477,0.189
HB9SCT,False,3,45.0,868.62,-33.442,0.141
HB9SCT,False,3,45.0,868.62,-33.442,0.141
HB9SCT,False,3,45.0,868.62,-33.442,0.141
HB9SCT,False,3,45.0,868.62,-33.442,0.141
HB9SCT,False,5,45.0,868.62,-37.209,0.578
HB9SCT,False,5,45.0,868.62,-37.209,0.578
HB9SCT,False,5,45.0,868.62,-37.209,0.578
HB9SCT,False,5,45.0,868.62,-37.209,0.578
HB9SCT,False,6,45.0,868.62,17.783,0.099
HB9SCT,False,6,45.0,868.62,17.783,0.099
HB9SCT,False,6,45.0,868.62,17.783,0.099
HB9SCT,False,6,45.0,868.62,17.783,0.099
HB9SCT,False,2,413.81,856.75,221.469,
HB9SCT,False,2,413.81,856.75,221.469,
HB9SCT,False,2,413.81,856.75,221.469,
HB9SCT,False,2,413.81,856.75,221.469,
HB9SCT,False,4,156.62,868.62,-19.035,0.072
HB9SCT,False,4,156.62,868.62,-19.035,0.072
HB9SCT,False,4,156.62,868.62,-19.035,0.072
HB9SCT,False,4,156.62,868.62,-19.035,0.072
HB9SCT,False,5,45.0,868.62,5.255,0.008
HB9SCT,False,5,45.0,868.62,5.255,0.008
HB9SCT,False,5,45.0,868.62,5.255,0.008
HB9SCT,False,5,45.0,868.62,5.255,0.008
HB9SCT,False,44,8.0,69.62,2.502,0.082
HB9SCT,False,44,8.0,69.62,2.502,0.082
HB9SCT,False,44,8.0,69.62,2.502,0.082
HB9SCT,False,44,8.0,69.62,2.502,0.082
HB9SCT,False,10,8.0,71.12,-0.972,0.021
HB9SCT,False,10,8.0,71.12,-0.972,0.021
HB9SCT,False,10,8.0,71.12,-0.972,0.021
HB9SCT,False,10,8.0,71.12,-0.972,0.021
HB9SCT,False,3,8.62,71.12,-6.984,0.708
HB9SCT,False,3,8.62,71.12,-6.984,0.708
HB9SCT,False,3,8.62,71.12,-6.984,0.708
HB9SCT,False,3,8.62,71.12,-6.984,0.708
HUMAIN,False,57,45.19,314.62,-1.758,0.006
HUMAIN,False,57,45.19,314.62,-1.758,0.006
HUMAIN,False,54,45.19,313.62,-1.967,0.002
HUMAIN,False,54,45.19,313.62,-1.967,0.002
HUMAIN,False,44,45.19,267.94,-0.871,0.001
HUMAIN,False,44,45.19,267.94,-0.871,0.001
HUMAIN,False,47,45.19,267.94,-2.895,0.03
HUMAIN,False,47,45.19,267.94,-2.895,0.03
HUMAIN,False,49,45.19,267.94,-10.455,0.331
HUMAIN,False,49,45.19,267.94,-10.455,0.331
HUMAIN,False,45,45.19,372.62,0.604,0.156
HUMAIN,False,45,45.19,372.62,0.604,0.156
HUMAIN,False,39,45.19,201.69,-3.781,0.245
HUMAIN,False,39,45.19,201.69,-3.781,0.245
HUMAIN,False,39,45.19,372.62,0.482,0.109
HUMAIN,False,39,45.19,372.62,0.482,0.109
HUMAIN,False,45,45.19,387.56,-1.044,-0.017
HUMAIN,False,45,45.19,387.56,-1.044,-0.017
HUMAIN,False,36,45.19,289.94,1.569,0.103
HUMAIN,False,36,45.19,289.94,1.569,0.103
HUMAIN,False,43,45.25,376.25,-0.407,0.06
HUMAIN,False,43,45.25,376.25,-0.407,0.06
HUMAIN,False,32,45.44,201.69,-1.392,0.002
HUMAIN,False,32,45.44,201.69,-1.392,0.002
HUMAIN,False,27,45.44,248.06,3.208,0.024
HUMAIN,False,27,45.44,248.06,3.208,0.024
HUMAIN,False,33,45.19,138.75,-2.553,0.243
HUMAIN,False,33,45.19,138.75,-2.553,0.243
HUMAIN,False,35,45.06,167.62,-0.232,0.001
HUMAIN,False,35,45.06,167.62,-0.232,0.001
HUMAIN,False,69,45.19,167.62,-2.352,0.155
HUMAIN,False,69,45.19,167.62,-2.352,0.155
HUMAIN,False,33,45.44,246.0,1.568,0.042
HUMAIN,False,33,45.44,246.0,1.568,0.042
HUMAIN,False,35,45.19,164.44,0.07,0.0
HUMAIN,False,35,45.19,164.44,0.07,0.0
HUMAIN,False,34,45.0,267.94,-5.671,0.183
HUMAIN,False,34,45.0,267.94,-5.671,0.183
HUMAIN,False,49,45.06,387.56,-2.704,0.028
HUMAIN,False,49,45.06,387.56,-2.704,0.028
HUMAIN,False,71,45.19,248.56,3.213,0.104
HUMAIN,False,71,45.19,248.56,3.213,0.104
HUMAIN,False,41,45.44,372.62,0.352,0.002
HUMAIN,False,41,45.44,372.62,0.352,0.002
HUMAIN,False,44,45.44,372.62,0.303,0.054
HUMAIN,False,44,45.44,372.62,0.303,0.054
HUMAIN,False,44,45.44,372.62,0.303,0.054
HUMAIN,False,44,45.44,372.62,0.303,0.054
HUMAIN,False,37,45.25,387.56,-4.968,0.119
HUMAIN,False,37,45.25,387.56,-4.968,0.119
HUMAIN,False,36,45.44,167.62,-4.691,0.373
HUMAIN,False,36,45.44,167.62,-4.691,0.373
HUMAIN,False,44,45.44,242.94,-1.625,0.085
HUMAIN,False,44,45.44,242.94,-1.625,0.085
HUMAIN,False,40,45.19,246.0,3.496,0.066
HUMAIN,False,40,45.19,246.0,3.496,0.066
HUMAIN,False,40,45.0,242.94,0.866,0.074
HUMAIN,False,40,45.0,242.94,0.866,0.074
HUMAIN,False,42,45.44,167.62,2.455,0.139
HUMAIN,False,42,45.44,167.62,2.455,0.139
HUMAIN,False,27,45.44,148.25,4.6,0.421
HUMAIN,False,27,45.44,148.25,4.6,0.421
HUMAIN,False,34,45.19,156.0,-2.142,0.233
HUMAIN,False,34,45.19,156.0,-2.142,0.233
HUMAIN,False,40,45.19,148.25,1.294,0.06
HUMAIN,False,40,45.19,148.25,1.294,0.06
HUMAIN,False,47,45.19,340.31,-2.445,0.041
HUMAIN,False,47,45.19,340.31,-2.445,0.041
HUMAIN,False,47,45.44,141.75,0.231,0.002
HUMAIN,False,47,45.44,141.75,0.231,0.002
HUMAIN,False,61,45.19,293.19,2.13,0.044
HUMAIN,False,61,45.19,293.19,2.13,0.044
HUMAIN,False,40,45.19,170.12,-0.12,0.054
HUMAIN,False,40,45.19,170.12,-0.12,0.054
HUMAIN,False,44,45.19,240.88,-0.538,0.018
HUMAIN,False,44,45.19,240.88,-0.538,0.018
HUMAIN,False,46,45.19,201.69,0.948,0.001
HUMAIN,False,46,45.19,201.69,0.948,0.001
HUMAIN,False,42,45.19,246.0,-0.068,0.004
HUMAIN,False,42,45.19,246.0,-0.068,0.004
INPE,False,17,45.69,844.38,0.596,0.0
INPE,False,17,45.69,844.38,0.596,0.0
INPE,False,17,45.69,844.38,0.596,0.0
INPE,False,17,45.69,844.38,0.596,0.0
INPE,False,11,219.06,463.62,-10.399,0.559
INPE,False,11,219.06,463.62,-10.399,0.559
INPE,False,11,219.06,463.62,-10.399,0.559
INPE,False,11,219.06,463.62,-10.399,0.559
INPE,False,10,127.44,540.38,29.763,0.176
INPE,False,10,127.44,540.38,29.763,0.176
INPE,False,10,127.44,540.38,29.763,0.176
INPE,False,10,127.44,540.38,29.763,0.176
INPE,False,10,236.88,841.69,-9.588,0.033
INPE,False,10,236.88,841.69,-9.588,0.033
INPE,False,10,236.88,841.69,-9.588,0.033
INPE,False,10,236.88,841.69,-9.588,0.033
INPE,False,12,45.81,272.31,9.108,0.141
INPE,False,12,45.81,272.31,9.108,0.141
INPE,False,12,45.81,272.31,9.108,0.141
INPE,False,12,45.81,272.31,9.108,0.141
INPE,False,19,45.25,275.25,-11.596,0.181
INPE,False,19,45.25,275.25,-11.596,0.181
INPE,False,19,45.25,275.25,-11.596,0.181
INPE,False,19,45.25,275.25,-11.596,0.181
INPE,False,10,233.0,652.81,-5.578,0.019
INPE,False,10,233.0,652.81,-5.578,0.019
INPE,False,10,233.0,652.81,-5.578,0.019
INPE,False,10,233.0,652.81,-5.578,0.019
INPE,False,13,171.25,280.0,-9.358,0.736
INPE,False,13,171.25,280.0,-9.358,0.736
INPE,False,13,171.25,280.0,-9.358,0.736
INPE,False,13,171.25,280.0,-9.358,0.736
INPE,False,11,45.81,275.25,3.2,0.057
INPE,False,11,45.81,275.25,3.2,0.057
INPE,False,11,45.81,275.25,3.2,0.057
INPE,False,11,45.81,275.25,3.2,0.057
INPE,False,11,45.81,275.25,3.2,0.057
INPE,False,11,45.81,275.25,3.2,0.057
INPE,False,15,72.56,515.69,5.194,0.843
INPE,False,15,72.56,515.69,5.194,0.843
INPE,False,15,72.56,515.69,5.194,0.843
INPE,False,15,72.56,515.69,5.194,0.843
INPE,False,29,47.0,545.06,-3.281,0.015
INPE,False,29,47.0,545.06,-3.281,0.015
INPE,False,29,47.0,545.06,-3.281,0.015
INPE,False,29,47.0,545.06,-3.281,0.015
INPE,False,3,121.38,683.44,25.246,0.653
INPE,False,3,121.38,683.44,25.246,0.653
INPE,False,3,121.38,683.44,25.246,0.653
INPE,False,3,121.38,683.44,25.246,0.653
INPE,False,2,72.56,171.25,43.861,
INPE,False,2,72.56,171.25,43.861,
INPE,False,2,72.56,171.25,43.861,
INPE,False,2,72.56,171.25,43.861,
INPE,False,3,127.44,280.0,-23.897,0.997
INPE,False,3,127.44,280.0,-23.897,0.997
INPE,False,3,127.44,280.0,-23.897,0.997
INPE,False,3,127.44,280.0,-23.897,0.997
INPE,False,9,105.56,683.44,-6.131,0.025
INPE,False,9,105.56,683.44,-6.131,0.025
INPE,False,9,105.56,683.44,-6.131,0.025
INPE,False,9,105.56,683.44,-6.131,0.025
INPE,False,28,45.25,683.44,0.601,0.001
INPE,False,28,45.25,683.44,0.601,0.001
INPE,False,28,45.25,683.44,0.601,0.001
INPE,False,28,45.25,683.44,0.601,0.001
INPE,False,3,45.25,139.0,5.747,0.167
INPE,False,3,45.25,139.0,5.747,0.167
INPE,False,3,45.25,139.0,5.747,0.167
INPE,False,3,45.25,139.0,5.747,0.167
INPE,False,3,154.19,846.38,241.019,0.836
INPE,False,3,154.19,846.38,241.019,0.836
INPE,False,3,154.19,846.38,241.019,0.836
INPE,False,3,154.19,846.38,241.019,0.836
INPE,False,3,171.25,319.38,-14.717,0.783
INPE,False,3,171.25,319.38,-14.717,0.783
INPE,False,3,171.25,319.38,-14.717,0.783
INPE,False,3,171.25,319.38,-14.717,0.783
INPE,False,7,135.81,841.69,-78.91,0.58
INPE,False,7,135.81,841.69,-78.91,0.58
INPE,False,7,135.81,841.69,-78.91,0.58
INPE,False,7,135.81,841.69,-78.91,0.58
INPE,False,8,45.81,846.38,44.614,0.433
INPE,False,8,45.81,846.38,44.614,0.433
INPE,False,8,45.81,846.38,44.614,0.433
INPE,False,8,45.81,846.38,44.614,0.433
INPE,False,2,846.38,865.56,-3.198,
INPE,False,2,846.38,865.56,-3.198,
INPE,False,2,846.38,865.56,-3.198,
INPE,False,2,846.38,865.56,-3.198,
INPE,False,7,458.69,867.75,-1201.333,0.63
INPE,False,7,458.69,867.75,-1201.333,0.63
INPE,False,7,458.69,867.75,-1201.333,0.63
INPE,False,7,458.69,867.75,-1201.333,0.63
INPE,False,4,171.25,841.69,-93.062,0.763
INPE,False,4,171.25,841.69,-93.062,0.763
INPE,False,4,171.25,841.69,-93.062,0.763
INPE,False,4,171.25,841.69,-93.062,0.763
INPE,False,6,121.38,272.31,2.615,0.018
INPE,False,6,121.38,272.31,2.615,0.018
INPE,False,6,121.38,272.31,2.615,0.018
INPE,False,6,121.38,272.31,2.615,0.018
INPE,False,1,,,nan,nan
INPE,False,1,,,nan,nan
INPE,False,10,135.81,326.94,6.031,0.234
INPE,False,10,135.81,326.94,6.031,0.234
INPE,False,10,135.81,326.94,6.031,0.234
INPE,False,10,135.81,326.94,6.031,0.234
INPE,False,24,190.69,841.69,38.835,0.389
INPE,False,24,190.69,841.69,38.835,0.389
INPE,False,24,190.69,841.69,38.835,0.389
INPE,False,24,190.69,841.69,38.835,0.389
INPE,False,2,135.81,139.0,,
INPE,False,2,135.81,139.0,,
INPE,False,2,135.81,139.0,,
INPE,False,2,135.81,139.0,,
INPE,False,1,,,nan,nan
INPE,False,1,,,nan,nan
INPE,False,1,,,nan,nan
INPE,False,1,,,nan,nan
INPE,False,2,135.81,139.0,0.232,
INPE,False,2,135.81,139.0,0.232,
INPE,False,2,135.81,139.0,0.232,
INPE,False,2,135.81,139.0,0.232,
INPE,False,5,48.88,139.0,-5.192,0.985
INPE,False,5,48.88,139.0,-5.192,0.985
INPE,False,5,48.88,139.0,-5.192,0.985
INPE,False,5,48.88,139.0,-5.192,0.985
INPE,False,1,,,nan,nan
INPE,False,1,,,nan,nan
INPE,False,1,,,nan,nan
INPE,False,1,,,nan,nan
INPE,False,1,,,nan,nan
INPE,False,1,,,nan,nan
INPE,False,0,,,nan,nan
INPE,False,0,,,nan,nan
INPE,False,0,,,nan,nan
INPE,False,0,,,nan,nan
INPE,False,1,,,nan,nan
INPE,False,1,,,nan,nan
INPE,False,1,,,nan,nan
INPE,False,1,,,nan,nan
INPE,False,4,127.44,867.75,-142.143,0.988
INPE,False,4,127.44,867.75,-142.143,0.988
INPE,False,4,127.44,867.75,-142.143,0.988
INPE,False,4,127.44,867.75,-142.143,0.988
INPE,False,3,127.44,469.12,19.136,0.592
INPE,False,3,127.44,469.12,19.136,0.592
INPE,False,3,127.44,469.12,19.136,0.592
INPE,False,3,127.44,469.12,19.136,0.592
INPE,False,0,,,nan,nan
INPE,False,0,,,nan,nan
INPE,False,0,,,nan,nan
INPE,False,0,,,nan,nan
INPE,False,4,127.44,351.25,-29.367,0.74
INPE,False,4,127.44,351.25,-29.367,0.74
INPE,False,4,127.44,351.25,-29.367,0.74
INPE,False,4,127.44,351.25,-29.367,0.74
INPE,False,3,135.81,867.75,56.167,0.436
INPE,False,3,135.81,867.75,56.167,0.436
INPE,False,3,135.81,867.75,56.167,0.436
INPE,False,3,135.81,867.75,56.167,0.436
INPE,False,8,45.25,846.38,0.04,0.0
INPE,False,8,45.25,846.38,0.04,0.0
INPE,False,8,45.25,846.38,0.04,0.0
INPE,False,8,45.25,846.38,0.04,0.0
INPE,False,2,127.44,132.56,0.603,
INPE,False,2,127.44,132.56,0.603,
INPE,False,2,127.44,132.56,0.603,
INPE,False,2,127.44,132.56,0.603,
INPE,False,9,115.62,714.25,-4.181,0.008
INPE,False,9,115.62,714.25,-4.181,0.008
INPE,False,9,115.62,714.25,-4.181,0.008
INPE,False,9,115.62,714.25,-4.181,0.008
INPE,False,1,,,nan,nan
INPE,False,1,,,nan,nan
INPE,False,1,,,nan,nan
INPE,False,1,,,nan,nan
INPE,False,6,105.56,708.94,-4.992,0.014
INPE,False,6,105.56,708.94,-4.992,0.014
INPE,False,6,105.56,708.94,-4.992,0.014
INPE,False,6,105.56,708.94,-4.992,0.014
INPE,False,1,,,nan,nan
INPE,False,1,,,nan,nan
KASI,False,7,47.69,130.81,5.422,0.797
KASI,False,7,47.69,130.81,5.422,0.797
KASI,False,10,85.25,141.62,2.823,0.506
KASI,False,10,85.25,141.62,2.823,0.506
KASI,False,7,118.81,272.25,-31.103,0.994
KASI,False,7,118.81,272.25,-31.103,0.994
KASI,False,8,118.81,311.38,-2.394,0.015
KASI,False,8,118.81,311.38,-2.394,0.015
KASI,False,10,45.19,188.44,-1.049,0.031
KASI,False,10,45.19,188.44,-1.049,0.031
KASI,False,7,45.12,445.5,27.67,0.285
KASI,False,7,45.12,445.5,27.67,0.285
KASI,False,7,45.12,445.5,27.67,0.285
KASI,False,7,45.12,445.5,27.67,0.285
KASI,False,7,118.81,389.12,-29.083,0.65
KASI,False,7,118.81,389.12,-29.083,0.65
KASI,False,4,118.81,123.38,12.874,0.832
KASI,False,4,118.81,123.38,12.874,0.832
KASI,False,4,128.81,141.62,-40.999,0.813
KASI,False,4,128.81,141.62,-40.999,0.813
KASI,False,5,45.12,141.62,-5.727,0.079
KASI,False,5,45.12,141.62,-5.727,0.079
KASI,False,1,,,nan,nan
KASI,False,1,,,nan,nan
KASI,False,5,118.81,147.31,1.85,0.606
KASI,False,5,118.81,147.31,1.85,0.606
KASI,False,3,118.81,121.5,0.296,0.988
KASI,False,3,118.81,121.5,0.296,0.988
KASI,False,12,55.62,352.94,-6.791,0.214
KASI,False,12,55.62,352.94,-6.791,0.214
KASI,False,7,118.81,389.12,5.007,0.047
KASI,False,7,118.81,389.12,5.007,0.047
KASI,False,8,51.69,147.31,2.425,0.15
KASI,False,8,51.69,147.31,2.425,0.15
KASI,False,4,118.81,123.38,-0.266,0.023
KASI,False,4,118.81,123.38,-0.266,0.023
KASI,False,5,118.81,128.81,-1.065,0.804
KASI,False,5,118.81,128.81,-1.065,0.804
KASI,False,6,118.81,188.44,6.674,0.89
KASI,False,6,118.81,188.44,6.674,0.89
KASI,False,4,118.81,123.38,-1.299,0.28
KASI,False,4,118.81,123.38,-1.299,0.28
KASI,False,5,45.19,188.44,-3.614,0.14
KASI,False,5,45.19,188.44,-3.614,0.14
KASI,False,5,45.06,163.75,5.537,0.051
KASI,False,5,45.06,163.75,5.537,0.051
KASI,False,6,54.75,188.38,-2.096,0.064
KASI,False,6,54.75,188.38,-2.096,0.064
KASI,False,6,54.75,188.38,-2.096,0.064
KASI,False,6,54.75,188.38,-2.096,0.064
KASI,False,7,45.06,149.62,-1.647,0.051
KASI,False,7,45.06,149.62,-1.647,0.051
KASI,False,6,45.06,147.31,-1.233,0.026
KASI,False,6,45.06,147.31,-1.233,0.026
KASI,False,6,118.81,177.44,-3.218,0.431
KASI,False,6,118.81,177.44,-3.218,0.431
KASI,False,4,118.81,147.31,-2.792,0.986
KASI,False,4,118.81,147.31,-2.792,0.986
KASI,False,6,45.0,177.44,-7.372,0.625
KASI,False,6,45.0,177.44,-7.372,0.625
KASI,False,5,45.06,149.62,-3.057,0.006
KASI,False,5,45.06,149.62,-3.057,0.006
KASI,False,7,45.06,188.38,-1.114,0.01
KASI,False,7,45.06,188.38,-1.114,0.01
KASI,False,13,47.69,445.5,-7.335,0.074
KASI,False,13,47.69,445.5,-7.335,0.074
KASI,False,9,45.06,188.44,2.055,0.052
KASI,False,9,45.06,188.44,2.055,0.052
KASI,False,10,45.06,188.38,-2.294,0.026
KASI,False,10,45.06,188.38,-2.294,0.026
KASI,False,5,45.06,188.38,9.437,0.152
KASI,False,5,45.06,188.38,9.437,0.152
MRO,False,2,174.93,429.36,-72.697,
MRO,False,2,174.93,429.36,-72.697,
MRO,False,6,174.93,745.3,54.403,0.839
MRO,False,6,174.93,745.3,54.403,0.839
MRO,False,15,174.93,764.99,5.893,0.006
MRO,False,15,174.93,764.99,5.893,0.006
MRO,False,3,544.86,562.24,19.375,0.897
MRO,False,3,544.86,562.24,19.375,0.897
MRO,False,2,553.05,556.55,,
MRO,False,2,553.05,556.55,,
MRO,False,4,544.86,699.99,40.447,0.924
MRO,False,4,544.86,699.99,40.447,0.924
MRO,False,18,174.93,751.55,6.931,0.02
MRO,False,18,174.93,751.55,6.931,0.02
MRO,False,4,556.55,741.11,-13.303,0.109
MRO,False,4,556.55,741.11,-13.303,0.109
MRO,False,1,,,nan,nan
MRO,False,1,,,nan,nan
MRO,False,2,174.93,198.74,-15.875,
MRO,False,2,174.93,198.74,-15.875,
MRO,False,1,,,nan,nan
MRO,False,1,,,nan,nan
MRO,False,0,,,nan,nan
MRO,False,0,,,nan,nan
MRO,False,1,,,nan,nan
MRO,False,1,,,nan,nan
MRO,False,1,,,nan,nan
MRO,False,1,,,nan,nan
MRO,False,1,,,nan,nan
MRO,False,1,,,nan,nan
MRO,False,2,174.93,562.24,-64.552,
MRO,False,2,174.93,562.24,-64.552,
MRO,False,6,174.93,490.24,-62.711,0.969
MRO,False,6,174.93,490.24,-62.711,0.969
MRO,False,1,,,nan,nan
MRO,False,1,,,nan,nan
MRO,False,2,174.93,556.55,31.153,
MRO,False,2,174.93,556.55,31.153,
MRO,False,2,174.93,429.36,37.695,
MRO,False,2,174.93,429.36,37.695,
MRO,False,2,174.93,556.55,89.794,
MRO,False,2,174.93,556.55,89.794,
MRO,False,2,174.93,556.55,-63.604,
MRO,False,2,174.93,556.55,-63.604,
MRO,False,1,,,nan,nan
MRO,False,1,,,nan,nan
MRO,False,7,174.93,764.99,-5.669,0.006
MRO,False,7,174.93,764.99,-5.669,0.006
MRO,False,3,174.93,742.36,6.25,0.03
MRO,False,3,174.93,742.36,6.25,0.03
MRO,False,3,174.93,699.99,122.03,0.799
MRO,False,3,174.93,699.99,122.03,0.799
MRO,False,6,174.93,764.99,11.626,0.115
MRO,False,6,174.93,764.99,11.626,0.115
MRO,False,2,174.93,553.05,100.833,
MRO,False,2,174.93,553.05,100.833,
MRO,False,3,174.93,553.05,30.344,0.495
MRO,False,3,174.93,553.05,30.344,0.495
MRO,False,1,,,nan,nan
MRO,False,1,,,nan,nan
MRO,False,4,553.05,745.3,1.537,0.013
MRO,False,4,553.05,745.3,1.537,0.013
MRO,False,5,477.74,745.3,22.788,0.87
MRO,False,5,477.74,745.3,22.788,0.87
MRO,False,6,553.05,768.67,5.948,0.109
MRO,False,6,553.05,768.67,5.948,0.109
MRO,False,5,490.24,745.3,-5.133,0.091
MRO,False,5,490.24,745.3,-5.133,0.091
MRO,False,5,486.24,751.55,-17.773,0.283
MRO,False,5,486.24,751.55,-17.773,0.283
MRO,False,2,742.36,745.3,0.979,
MRO,False,2,742.36,745.3,0.979,
MRO,False,2,174.93,703.49,37.092,
MRO,False,2,174.93,703.49,37.092,
MRO,False,2,174.93,553.05,30.867,
MRO,False,2,174.93,553.05,30.867,
MRO,False,7,174.93,756.24,46.529,0.32
MRO,False,7,174.93,756.24,46.529,0.32
MRT1,False,1,,,nan,nan
MRT1,False,1,,,nan,nan
MRT1,False,3,45.0,143.0,-6.078,0.998
MRT1,False,3,45.0,143.0,-6.078,0.998
MRT1,False,1,,,nan,nan
MRT1,False,1,,,nan,nan
MRT1,False,0,,,nan,nan
MRT1,False,0,,,nan,nan
MRT1,False,9,45.0,105.19,-45.388,0.305
MRT1,False,9,45.0,105.19,-45.388,0.305
MRT1,False,9,45.0,105.19,-45.388,0.305
MRT1,False,9,45.0,105.19,-45.388,0.305
MRT1,False,0,,,nan,nan
MRT1,False,0,,,nan,nan
MRT1,False,4,65.31,95.44,-3.033,0.596
MRT1,False,4,65.31,95.44,-3.033,0.596
MRT1,False,14,45.0,109.25,0.339,0.008
MRT1,False,14,45.0,109.25,0.339,0.008
MRT1,False,14,45.0,109.25,0.791,0.035
MRT1,False,14,45.0,109.25,0.791,0.035
MRT1,False,1,,,nan,nan
MRT1,False,1,,,nan,nan
MRT1,False,1,,,nan,nan
MRT1,False,1,,,nan,nan
MRT1,False,1,,,nan,nan
MRT1,False,1,,,nan,nan
MRT1,False,0,,,nan,nan
MRT1,False,0,,,nan,nan
MRT1,False,10,45.0,105.19,0.979,0.078
MRT1,False,10,45.0,105.19,0.979,0.078
MRT1,False,18,45.0,147.94,-1.867,0.133
MRT1,False,18,45.0,147.94,-1.867,0.133
MRT1,False,6,54.44,79.69,-0.171,0.011
MRT1,False,6,54.44,79.69,-0.171,0.011
MRT1,False,13,45.0,128.88,2.102,0.076
MRT1,False,13,45.0,128.88,2.102,0.076
MRT1,False,14,45.0,109.25,-0.837,0.019
MRT1,False,14,45.0,109.25,-0.837,0.019
OOTY,False,14,46.19,104.44,-4.145,0.384
OOTY,False,14,46.19,104.44,-4.145,0.384
OOTY,False,14,46.19,104.44,-4.145,0.384
OOTY,False,14,46.19,104.44,-4.145,0.384
OOTY,False,26,45.25,267.81,-0.242,0.048
OOTY,False,26,45.25,267.81,-0.242,0.048
OOTY,False,26,45.25,267.81,-0.242,0.048
OOTY,False,26,45.25,267.81,-0.242,0.048
OOTY,False,16,45.75,165.56,-3.309,0.087
OOTY,False,16,45.75,165.56,-3.309,0.087
OOTY,False,16,45.75,165.56,-3.309,0.087
OOTY,False,16,45.75,165.56,-3.309,0.087
OOTY,False,12,45.75,129.69,3.958,0.111
OOTY,False,12,45.75,129.69,3.958,0.111
OOTY,False,12,45.75,129.69,3.958,0.111
OOTY,False,12,45.75,129.69,3.958,0.111
OOTY,False,15,46.19,163.44,-3.671,0.159
OOTY,False,15,46.19,163.44,-3.671,0.159
OOTY,False,15,46.19,163.44,-3.671,0.159
OOTY,False,15,46.19,163.44,-3.671,0.159
OOTY,False,15,46.19,163.44,-3.671,0.159
OOTY,False,15,46.19,163.44,-3.671,0.159
OOTY,False,15,46.19,163.44,-3.671,0.159
OOTY,False,15,46.19,163.44,-3.671,0.159
OOTY,False,20,46.56,170.56,-3.385,0.088
OOTY,False,20,46.56,170.56,-3.385,0.088
OOTY,False,20,46.56,170.56,-3.385,0.088
OOTY,False,20,46.56,170.56,-3.385,0.088
OOTY,False,30,46.81,160.94,1.565,0.039
OOTY,False,30,46.81,160.94,1.565,0.039
OOTY,False,30,46.81,160.94,1.565,0.039
OOTY,False,30,46.81,160.94,1.565,0.039
OOTY,False,53,46.56,214.31,5.187,0.272
OOTY,False,53,46.56,214.31,5.187,0.272
OOTY,False,53,46.56,214.31,5.187,0.272
OOTY,False,53,46.56,214.31,5.187,0.272
OOTY,False,34,46.06,197.19,-3.944,0.196
OOTY,False,34,46.06,197.19,-3.944,0.196
OOTY,False,34,46.06,197.19,-3.944,0.196
OOTY,False,34,46.06,197.19,-3.944,0.196
OOTY,True,40,45.25,275.31,-9.331,0.555
OOTY,True,40,45.25,275.31,-9.331,0.555
OOTY,True,40,45.25,275.31,-9.331,0.555
OOTY,True,40,45.25,275.31,-9.331,0.555
OOTY,False,43,45.75,197.19,3.545,0.143
OOTY,False,43,45.75,197.19,3.545,0.143
OOTY,False,43,45.75,197.19,3.545,0.143
OOTY,False,43,45.75,197.19,3.545,0.143
OOTY,False,38,46.81,165.56,-2.638,0.075
OOTY,False,38,46.81,165.56,-2.638,0.075
OOTY,False,38,46.81,165.56,-2.638,0.075
OOTY,False,38,46.81,165.56,-2.638,0.075
OOTY,False,27,46.81,157.81,-4.735,0.252
OOTY,False,27,46.81,157.81,-4.735,0.252
OOTY,False,27,46.81,157.81,-4.735,0.252
OOTY,False,27,46.81,157.81,-4.735,0.252
OOTY,False,29,45.75,433.25,-5.217,0.004
OOTY,False,29,45.75,433.25,-5.217,0.004
OOTY,False,29,45.75,433.25,-5.217,0.004
OOTY,False,29,45.75,433.25,-5.217,0.004
OOTY,False,33,45.25,165.56,-4.234,0.139
OOTY,False,33,45.25,165.56,-4.234,0.139
OOTY,False,33,45.25,165.56,-4.234,0.139
OOTY,False,33,45.25,165.56,-4.234,0.139
OOTY,False,58,45.0,418.56,1.533,0.052
OOTY,False,58,45.0,418.56,1.533,0.052
OOTY,False,58,45.0,418.56,1.533,0.052
OOTY,False,58,45.0,418.56,1.533,0.052
OOTY,False,143,45.0,433.25,-4.421,0.036
OOTY,False,143,45.0,433.25,-4.421,0.036
OOTY,False,143,45.0,433.25,-4.421,0.036
OOTY,False,143,45.0,433.25,-4.421,0.036
OOTY,False,72,45.25,366.56,3.915,0.06
OOTY,False,72,45.25,366.56,3.915,0.06
OOTY,False,72,45.25,366.56,3.915,0.06
OOTY,False,72,45.25,366.56,3.915,0.06
OOTY,False,35,46.06,226.06,6.603,0.233
OOTY,False,35,46.06,226.06,6.603,0.233
OOTY,False,35,46.06,226.06,6.603,0.233
OOTY,False,35,46.06,226.06,6.603,0.233
OOTY,False,28,46.81,129.69,2.093,0.068
OOTY,False,28,46.81,129.69,2.093,0.068
OOTY,False,28,46.81,129.69,2.093,0.068
OOTY,False,28,46.81,129.69,2.093,0.068
OOTY,False,48,45.75,366.69,-4.435,0.386
OOTY,False,48,45.75,366.69,-4.435,0.386
OOTY,False,48,45.75,366.69,-4.435,0.386
OOTY,False,48,45.75,366.69,-4.435,0.386
OSRA,False,8,150.0,450.31,37.012,0.764
OSRA,False,8,150.0,450.31,37.012,0.764
OSRA,False,9,150.0,455.31,23.938,0.714
OSRA,False,9,150.0,455.31,23.938,0.714
OSRA,False,8,406.81,455.31,8.004,0.529
OSRA,False,8,406.81,455.31,8.004,0.529
OSRA,False,6,406.81,446.0,,-0.0
OSRA,False,6,406.81,446.0,,-0.0
OSRA,False,10,150.0,446.0,83.732,0.665
OSRA,False,10,150.0,446.0,83.732,0.665
OSRA,False,5,414.56,446.0,,0.0
OSRA,False,5,414.56,446.0,,0.0
OSRA,False,7,414.56,804.69,38.709,0.917
OSRA,False,7,414.56,804.69,38.709,0.917
OSRA,False,7,414.56,804.69,38.709,0.917
OSRA,False,7,414.56,804.69,38.709,0.917
OSRA,False,7,150.0,450.31,-22.294,0.606
OSRA,False,7,150.0,450.31,-22.294,0.606
OSRA,False,6,150.0,446.0,-36.48,0.988
OSRA,False,6,150.0,446.0,-36.48,0.988
OSRA,False,6,406.81,446.0,-5.146,0.82
OSRA,False,6,406.81,446.0,-5.146,0.82
OSRA,False,7,385.69,684.12,10.451,0.259
OSRA,False,7,385.69,684.12,10.451,0.259
OSRA,False,9,406.81,494.5,-8.17,0.378
OSRA,False,9,406.81,494.5,-8.17,0.378
OSRA,False,9,406.81,566.06,-21.028,0.391
OSRA,False,9,406.81,566.06,-21.028,0.391
OSRA,False,8,150.0,450.31,-556.554,0.976
OSRA,False,8,150.0,450.31,-556.554,0.976
OSRA,False,8,406.81,489.88,-82.131,0.662
OSRA,False,8,406.81,489.88,-82.131,0.662
OSRA,False,7,406.81,450.31,-0.288,0.002
OSRA,False,7,406.81,450.31,-0.288,0.002
OSRA,False,6,406.81,446.0,10.81,0.486
OSRA,False,6,406.81,446.0,10.81,0.486
OSRA,False,7,406.81,450.31,6.232,0.334
OSRA,False,7,406.81,450.31,6.232,0.334
OSRA,False,8,176.5,446.0,11.032,0.019
OSRA,False,8,176.5,446.0,11.032,0.019
OSRA,False,8,176.5,446.0,11.032,0.019
OSRA,False,8,176.5,446.0,11.032,0.019
OSRA,False,6,406.81,446.0,,-0.0
OSRA,False,6,406.81,446.0,,-0.0
OSRA,False,9,150.0,450.31,91.705,0.589
OSRA,False,9,150.0,450.31,91.705,0.589
OSRA,False,6,150.0,446.0,-29.502,0.492
OSRA,False,6,150.0,446.0,-29.502,0.492
OSRA,False,6,406.81,446.0,205.398,0.486
OSRA,False,6,406.81,446.0,205.398,0.486
OSRA,False,6,406.81,446.0,-2.755,0.336
OSRA,False,6,406.81,446.0,-2.755,0.336
OSRA,False,7,406.81,450.31,4.334,0.498
OSRA,False,7,406.81,450.31,4.334,0.498
OSRA,False,5,406.81,438.38,1.559,0.132
OSRA,False,5,406.81,438.38,1.559,0.132
OSRA,False,8,150.0,446.0,91.535,0.99
OSRA,False,8,150.0,446.0,91.535,0.99
OSRA,False,8,150.0,446.0,91.535,0.99
OSRA,False,8,150.0,446.0,91.535,0.99
OSRA,False,8,150.0,450.31,25.335,0.25
OSRA,False,8,150.0,450.31,25.335,0.25
OSRA,False,7,150.0,425.38,31.272,0.999
OSRA,False,7,150.0,425.38,31.272,0.999
OSRA,False,9,150.0,438.38,-3.786,0.013
OSRA,False,9,150.0,438.38,-3.786,0.013
RCAG,False,1,,,nan,nan
RCAG,False,1,,,nan,nan
RCAG,False,4,410.94,422.12,-0.034,0.001
RCAG,False,4,410.94,422.12,-0.034,0.001
RCAG,False,4,410.94,422.12,-0.034,0.001
RCAG,False,4,410.94,422.12,-0.034,0.001
RCAG,False,2,416.5,420.0,0.56,
RCAG,False,2,416.5,420.0,0.56,
RCAG,False,6,415.0,423.19,-0.763,0.183
RCAG,False,6,415.0,423.19,-0.763,0.183
RCAG,False,3,410.94,421.38,1.182,0.808
RCAG,False,3,410.94,421.38,1.182,0.808
RCAG,False,1,,,nan,nan
RCAG,False,1,,,nan,nan
RCAG,False,2,416.5,421.38,-2.438,
RCAG,False,2,416.5,421.38,-2.438,
RCAG,False,2,265.12,416.5,-17.3,
RCAG,False,2,265.12,416.5,-17.3,
RCAG,False,0,,,nan,nan
RCAG,False,0,,,nan,nan
RCAG,False,2,420.0,421.38,,
RCAG,False,2,420.0,421.38,,
RCAG,False,0,,,nan,nan
RCAG,False,0,,,nan,nan
RCAG,False,4,415.0,421.38,-0.342,0.527
RCAG,False,4,415.0,421.38,-0.342,0.527
RCAG,False,3,416.5,421.38,0.493,0.925
RCAG,False,3,416.5,421.38,0.493,0.925
RCAG,False,0,,,nan,nan
RCAG,False,0,,,nan,nan
RCAG,False,1,,,nan,nan
RCAG,False,1,,,nan,nan
RCAG,False,2,290.81,416.5,-35.911,
RCAG,False,2,290.81,416.5,-35.911,
RCAG,False,1,,,nan,nan
RCAG,False,1,,,nan,nan
RCAG,False,1,,,nan,nan
RCAG,False,1,,,nan,nan
RCAG,False,1,,,nan,nan
RCAG,False,1,,,nan,nan
RCAG,False,3,416.5,421.38,0.985,0.925
RCAG,False,3,416.5,421.38,0.985,0.925
RCAG,False,3,416.5,421.38,-18.624,0.993
RCAG,False,3,416.5,421.38,-18.624,0.993
RCAG,False,2,416.5,421.38,0.591,
RCAG,False,2,416.5,421.38,0.591,
RCAG,False,1,,,nan,nan
RCAG,False,1,,,nan,nan
RCAG,False,2,416.5,416.94,-0.25,
RCAG,False,2,416.5,416.94,-0.25,
RCAG,False,5,390.12,421.38,0.955,0.038
RCAG,False,5,390.12,421.38,0.955,0.038
RCAG,False,5,390.12,422.12,3.571,0.661
RCAG,False,5,390.12,422.12,3.571,0.661
RCAG,False,5,404.75,422.12,2.263,0.433
RCAG,False,5,404.75,422.12,2.263,0.433
RCAG,False,5,390.12,422.12,-3.12,0.991
RCAG,False,5,390.12,422.12,-3.12,0.991
RCAG,False,4,404.75,422.12,-1.553,0.655
RCAG,False,4,404.75,422.12,-1.553,0.655
RCAG,False,5,406.25,422.12,0.965,0.933
RCAG,False,5,406.25,422.12,0.965,0.933
RCAG,False,1,,,nan,nan
RCAG,False,1,,,nan,nan
RCAG,False,3,411.38,423.19,-5.798,0.731
RCAG,False,3,411.38,423.19,-5.798,0.731
RCAG,False,2,416.5,420.0,-0.5,
RCAG,False,2,416.5,420.0,-0.5,
RCAG,False,5,401.19,422.12,-0.187,0.005
RCAG,False,5,401.19,422.12,-0.187,0.005
RCAG,False,2,416.5,420.0,0.5,
RCAG,False,2,416.5,420.0,0.5,
RCAG,False,4,415.0,436.88,-1.9,0.988
RCAG,False,4,415.0,436.88,-1.9,0.988
RCAG,False,9,235.0,440.0,114.194,0.216
RCAG,False,9,235.0,440.0,114.194,0.216
RCAG,False,7,235.0,440.0,8.341,0.311
RCAG,False,7,235.0,440.0,8.341,0.311
RCAG,False,0,,,nan,nan
RCAG,False,0,,,nan,nan
RCAG,False,6,401.19,420.0,-2.144,0.958
RCAG,False,6,401.19,420.0,-2.144,0.958
RCAG,False,9,399.25,423.19,0.449,0.051
RCAG,False,9,399.25,423.19,0.449,0.051
RCAG,False,7,399.25,423.19,-1.873,0.855
RCAG,False,7,399.25,423.19,-1.873,0.855
RCAG,False,1,,,nan,nan
RCAG,False,1,,,nan,nan
RCAG,False,4,404.75,434.62,-5.322,0.998
RCAG,False,4,404.75,434.62,-5.322,0.998
RCAG,False,2,420.0,423.19,0.336,
RCAG,False,2,420.0,423.19,0.336,
RCAG,False,2,410.94,423.19,6.125,
RCAG,False,2,410.94,423.19,6.125,
RCAG,False,1,,,nan,nan
RCAG,False,1,,,nan,nan
RCAG,False,2,400.38,434.62,-2.686,
RCAG,False,2,400.38,434.62,-2.686,
RCAG,False,3,410.94,416.5,-0.175,0.221
RCAG,False,3,410.94,416.5,-0.175,0.221
RCAG,False,3,400.38,416.5,-1.382,0.783
RCAG,False,3,400.38,416.5,-1.382,0.783
RCAG,False,2,401.19,401.81,0.069,
RCAG,False,2,401.19,401.81,0.069,
RCAG,False,0,,,nan,nan
RCAG,False,0,,,nan,nan
RCAG,False,2,410.94,416.5,11.124,
RCAG,False,2,410.94,416.5,11.124,
RCAG,False,2,265.88,423.19,-314.626,
RCAG,False,2,265.88,423.19,-314.626,
RCAG,False,1,,,nan,nan
RCAG,False,1,,,nan,nan
RCAG,False,2,400.38,434.62,-5.074,
RCAG,False,2,400.38,434.62,-5.074,
RCAG,False,0,,,nan,nan
RCAG,False,0,,,nan,nan
RCAG,False,1,,,nan,nan
RCAG,False,1,,,nan,nan
RCAG,False,3,251.31,434.62,-12.999,0.996
RCAG,False,3,251.31,434.62,-12.999,0.996
RCAG,False,1,,,nan,nan
RCAG,False,1,,,nan,nan
RCAG,False,3,406.25,434.62,1.649,0.827
RCAG,False,3,406.25,434.62,1.649,0.827
RCAG,False,0,,,nan,nan
RCAG,False,0,,,nan,nan
RCAG,False,1,,,nan,nan
RCAG,False,1,,,nan,nan
RCAG,False,0,,,nan,nan
RCAG,False,0,,,nan,nan
RCAG,False,1,,,nan,nan
RCAG,False,1,,,nan,nan
RCAG,False,2,401.19,410.94,-39.0,
RCAG,False,2,401.19,410.94,-39.0,
RCAG,False,2,392.19,434.62,7.073,
RCAG,False,2,392.19,434.62,7.073,
RCAG,False,1,,,nan,nan
RCAG,False,1,,,nan,nan
RCAG,False,0,,,nan,nan
RCAG,False,0,,,nan,nan
RCAG,False,1,,,nan,nan
RCAG,False,1,,,nan,nan
RCAG,False,1,,,nan,nan
RCAG,False,1,,,nan,nan
RCAG,False,0,,,nan,nan
RCAG,False,0,,,nan,nan
RCAG,False,0,,,nan,nan
RCAG,False,0,,,nan,nan
RCAG,False,1,,,nan,nan
RCAG,False,1,,,nan,nan
RCAG,False,0,,,nan,nan
RCAG,False,0,,,nan,nan
RCAG,False,0,,,nan,nan
RCAG,False,0,,,nan,nan
RCAG,False,1,,,nan,nan
RCAG,False,1,,,nan,nan
RCAG,False,1,,,nan,nan
RCAG,False,1,,,nan,nan
RCAG,False,1,,,nan,nan
RCAG,False,1,,,nan,nan
RCAG,False,1,,,nan,nan
RCAG,False,1,,,nan,nan
