name,epoch,obs_id,band,epoch_mjd,i_mjy,e_i,v_mjy,e_v,offset_arcsec,note
GCRT J1745-3009,mid,ASKAP-20442,mid,59211.2,-0.1453,0.5692,-0.1014,0.4571,0.91,
GCRT J1745-3009,mid,ASKAP-20443,mid,59211.2,nan,nan,nan,nan,nan,
GCRT J1745-3009,mid,ASKAP-21301,mid,59228.1,-0.5299,0.3874,-0.4817,0.2557,1.36,
GCRT J1745-3009,mid,ASKAP-22634,mid,59253.1,-0.0507,0.4348,-0.6016,0.3753,0.91,
GCRT J1745-3009,mid,ASKAP-35702,mid,59590.1,0.2577,0.5919,-0.2780,0.5714,0.63,
GCRT J1745-3009,mid,ASKAP-36292,mid,59601.1,-0.3821,0.3185,0.2184,0.2709,0.56,
GCRT J1745-3009,mid,ASKAP-36711,mid,59609.0,nan,nan,nan,nan,nan,
GCRT J1745-3009,low,ASKAP-39147,low,59677.9,-1.3435,0.9679,-0.4100,0.3094,0.56,
GCRT J1745-3009,low,ASKAP-40872,low,59721.7,-0.3054,0.8279,-0.0242,0.3672,0.56,
GCRT J1745-3009,low,ASKAP-56226,low,60307.2,nan,nan,nan,nan,nan,
GCRT J1745-3009,low,ASKAP-56227,low,60307.2,0.0266,0.7705,0.0971,0.3634,1.06,
GCRT J1745-3009,low,ASKAP-56228,low,60307.2,-1.2789,1.0247,0.3620,0.7872,0.97,
GCRT J1745-3009,low,ASKAP-56961,low,60317.1,-0.6340,0.7327,0.3193,0.3924,1.12,
GCRT J1745-3009,low,ASKAP-58007,low,60336.1,-0.8687,0.8861,0.0646,0.3670,1.06,
GCRT J1745-3009,low,ASKAP-58082,low,60337.1,-0.4947,0.6799,-0.9155,0.3351,1.09,
GCRT J1745-3009,mid,ASKAP-67305,mid,60613.3,nan,nan,nan,nan,nan,
GCRT J1745-3009,mid,ASKAP-67351,mid,60614.3,-0.2953,0.4685,0.1635,0.3120,1.35,
GCRT J1745-3009,mid,ASKAP-68314,mid,60635.3,-0.9308,0.4980,-0.7170,0.4498,0.94,
GLEAM-X J162759.5-523504.3,mid,ASKAP-20438,mid,59211.1,-0.0798,0.3296,-0.1008,0.1695,0.61,
GLEAM-X J162759.5-523504.3,mid,ASKAP-22353,mid,59247.0,-1.3091,1.1484,-0.5619,1.0825,0.42,
GLEAM-X J162759.5-523504.3,mid,ASKAP-36492,mid,59605.0,nan,nan,nan,nan,nan,
GLEAM-X J162759.5-523504.3,mid,ASKAP-36606,mid,59607.0,0.2085,0.2237,0.1127,0.1978,0.90,
GLEAM-X J162759.5-523504.3,low,ASKAP-39179,low,59678.8,0.2898,1.4142,0.7134,0.6123,0.71,
GLEAM-X J162759.5-523504.3,low,ASKAP-39180,low,59678.8,-0.2607,0.9854,-0.2479,0.2352,0.90,
GLEAM-X J162759.5-523504.3,low,ASKAP-58916,low,60349.9,-0.7935,1.5153,0.0106,0.7058,0.83,
GLEAM-X J162759.5-523504.3,low,ASKAP-58917,low,60349.9,0.8716,1.3750,-0.4679,0.6817,1.28,
GLEAM-X J162759.5-523504.3,low,ASKAP-58922,low,60350.0,0.1329,1.1119,0.0118,0.1945,0.48,
GLEAM-X J162759.5-523504.3,mid,ASKAP-66934,mid,60605.3,0.1578,1.2587,1.1416,1.1702,0.45,
GLEAM-X J162759.5-523504.3,mid,ASKAP-68310,mid,60635.2,-0.2202,0.2762,0.0255,0.1866,0.60,
GPM J1839-10,mid,ASKAP-22155,mid,59243.1,-0.0299,0.1855,0.1257,0.1489,0.28,
GPM J1839-10,mid,ASKAP-37154,mid,59615.1,-0.4314,0.2025,-0.0229,0.1720,0.73,
GPM J1839-10,low,ASKAP-39149,low,59677.9,-0.0374,0.2293,0.3167,0.2046,0.65,
GPM J1839-10,low,ASKAP-40874,low,59721.8,1.4714,0.2260,0.1561,0.2070,0.65,
GPM J1839-10,low,ASKAP-56614,low,60312.2,-0.4392,0.1952,0.2766,0.1835,0.29,
GPM J1839-10,low,ASKAP-56964,low,60317.2,nan,nan,nan,nan,nan,
GPM J1839-10,low,ASKAP-57011,low,60318.2,nan,nan,nan,nan,nan,
GPM J1839-10,low,ASKAP-57928,low,60335.1,nan,nan,nan,nan,nan,
GPM J1839-10,low,ASKAP-57929,low,60335.1,-0.0138,0.1916,0.0251,0.1900,0.29,
GPM J1839-10,low,ASKAP-59067,low,60352.1,2.6481,0.2018,-0.2230,0.1711,0.29,
GPM J1839-10,mid,ASKAP-67354,mid,60614.4,nan,nan,nan,nan,nan,
GPM J1839-10,mid,ASKAP-67982,mid,60628.3,0.2126,0.2072,-0.2650,0.1980,0.27,
ASKAP J1935+2148,mid,ASKAP-21628,mid,59234.2,0.2197,0.2661,-0.1187,0.2025,1.27,
ASKAP J1935+2148,mid,ASKAP-29427,mid,59425.6,0.3596,0.4847,0.1765,0.4335,1.20,
ASKAP J1935+2148,mid,ASKAP-35239,mid,59582.2,0.3534,0.2169,-0.2464,0.2227,0.46,
ASKAP J1935+2148,mid,ASKAP-35240,mid,59582.3,nan,nan,nan,nan,nan,
ASKAP J1935+2148,low,ASKAP-38574,low,59663.9,0.2884,0.4241,0.1379,0.3240,1.12,
ASKAP J1935+2148,low,ASKAP-38575,low,59664.0,0.1735,0.2605,0.0967,0.1809,0.88,
ASKAP J1935+2148,low,ASKAP-45188,low,59880.4,nan,nan,nan,nan,nan,
ASKAP J1935+2148,low,ASKAP-45258,low,59881.4,nan,nan,nan,nan,nan,
ASKAP J1935+2148,low,ASKAP-45263,low,59881.4,0.3488,0.4270,0.3593,0.2410,0.90,
ASKAP J1935+2148,low,ASKAP-56158,low,60306.2,0.0568,0.2423,0.1812,0.1580,1.09,
ASKAP J1935+2148,low,ASKAP-56159,low,60306.3,-0.5075,0.3808,0.2165,0.2972,1.38,
ASKAP J1935+2148,low,ASKAP-56386,low,60309.2,0.0625,0.7128,0.1050,0.5842,1.03,
ASKAP J1935+2148,low,ASKAP-56545,low,60311.2,nan,nan,nan,nan,nan,
ASKAP J1935+2148,mid,ASKAP-67426,mid,60616.4,1.0549,0.7895,1.6914,0.7593,1.20,
ASKAP J1935+2148,mid,ASKAP-67461,mid,60617.4,-0.1923,0.2750,-0.1095,0.2204,1.27,
ASKAP J1935+2148,mid,ASKAP-67462,mid,60617.4,nan,nan,nan,nan,nan,
ASKAP J1935+2148,mid,ASKAP-67707,mid,60622.4,nan,nan,nan,nan,nan,
ASKAP J1935+2148,mid,ASKAP-69290,mid,60658.3,-0.3182,0.6990,-0.3972,0.6904,1.16,
CHIME J0630+25,mid,ASKAP-20839,mid,59218.6,0.1666,0.2858,0.3321,0.2906,0.63,
CHIME J0630+25,mid,ASKAP-21173,mid,59225.6,-0.0325,0.2092,0.0795,0.1712,0.99,
CHIME J0630+25,mid,ASKAP-34956,mid,59577.7,-0.4638,0.5500,0.5371,0.5173,0.66,
CHIME J0630+25,mid,ASKAP-35057,mid,59579.7,-0.0627,0.1877,-0.1525,0.1682,0.32,
CHIME J0630+25,low,ASKAP-38722,low,59668.4,0.2298,0.5073,-0.0961,0.4144,1.05,
CHIME J0630+25,low,ASKAP-38878,low,59673.4,0.2829,0.1830,0.2865,0.1417,1.24,
CHIME J0630+25,low,ASKAP-40160,low,59702.3,0.1570,0.1987,-0.2476,0.1513,1.25,
CHIME J0630+25,low,ASKAP-55773,low,60301.7,nan,nan,nan,nan,nan,
CHIME J0630+25,low,ASKAP-55774,low,60301.7,0.7025,0.2760,-0.1759,0.1933,1.20,
CHIME J0630+25,low,ASKAP-55853,low,60302.7,0.7496,0.3065,0.1506,0.1383,1.20,
CHIME J0630+25,mid,ASKAP-67027,mid,60606.9,-0.4004,0.3697,-0.4085,0.3568,0.65,
CHIME J0630+25,mid,ASKAP-67320,mid,60613.8,nan,nan,nan,nan,nan,
CHIME J0630+25,mid,ASKAP-67321,mid,60613.9,0.3543,0.2267,0.1113,0.2041,1.00,
CHIME J0630+25,mid,ASKAP-75533,mid,60896.1,0.3153,0.3752,0.1046,0.3854,0.65,
ASKAP J183244.5-091121,mid,ASKAP-22155,mid,59243.1,0.1876,0.3201,0.1466,0.1798,0.37,
ASKAP J183244.5-091121,mid,ASKAP-37154,mid,59615.1,-0.2694,0.2470,0.1478,0.1911,0.77,
ASKAP J183244.5-091121,low,ASKAP-39028,low,59675.9,0.4357,0.6032,0.6190,0.3424,1.60,
ASKAP J183244.5-091121,low,ASKAP-39029,low,59675.9,nan,nan,nan,nan,nan,
ASKAP J183244.5-091121,low,ASKAP-39149,low,59677.9,-0.3382,0.6197,0.1938,0.3678,0.51,
ASKAP J183244.5-091121,low,ASKAP-40874,low,59721.8,-0.0348,0.8513,0.3179,0.4107,0.51,
ASKAP J183244.5-091121,low,ASKAP-56614,low,60312.2,-0.7088,0.5346,0.1581,0.2095,0.80,
ASKAP J183244.5-091121,low,ASKAP-56676,low,60313.2,nan,nan,nan,nan,nan,
ASKAP J183244.5-091121,low,ASKAP-57929,low,60335.1,-0.4522,0.5061,-0.0476,0.2058,0.80,
ASKAP J183244.5-091121,low,ASKAP-59067,low,60352.1,-0.9029,0.5449,-0.2194,0.2125,0.80,
ASKAP J183244.5-091121,mid,ASKAP-67982,mid,60628.3,0.1437,0.3130,-0.1102,0.2326,0.36,
GLEAM-X J0704-37,mid,ASKAP-21958,mid,59239.6,0.0781,0.1549,0.0177,0.1387,0.63,
GLEAM-X J0704-37,mid,ASKAP-35743,mid,59590.7,-0.0572,0.2033,0.1967,0.2046,0.31,
GLEAM-X J0704-37,low,ASKAP-39402,low,59683.4,-0.0901,0.1299,0.2817,0.1212,0.07,
GLEAM-X J0704-37,low,ASKAP-56772,low,60314.7,0.0340,0.1508,0.0184,0.1347,1.15,
GLEAM-X J0704-37,low,ASKAP-56773,low,60314.7,nan,nan,nan,nan,nan,
GLEAM-X J0704-37,mid,ASKAP-67436,mid,60616.9,0.1046,0.1685,-0.0672,0.1564,0.63,
ASKAP J183950.5-075635,mid,ASKAP-22155,mid,59243.1,0.1693,0.2209,-0.3012,0.1642,0.80,
ASKAP J183950.5-075635,mid,ASKAP-37154,mid,59615.1,-0.0727,0.2245,0.2359,0.2090,0.89,
ASKAP J183950.5-075635,low,ASKAP-39028,low,59675.9,-0.0321,0.9430,1.3557,0.8412,1.00,
ASKAP J183950.5-075635,low,ASKAP-39029,low,59675.9,-0.0395,0.3395,0.2062,0.2345,0.78,
ASKAP J183950.5-075635,low,ASKAP-56614,low,60312.2,-0.1465,0.3208,0.0429,0.1957,0.53,
ASKAP J183950.5-075635,low,ASKAP-56677,low,60313.2,0.1090,1.4165,-0.6249,1.0858,0.73,
ASKAP J183950.5-075635,low,ASKAP-57929,low,60335.1,164.0265,0.7667,65.1507,0.3265,0.53,
ASKAP J183950.5-075635,low,ASKAP-58009,low,60336.1,-0.4287,1.2270,-0.3712,1.1533,0.77,
ASKAP J183950.5-075635,low,ASKAP-59067,low,60352.1,0.3679,0.3123,-0.3732,0.2115,0.53,
ASKAP J183950.5-075635,mid,ASKAP-67982,mid,60628.3,-0.3196,0.2196,0.0938,0.1973,0.78,
ASKAP J144834-685644,mid,ASKAP-24633,mid,59287.9,-0.1886,0.2005,-0.3119,0.1877,1.20,
ASKAP J144834-685644,mid,ASKAP-24691,mid,59288.8,nan,nan,nan,nan,nan,
ASKAP J144834-685644,mid,ASKAP-33644,mid,59536.1,-0.1194,0.5167,-1.7055,0.5045,1.08,
ASKAP J144834-685644,mid,ASKAP-36751,mid,59609.9,0.5186,1.1976,-0.8793,1.2060,0.74,
ASKAP J144834-685644,mid,ASKAP-36754,mid,59610.0,-0.3868,0.1758,-0.2006,0.1880,0.21,
ASKAP J144834-685644,mid,ASKAP-37100,mid,59613.9,0.1359,0.2012,0.3339,0.1803,0.65,
ASKAP J144834-685644,mid,ASKAP-37229,mid,59616.9,nan,nan,nan,nan,nan,
ASKAP J144834-685644,mid,ASKAP-37889,mid,59642.8,-0.0695,0.1918,0.2802,0.1650,1.05,
ASKAP J144834-685644,low,ASKAP-39319,low,59681.7,0.1774,0.1522,0.1487,0.1551,1.10,
ASKAP J144834-685644,low,ASKAP-39320,low,59681.7,0.1802,0.1704,-0.1559,0.1333,1.27,
ASKAP J144834-685644,low,ASKAP-39421,low,59683.8,-0.0963,0.4049,0.0363,0.4251,1.22,
ASKAP J144834-685644,low,ASKAP-58064,low,60336.9,-0.0320,0.2851,0.1805,0.2701,1.43,
ASKAP J144834-685644,low,ASKAP-58065,low,60336.9,0.2720,0.1903,0.1101,0.1763,1.45,
ASKAP J144834-685644,low,ASKAP-58227,low,60338.9,nan,nan,nan,nan,nan,
ASKAP J144834-685644,low,ASKAP-58912,low,60349.9,-0.0867,0.1975,0.2561,0.1599,0.72,
ASKAP J144834-685644,low,ASKAP-58913,low,60349.9,nan,nan,nan,nan,nan,
ASKAP J144834-685644,mid,ASKAP-69341,mid,60659.0,2.0434,0.7619,0.0986,0.7164,1.08,
ASKAP J144834-685644,mid,ASKAP-69385,mid,60660.0,0.2486,0.2033,0.0492,0.2191,1.05,
ASKAP J144834-685644,mid,ASKAP-75735,mid,60900.4,0.2244,0.1812,-0.1232,0.1860,1.20,
ASKAP J144834-685644,mid,ASKAP-75817,mid,60901.4,nan,nan,nan,nan,nan,
CHIME J1634+44,mid,ASKAP-20174,mid,59204.1,nan,nan,nan,nan,nan,
CHIME J1634+44,mid,ASKAP-20175,mid,59204.1,-0.1026,0.2153,0.2024,0.1814,0.74,
CHIME J1634+44,mid,ASKAP-20176,mid,59204.1,nan,nan,nan,nan,nan,
CHIME J1634+44,mid,ASKAP-20481,mid,59212.1,-0.4355,0.6397,-0.0317,0.5181,0.89,
CHIME J1634+44,mid,ASKAP-25655,mid,59307.8,nan,nan,nan,nan,nan,
CHIME J1634+44,mid,ASKAP-34762,mid,59574.1,-0.8074,0.3600,-0.2098,0.2729,0.28,
CHIME J1634+44,mid,ASKAP-34763,mid,59574.1,nan,nan,nan,nan,nan,
CHIME J1634+44,mid,ASKAP-34858,mid,59576.1,-0.0661,0.8810,0.3123,0.7422,0.75,
CHIME J1634+44,mid,ASKAP-34975,mid,59578.1,nan,nan,nan,nan,nan,
CHIME J1634+44,low,ASKAP-38388,low,59658.9,-0.4862,0.1532,-0.3998,0.1374,1.24,
CHIME J1634+44,low,ASKAP-55725,low,60301.2,-0.9009,0.5804,0.6888,0.4375,1.19,
CHIME J1634+44,low,ASKAP-55808,low,60302.1,-0.3301,0.3579,0.3446,0.2431,0.85,
CHIME J1634+44,low,ASKAP-57719,low,60329.0,1.7140,0.8530,0.6681,0.6816,0.87,
CHIME J1634+44,low,ASKAP-57720,low,60329.0,-0.1433,0.2391,-0.2792,0.1854,0.79,
CHIME J1634+44,low,ASKAP-60443,low,60396.8,0.8100,0.6527,-0.3097,0.6313,0.87,
CHIME J1634+44,low,ASKAP-60444,low,60396.8,0.5281,0.3324,0.0083,0.2489,0.85,
CHIME J1634+44,low,ASKAP-60925,low,60406.8,-0.7777,0.5785,-0.0850,0.4573,1.19,
CHIME J1634+44,low,ASKAP-60926,low,60406.8,0.4757,0.2265,0.1119,0.1703,0.79,
CHIME J1634+44,mid,ASKAP-66813,mid,60602.3,nan,nan,nan,nan,nan,
CHIME J1634+44,mid,ASKAP-66814,mid,60602.3,-0.3055,0.2481,0.2190,0.2745,0.74,
CHIME J1634+44,mid,ASKAP-66815,mid,60602.3,0.3893,0.5061,-0.0346,0.4848,0.89,
CHIME J1634+44,mid,ASKAP-74152,mid,60816.7,nan,nan,nan,nan,nan,failed: RuntimeError
ASKAP J175534.9-252749.1,mid,ASKAP-21301,mid,59228.1,-0.2591,0.4969,-0.4087,0.4127,0.84,
ASKAP J175534.9-252749.1,mid,ASKAP-21437,mid,59231.1,-0.1073,0.2161,0.4193,0.1830,0.40,
ASKAP J175534.9-252749.1,mid,ASKAP-35703,mid,59590.2,-0.2488,0.1908,-0.0529,0.1824,0.30,
ASKAP J175534.9-252749.1,mid,ASKAP-36292,mid,59601.1,-0.2881,0.5057,0.5938,0.4871,0.94,
ASKAP J175534.9-252749.1,low,ASKAP-39097,low,59676.8,-0.0407,0.7221,-0.1506,0.6263,1.06,
ASKAP J175534.9-252749.1,low,ASKAP-39099,low,59676.9,0.4466,0.4162,-0.1201,0.3275,0.37,
ASKAP J175534.9-252749.1,low,ASKAP-56227,low,60307.2,0.3876,0.4754,-0.2750,0.3941,1.07,
ASKAP J175534.9-252749.1,low,ASKAP-56613,low,60312.2,nan,nan,nan,nan,nan,
ASKAP J175534.9-252749.1,low,ASKAP-56962,low,60317.1,0.1216,0.3380,0.0793,0.2682,1.04,
ASKAP J175534.9-252749.1,low,ASKAP-57926,low,60335.1,-0.1863,0.3228,-0.1623,0.2543,1.04,
ASKAP J175534.9-252749.1,low,ASKAP-58007,low,60336.1,-0.3228,0.4320,-0.4696,0.3706,1.07,
ASKAP J175534.9-252749.1,mid,ASKAP-67351,mid,60614.3,-0.4584,0.4527,0.2027,0.4243,0.82,
ASKAP J175534.9-252749.1,mid,ASKAP-67352,mid,60614.4,nan,nan,nan,nan,nan,
ASKAP J175534.9-252749.1,mid,ASKAP-67980,mid,60628.3,0.3644,0.2455,0.1313,0.2229,0.41,
ASKAP J174508.9-505149,mid,ASKAP-20398,mid,59210.1,21.5897,0.1985,-3.2450,0.1500,0.73,
ASKAP J174508.9-505149,mid,ASKAP-36611,mid,59607.1,-0.0060,0.2240,0.0790,0.1704,0.77,
ASKAP J174508.9-505149,low,ASKAP-38330,low,59656.9,0.0960,0.1966,0.0726,0.1330,0.28,
ASKAP J174508.9-505149,low,ASKAP-58242,low,60339.1,0.3331,0.2195,-0.1673,0.1377,1.69,
ASKAP J174508.9-505149,mid,ASKAP-69439,mid,60661.2,0.0631,0.2016,0.4578,0.1876,0.73,
ASKAP J142431.2-612611,mid,ASKAP-22350,mid,59246.9,0.0263,0.1845,-0.0125,0.1569,0.86,
ASKAP J142431.2-612611,mid,ASKAP-37145,mid,59614.9,-0.1416,0.2067,-0.2823,0.2029,0.46,
ASKAP J142431.2-612611,low,ASKAP-39216,low,59679.7,0.2463,0.2461,-0.1315,0.2659,0.92,
ASKAP J142431.2-612611,low,ASKAP-39468,low,59684.7,0.3004,0.4364,-0.3964,0.3683,1.20,
ASKAP J142431.2-612611,low,ASKAP-58063,low,60336.9,nan,nan,nan,nan,nan,
ASKAP J142431.2-612611,low,ASKAP-58066,low,60336.9,0.3389,0.1973,-0.0148,0.1612,1.25,
ASKAP J142431.2-612611,low,ASKAP-58227,low,60338.9,nan,nan,nan,nan,nan,
ASKAP J142431.2-612611,mid,ASKAP-69166,mid,60656.0,-0.0911,0.1906,-0.1550,0.1891,0.87,
ASKAP J165130.3-450520,mid,ASKAP-20439,mid,59211.1,0.0413,0.2269,0.4300,0.1743,0.43,
ASKAP J165130.3-450520,mid,ASKAP-36607,mid,59607.0,0.3118,0.2203,-0.2854,0.1947,0.44,
ASKAP J165130.3-450520,low,ASKAP-39181,low,59678.9,0.1827,0.3463,-0.3775,0.2356,1.16,
ASKAP J165130.3-450520,low,ASKAP-56959,low,60317.1,1.1965,1.1951,0.3964,1.0399,0.34,
ASKAP J165130.3-450520,low,ASKAP-57008,low,60318.1,nan,nan,nan,nan,nan,
ASKAP J165130.3-450520,low,ASKAP-58239,low,60339.0,-0.7519,1.0479,0.7215,0.8440,0.34,
ASKAP J165130.3-450520,low,ASKAP-58240,low,60339.0,0.2466,0.2929,0.0813,0.2369,0.44,
ASKAP J165130.3-450520,mid,ASKAP-68311,mid,60635.2,3.6150,0.2412,2.4368,0.2054,0.44,
ASKAP J170036.6-445758,mid,ASKAP-20313,mid,59208.2,0.0477,0.2381,-0.0632,0.2338,1.05,
ASKAP J170036.6-445758,mid,ASKAP-20439,mid,59211.1,-0.0679,0.2893,-0.2454,0.2795,0.69,
ASKAP J170036.6-445758,mid,ASKAP-36607,mid,59607.0,0.6957,0.3737,0.3791,0.3705,0.87,
ASKAP J170036.6-445758,mid,ASKAP-36661,mid,59608.1,0.2763,0.2518,0.4952,0.2237,0.41,
ASKAP J170036.6-445758,low,ASKAP-39144,low,59677.8,0.9435,0.2791,-0.3178,0.2804,1.15,
ASKAP J170036.6-445758,low,ASKAP-39181,low,59678.9,-0.4880,0.3294,-0.1013,0.2644,1.45,
ASKAP J170036.6-445758,low,ASKAP-41100,low,59729.7,0.1125,0.2842,-0.3338,0.2861,1.19,
ASKAP J170036.6-445758,low,ASKAP-56959,low,60317.1,-1.2849,0.7310,-0.6481,0.7720,0.97,
ASKAP J170036.6-445758,low,ASKAP-57008,low,60318.1,-0.1594,0.2514,-0.2334,0.2396,1.02,
ASKAP J170036.6-445758,low,ASKAP-58156,low,60338.1,-0.5618,1.0819,-2.3597,1.0823,1.41,
ASKAP J170036.6-445758,low,ASKAP-58239,low,60339.0,-0.5283,0.7556,-0.4543,0.6975,0.97,
ASKAP J170036.6-445758,low,ASKAP-58240,low,60339.0,0.1997,0.3443,-0.1283,0.3197,0.93,
ASKAP J170036.6-445758,mid,ASKAP-68311,mid,60635.2,-0.5042,0.3300,0.0117,0.3327,0.72,
ASKAP J170036.6-445758,mid,ASKAP-69529,mid,60663.2,-0.4343,0.2479,-0.0022,0.2476,1.02,
