name,epoch,obs_id,band,epoch_mjd,duration_s,i_mjy,e_i,v_mjy,e_v,offset_arcsec,note
GCRT J1745-3009,low,ASKAP-45544,low,59897.32039,736.0,0.8140,0.7829,-0.7484,0.5480,0.56,
GCRT J1745-3009,low,ASKAP-45673,low,59902.21147,716.0,nan,nan,nan,nan,nan,
GCRT J1745-3009,low,ASKAP-45680,low,59902.27909,726.0,-0.6341,1.2737,0.0682,0.4232,0.55,
GCRT J1745-3009,low,ASKAP-46051,low,59921.12215,716.0,nan,nan,nan,nan,nan,
GCRT J1745-3009,low,ASKAP-46054,low,59921.15049,726.0,-0.2523,1.0685,-0.2273,0.3724,0.56,
GCRT J1745-3009,low,ASKAP-46804,low,59934.12958,726.0,nan,nan,nan,nan,nan,
GCRT J1745-3009,low,ASKAP-47026,low,59949.06301,716.0,nan,nan,nan,nan,nan,unreleased: obscore obs_release_date is NULL (never publicly released; verified 2026-08-15)
GCRT J1745-3009,low,ASKAP-47068,low,59950.15125,726.0,-1.3246,1.1407,-0.0088,0.2668,0.55,
GCRT J1745-3009,low,ASKAP-47069,low,59950.16036,716.0,nan,nan,nan,nan,nan,
GCRT J1745-3009,low,ASKAP-47257,low,59965.07344,736.0,-1.6711,0.8101,0.1469,0.4571,0.55,
GCRT J1745-3009,low,ASKAP-47258,low,59965.08346,726.0,nan,nan,nan,nan,nan,
GCRT J1745-3009,low,ASKAP-47626,low,59979.06110,726.0,nan,nan,nan,nan,nan,
GCRT J1745-3009,low,ASKAP-47629,low,59979.09128,726.0,-0.6863,0.8343,0.4453,0.6068,0.56,
GCRT J1745-3009,low,ASKAP-47691,low,59980.06142,726.0,nan,nan,nan,nan,nan,
GCRT J1745-3009,low,ASKAP-47694,low,59980.09160,726.0,-0.6687,0.7840,-0.8080,0.6448,0.56,
GCRT J1745-3009,low,ASKAP-48343,low,59994.92173,736.0,nan,nan,nan,nan,nan,
GCRT J1745-3009,low,ASKAP-48345,low,59994.94281,736.0,2.2489,1.1894,-0.0880,0.4956,0.56,
GCRT J1745-3009,low,ASKAP-48462,low,59998.02734,716.0,nan,nan,nan,nan,nan,
GCRT J1745-3009,low,ASKAP-48465,low,59998.05672,736.0,2.7297,0.8756,0.3596,0.4303,0.55,
GCRT J1745-3009,low,ASKAP-48851,low,60009.89621,726.0,nan,nan,nan,nan,nan,
GCRT J1745-3009,low,ASKAP-48853,low,60009.91499,716.0,-0.3213,1.1725,-0.7106,0.4496,0.55,
GCRT J1745-3009,low,ASKAP-49014,low,60025.85589,716.0,nan,nan,nan,nan,nan,
GCRT J1745-3009,low,ASKAP-49016,low,60025.87398,716.0,-0.6232,1.0429,-0.1285,0.4190,0.56,
GCRT J1745-3009,low,ASKAP-49146,low,60040.81967,716.0,nan,nan,nan,nan,nan,
GCRT J1745-3009,low,ASKAP-49148,low,60040.84110,726.0,1.1068,1.1351,0.6179,0.4446,0.56,
GCRT J1745-3009,low,ASKAP-49593,low,60055.76905,726.0,nan,nan,nan,nan,nan,
GCRT J1745-3009,low,ASKAP-49595,low,60055.78771,726.0,-1.3241,1.1173,0.0975,0.3888,0.56,
GCRT J1745-3009,low,ASKAP-49872,low,60070.73308,726.0,nan,nan,nan,nan,nan,
GCRT J1745-3009,low,ASKAP-49874,low,60070.75186,716.0,-1.0730,0.9272,-0.3229,0.3949,0.56,
GCRT J1745-3009,low,ASKAP-50150,low,60085.69525,716.0,nan,nan,nan,nan,nan,
GCRT J1745-3009,low,ASKAP-50152,low,60085.71345,716.0,-0.7156,0.7417,-0.1073,0.3595,0.56,
GCRT J1745-3009,low,ASKAP-50648,low,60116.60798,726.0,nan,nan,nan,nan,nan,
GCRT J1745-3009,low,ASKAP-50650,low,60116.62676,716.0,-1.6071,0.9015,-0.3964,0.3536,0.56,
GCRT J1745-3009,low,ASKAP-51104,low,60129.57449,726.0,nan,nan,nan,nan,nan,
GCRT J1745-3009,low,ASKAP-51107,low,60129.60168,726.0,-0.9406,1.0726,0.1112,0.3815,0.56,
GCRT J1745-3009,low,ASKAP-51487,low,60143.63479,726.0,nan,nan,nan,nan,nan,
GCRT J1745-3009,low,ASKAP-51528,low,60146.55858,726.0,-0.1510,1.0361,0.2426,0.3606,0.56,
GCRT J1745-3009,low,ASKAP-51937,low,60167.58381,736.0,0.5620,0.7039,0.1319,0.3732,0.56,
GCRT J1745-3009,low,ASKAP-51976,low,60172.49598,736.0,nan,nan,nan,nan,nan,
GCRT J1745-3009,low,ASKAP-52216,low,60184.52104,726.0,1.1365,1.0094,-0.2578,0.4258,0.56,
GCRT J1745-3009,low,ASKAP-52315,low,60186.49691,726.0,nan,nan,nan,nan,nan,
GCRT J1745-3009,low,ASKAP-53034,low,60199.38018,726.0,0.2589,0.9708,0.1501,0.3830,0.55,
GCRT J1745-3009,low,ASKAP-53206,low,60203.35116,736.0,nan,nan,nan,nan,nan,
GCRT J1745-3009,low,ASKAP-53339,low,60219.43350,726.0,-0.1260,0.8434,-0.3886,0.4119,0.56,
GCRT J1745-3009,low,ASKAP-53492,low,60221.29555,726.0,nan,nan,nan,nan,nan,
GCRT J1745-3009,low,ASKAP-53802,low,60235.29575,716.6,-0.2586,1.1823,0.0645,0.4200,0.56,
GCRT J1745-3009,low,ASKAP-53808,low,60235.35174,726.6,nan,nan,nan,nan,nan,
GCRT J1745-3009,low,ASKAP-54610,low,60249.33140,736.5,-1.7345,1.4739,-0.0777,0.4494,0.56,
GCRT J1745-3009,low,ASKAP-54724,low,60250.29804,726.6,nan,nan,nan,nan,nan,
GCRT J1745-3009,low,ASKAP-54907,low,60266.27497,726.6,nan,nan,nan,nan,nan,
GCRT J1745-3009,low,ASKAP-54908,low,60266.28408,716.6,-0.2054,0.8641,-0.6427,0.3686,0.56,
GCRT J1745-3009,low,ASKAP-55317,low,60289.21450,726.6,nan,nan,nan,nan,nan,unreleased: obscore obs_release_date is NULL (never publicly released; verified 2026-08-15)
GCRT J1745-3009,low,ASKAP-55602,low,60299.09625,726.6,nan,nan,nan,nan,nan,unreleased: obscore obs_release_date is NULL (never publicly released; verified 2026-08-15)
GCRT J1745-3009,low,ASKAP-56076,low,60305.08721,726.6,nan,nan,nan,nan,nan,unreleased: obscore obs_release_date is NULL (never publicly released; verified 2026-08-15)
GCRT J1745-3009,low,ASKAP-56675,low,60313.17290,736.5,nan,nan,nan,nan,nan,unreleased: obscore obs_release_date is NULL (never publicly released; verified 2026-08-15)
GCRT J1745-3009,low,ASKAP-57180,low,60321.27751,736.5,nan,nan,nan,nan,nan,unreleased: obscore obs_release_date is NULL (never publicly released; verified 2026-08-15)
GCRT J1745-3009,low,ASKAP-86186,low,61222.76748,736.5,0.3997,1.4055,0.8338,0.4583,0.85,
GCRT J1745-3009,low,ASKAP-86169,low,61222.59929,726.6,-1.7599,0.9233,-0.5613,0.4062,0.85,
GCRT J1745-3009,low,ASKAP-58450,low,60341.97164,726.6,nan,nan,nan,nan,nan,unreleased: obscore obs_release_date is NULL (never publicly released; verified 2026-08-15)
GCRT J1745-3009,low,ASKAP-58454,low,60342.00773,726.6,nan,nan,nan,nan,nan,unreleased: obscore obs_release_date is NULL (never publicly released; verified 2026-08-15)
GCRT J1745-3009,low,ASKAP-59308,low,60362.00207,716.6,nan,nan,nan,nan,nan,unreleased: obscore obs_release_date is NULL (never publicly released; verified 2026-08-15)
GCRT J1745-3009,low,ASKAP-59309,low,60362.01106,726.6,nan,nan,nan,nan,nan,unreleased: obscore obs_release_date is NULL (never publicly released; verified 2026-08-15)
GCRT J1745-3009,low,ASKAP-59984,low,60381.98841,726.6,nan,nan,nan,nan,nan,unreleased: obscore obs_release_date is NULL (never publicly released; verified 2026-08-15)
GCRT J1745-3009,low,ASKAP-60043,low,60383.89206,716.6,nan,nan,nan,nan,nan,unreleased: obscore obs_release_date is NULL (never publicly released; verified 2026-08-15)
GCRT J1745-3009,low,ASKAP-60548,low,60398.93255,726.6,nan,nan,nan,nan,nan,unreleased: obscore obs_release_date is NULL (never publicly released; verified 2026-08-15)
GCRT J1745-3009,low,ASKAP-60802,low,60404.89980,726.6,-2.6691,1.4667,-0.2162,0.3972,0.56,
GCRT J1745-3009,low,ASKAP-61160,low,60416.82162,726.6,nan,nan,nan,nan,nan,
GCRT J1745-3009,low,ASKAP-61309,low,60419.87558,736.5,1.0966,0.9523,-0.3536,0.3921,0.55,
GCRT J1745-3009,low,ASKAP-61973,low,60432.75502,726.6,nan,nan,nan,nan,nan,
GCRT J1745-3009,low,ASKAP-62166,low,60435.82734,726.6,0.8642,1.1843,-0.2972,0.4919,0.55,
GCRT J1745-3009,low,ASKAP-62472,low,60449.79458,726.6,nan,nan,nan,nan,nan,
GCRT J1745-3009,low,ASKAP-62495,low,60450.80227,726.6,-0.6670,0.8108,0.3738,0.4162,0.56,
GCRT J1745-3009,low,ASKAP-62639,low,60468.62470,726.6,nan,nan,nan,nan,nan,
GCRT J1745-3009,low,ASKAP-62845,low,60474.66431,736.5,1.7928,1.0388,-0.2018,0.4534,0.56,
GCRT J1745-3009,low,ASKAP-63206,low,60483.66340,726.6,nan,nan,nan,nan,nan,
GCRT J1745-3009,low,ASKAP-63359,low,60489.70723,736.5,0.6460,0.8587,-0.4358,0.4134,0.56,
GCRT J1745-3009,low,ASKAP-63601,low,60503.64360,726.6,nan,nan,nan,nan,nan,
GCRT J1745-3009,low,ASKAP-63652,low,60504.63153,726.6,-0.6659,1.3458,0.3671,0.3944,0.56,
GCRT J1745-3009,low,ASKAP-64728,low,60535.48437,736.5,nan,nan,nan,nan,nan,
GCRT J1745-3009,low,ASKAP-64734,low,60535.56051,736.5,0.2181,0.8281,-0.2172,0.4068,0.56,
GCRT J1745-3009,low,ASKAP-65615,low,60557.41262,716.6,nan,nan,nan,nan,nan,
GCRT J1745-3009,low,ASKAP-65617,low,60557.43612,726.6,-0.2767,1.0150,-0.2343,0.3919,0.56,
GCRT J1745-3009,low,ASKAP-65915,low,60573.40303,726.6,nan,nan,nan,nan,nan,
GCRT J1745-3009,low,ASKAP-65920,low,60573.45858,736.5,-1.1496,0.7425,0.1697,0.4364,0.56,
GCRT J1745-3009,low,ASKAP-66707,low,60600.38156,736.5,nan,nan,nan,nan,nan,
GCRT J1745-3009,low,ASKAP-66940,low,60605.32704,736.5,1.5074,0.7761,0.2342,0.3945,0.55,
GCRT J1745-3009,low,ASKAP-81905,low,61077.11849,736.5,-1.2555,0.6253,-0.6881,0.3753,0.55,
GCRT J1745-3009,low,ASKAP-81818,low,61076.13944,736.5,-0.3990,0.9253,0.0575,0.4068,0.55,
GCRT J1745-3009,low,ASKAP-82000,low,61078.06114,736.5,-0.6930,1.2097,0.0077,0.3722,0.55,
GCRT J1745-3009,low,ASKAP-82175,low,61080.05848,736.5,-1.1196,1.1924,-0.3019,0.4063,0.55,
GCRT J1745-3009,low,ASKAP-82086,low,61079.03204,736.5,0.9637,0.9167,-0.4604,0.3809,0.55,
GCRT J1745-3009,low,ASKAP-85796,low,61215.76755,736.5,-1.0887,1.2301,0.3050,0.4513,0.85,
GCRT J1745-3009,low,ASKAP-85893,low,61216.75542,736.5,0.0784,0.9197,-0.1077,0.4374,0.85,
GCRT J1745-3009,low,ASKAP-86078,low,61221.64847,736.5,1.1390,1.3559,-0.0921,0.3926,0.85,
GCRT J1745-3009,low,ASKAP-86007,low,61220.73289,726.6,0.0236,0.9161,-0.0878,0.3974,0.85,
GCRT J1745-3009,low,ASKAP-86086,low,61221.73056,726.6,0.5465,1.0697,-0.1946,0.4177,0.85,
GCRT J1745-3009,low,ASKAP-85879,low,61216.61822,726.6,-0.6304,0.7210,-0.8179,0.4408,0.85,
GCRT J1745-3009,low,ASKAP-85777,low,61215.58288,726.6,-2.0155,1.2075,0.1066,0.4288,0.85,
GCRT J1745-3009,low,ASKAP-86065,low,61221.51495,726.6,-1.5293,0.9492,0.3998,0.3924,0.85,
GLEAM-X J162759.5-523504.3,low,ASKAP-81807,low,61076.03403,726.6,-0.0690,1.8722,-0.0383,0.2617,0.90,
GLEAM-X J162759.5-523504.3,low,ASKAP-45535,low,59897.13791,726.0,nan,nan,nan,nan,nan,
GLEAM-X J162759.5-523504.3,low,ASKAP-45536,low,59897.15865,716.0,nan,nan,nan,nan,nan,
GLEAM-X J162759.5-523504.3,low,ASKAP-45991,low,59920.09378,726.0,nan,nan,nan,nan,nan,
GLEAM-X J162759.5-523504.3,low,ASKAP-45993,low,59920.11475,726.0,0.0689,1.8231,0.4134,0.2093,0.89,
GLEAM-X J162759.5-523504.3,low,ASKAP-46046,low,59921.07238,726.0,nan,nan,nan,nan,nan,
GLEAM-X J162759.5-523504.3,low,ASKAP-46048,low,59921.09369,726.0,-0.4351,1.9988,0.2768,0.2014,0.88,
GLEAM-X J162759.5-523504.3,low,ASKAP-46809,low,59934.17791,726.0,-0.2912,1.7760,0.4977,0.1759,0.87,
GLEAM-X J162759.5-523504.3,low,ASKAP-46894,low,59935.03091,726.0,nan,nan,nan,nan,nan,
GLEAM-X J162759.5-523504.3,low,ASKAP-47018,low,59948.99267,726.0,nan,nan,nan,nan,nan,
GLEAM-X J162759.5-523504.3,low,ASKAP-47244,low,59964.94937,726.0,nan,nan,nan,nan,nan,
GLEAM-X J162759.5-523504.3,low,ASKAP-47259,low,59965.09314,726.0,0.6183,1.6549,0.3292,0.1607,0.87,
GLEAM-X J162759.5-523504.3,low,ASKAP-47620,low,59979.00684,726.0,nan,nan,nan,nan,nan,
GLEAM-X J162759.5-523504.3,low,ASKAP-47621,low,59979.01594,716.0,-0.2642,1.2876,-0.2872,0.1897,0.89,
GLEAM-X J162759.5-523504.3,low,ASKAP-47685,low,59980.00451,736.0,nan,nan,nan,nan,nan,
GLEAM-X J162759.5-523504.3,low,ASKAP-47686,low,59980.01372,716.0,-0.1943,1.6121,-0.3407,0.1895,0.89,
GLEAM-X J162759.5-523504.3,low,ASKAP-48254,low,59994.00389,726.0,-0.3879,1.9979,-0.5616,0.2663,0.89,
GLEAM-X J162759.5-523504.3,low,ASKAP-48338,low,59994.86528,736.0,nan,nan,nan,nan,nan,
GLEAM-X J162759.5-523504.3,low,ASKAP-48456,low,59997.97136,716.0,nan,nan,nan,nan,nan,
GLEAM-X J162759.5-523504.3,low,ASKAP-48457,low,59997.98092,726.0,-0.2036,1.3513,-0.3932,0.2808,0.88,
GLEAM-X J162759.5-523504.3,low,ASKAP-48845,low,60009.82548,726.0,nan,nan,nan,nan,nan,
GLEAM-X J162759.5-523504.3,low,ASKAP-48846,low,60009.85105,726.0,0.3434,3.2044,0.1035,0.2841,0.89,
GLEAM-X J162759.5-523504.3,low,ASKAP-49008,low,60025.78377,716.0,nan,nan,nan,nan,nan,
GLEAM-X J162759.5-523504.3,low,ASKAP-49009,low,60025.80255,716.0,-0.1132,2.1212,-0.3191,0.2792,0.86,
GLEAM-X J162759.5-523504.3,low,ASKAP-49140,low,60040.74542,726.0,nan,nan,nan,nan,nan,
GLEAM-X J162759.5-523504.3,low,ASKAP-49141,low,60040.76606,726.0,-0.2779,2.2887,-0.4161,0.2985,0.90,
GLEAM-X J162759.5-523504.3,low,ASKAP-49587,low,60055.70108,726.0,nan,nan,nan,nan,nan,
GLEAM-X J162759.5-523504.3,low,ASKAP-49588,low,60055.72262,726.0,0.1239,2.2282,-0.0412,0.2592,0.88,
GLEAM-X J162759.5-523504.3,low,ASKAP-49866,low,60070.67618,716.0,nan,nan,nan,nan,nan,
GLEAM-X J162759.5-523504.3,low,ASKAP-49867,low,60070.68516,726.0,0.0486,2.0753,0.0123,0.2696,0.90,
GLEAM-X J162759.5-523504.3,low,ASKAP-50143,low,60085.62855,716.0,nan,nan,nan,nan,nan,
GLEAM-X J162759.5-523504.3,low,ASKAP-50145,low,60085.64986,736.0,-0.0614,3.1269,0.0514,0.2296,0.90,
GLEAM-X J162759.5-523504.3,low,ASKAP-50384,low,60100.57894,716.0,nan,nan,nan,nan,nan,
GLEAM-X J162759.5-523504.3,low,ASKAP-50385,low,60100.59771,716.0,0.0477,2.2287,-0.4881,0.2454,0.88,
GLEAM-X J162759.5-523504.3,low,ASKAP-50642,low,60116.55002,726.0,nan,nan,nan,nan,nan,
GLEAM-X J162759.5-523504.3,low,ASKAP-50643,low,60116.55912,716.0,-0.1940,1.2318,-0.1569,0.2317,0.90,
GLEAM-X J162759.5-523504.3,low,ASKAP-51096,low,60129.49869,716.0,nan,nan,nan,nan,nan,
GLEAM-X J162759.5-523504.3,low,ASKAP-51099,low,60129.52807,726.0,-0.1879,1.7922,0.0822,0.2326,0.90,
GLEAM-X J162759.5-523504.3,low,ASKAP-51483,low,60143.59669,736.0,-0.0869,1.2269,-0.0154,0.2511,0.87,
GLEAM-X J162759.5-523504.3,low,ASKAP-51526,low,60146.53923,726.0,nan,nan,nan,nan,nan,
GLEAM-X J162759.5-523504.3,low,ASKAP-86165,low,61222.55897,726.6,-0.1769,2.3524,-0.3550,0.2510,0.99,
GLEAM-X J162759.5-523504.3,low,ASKAP-51861,low,60163.50238,736.0,0.0312,1.6855,-0.1059,0.2440,0.87,
GLEAM-X J162759.5-523504.3,low,ASKAP-51978,low,60173.38725,736.0,nan,nan,nan,nan,nan,
GLEAM-X J162759.5-523504.3,low,ASKAP-52120,low,60179.48442,736.0,0.0422,1.4394,0.5185,0.2231,0.90,
GLEAM-X J162759.5-523504.3,low,ASKAP-52406,low,60187.42831,716.0,nan,nan,nan,nan,nan,
GLEAM-X J162759.5-523504.3,low,ASKAP-52780,low,60196.39081,736.0,-0.0014,1.4225,-0.4965,0.2300,0.87,
GLEAM-X J162759.5-523504.3,low,ASKAP-53207,low,60203.36049,726.0,nan,nan,nan,nan,nan,
GLEAM-X J162759.5-523504.3,low,ASKAP-53419,low,60220.36600,736.5,0.2031,1.5860,-0.4528,0.2394,0.90,
GLEAM-X J162759.5-523504.3,low,ASKAP-53488,low,60221.24336,716.0,nan,nan,nan,nan,nan,
GLEAM-X J162759.5-523504.3,low,ASKAP-53804,low,60235.31430,736.5,nan,nan,nan,nan,nan,
GLEAM-X J162759.5-523504.3,low,ASKAP-53805,low,60235.32352,716.6,-0.1443,1.1767,0.1235,0.2477,0.90,
GLEAM-X J162759.5-523504.3,low,ASKAP-54720,low,60250.26187,726.6,nan,nan,nan,nan,nan,
GLEAM-X J162759.5-523504.3,low,ASKAP-54721,low,60250.27097,716.6,-0.1356,1.4799,-0.4850,0.2568,0.87,
GLEAM-X J162759.5-523504.3,low,ASKAP-54912,low,60267.21213,726.6,nan,nan,nan,nan,nan,
GLEAM-X J162759.5-523504.3,low,ASKAP-54913,low,60267.22123,716.6,0.1903,1.8432,-0.3008,0.2527,0.87,
GLEAM-X J162759.5-523504.3,low,ASKAP-55456,low,60295.03713,706.7,nan,nan,nan,nan,nan,unreleased: obscore obs_release_date is NULL (never publicly released; verified 2026-08-15)
GLEAM-X J162759.5-523504.3,low,ASKAP-55511,low,60296.13030,736.5,nan,nan,nan,nan,nan,unreleased: obscore obs_release_date is NULL (never publicly released; verified 2026-08-15)
GLEAM-X J162759.5-523504.3,low,ASKAP-56744,low,60314.08187,736.5,nan,nan,nan,nan,nan,unreleased: obscore obs_release_date is NULL (never publicly released; verified 2026-08-15)
GLEAM-X J162759.5-523504.3,low,ASKAP-56798,low,60315.01382,726.6,nan,nan,nan,nan,nan,unreleased: obscore obs_release_date is NULL (never publicly released; verified 2026-08-15)
GLEAM-X J162759.5-523504.3,low,ASKAP-58444,low,60341.91093,716.6,nan,nan,nan,nan,nan,unreleased: obscore obs_release_date is NULL (never publicly released; verified 2026-08-15)
GLEAM-X J162759.5-523504.3,low,ASKAP-58446,low,60341.93236,736.5,nan,nan,nan,nan,nan,unreleased: obscore obs_release_date is NULL (never publicly released; verified 2026-08-15)
GLEAM-X J162759.5-523504.3,low,ASKAP-59303,low,60361.95231,726.6,nan,nan,nan,nan,nan,unreleased: obscore obs_release_date is NULL (never publicly released; verified 2026-08-15)
GLEAM-X J162759.5-523504.3,low,ASKAP-59306,low,60361.98330,726.6,nan,nan,nan,nan,nan,unreleased: obscore obs_release_date is NULL (never publicly released; verified 2026-08-15)
GLEAM-X J162759.5-523504.3,low,ASKAP-60038,low,60383.84172,726.6,nan,nan,nan,nan,nan,unreleased: obscore obs_release_date is NULL (never publicly released; verified 2026-08-15)
GLEAM-X J162759.5-523504.3,low,ASKAP-60039,low,60383.85082,716.6,nan,nan,nan,nan,nan,unreleased: obscore obs_release_date is NULL (never publicly released; verified 2026-08-15)
GLEAM-X J162759.5-523504.3,low,ASKAP-60795,low,60404.74451,736.5,nan,nan,nan,nan,nan,
GLEAM-X J162759.5-523504.3,low,ASKAP-60797,low,60404.85026,736.5,0.1793,1.4887,0.1574,0.2596,0.90,
GLEAM-X J162759.5-523504.3,low,ASKAP-61300,low,60419.78435,736.5,nan,nan,nan,nan,nan,
GLEAM-X J162759.5-523504.3,low,ASKAP-61301,low,60419.79494,726.6,0.7818,1.6353,0.3782,0.2533,0.87,
GLEAM-X J162759.5-523504.3,low,ASKAP-62025,low,60433.80448,736.5,0.3485,1.5125,0.0600,0.2407,0.87,
GLEAM-X J162759.5-523504.3,low,ASKAP-62080,low,60434.74962,736.5,nan,nan,nan,nan,nan,
GLEAM-X J162759.5-523504.3,low,ASKAP-62486,low,60450.70935,736.5,0.2226,1.4329,0.3585,0.2436,0.87,
GLEAM-X J162759.5-523504.3,low,ASKAP-62634,low,60468.57758,726.6,nan,nan,nan,nan,nan,
GLEAM-X J162759.5-523504.3,low,ASKAP-62636,low,60468.59636,726.6,-0.4119,2.1386,-0.1953,0.2997,0.90,
GLEAM-X J162759.5-523504.3,low,ASKAP-63203,low,60483.63460,726.6,nan,nan,nan,nan,nan,
GLEAM-X J162759.5-523504.3,low,ASKAP-63204,low,60483.64393,726.6,0.3056,1.4567,0.4425,0.2757,0.90,
GLEAM-X J162759.5-523504.3,low,ASKAP-63595,low,60503.49833,736.5,nan,nan,nan,nan,nan,
GLEAM-X J162759.5-523504.3,low,ASKAP-63645,low,60504.55713,726.6,-0.0381,1.4473,0.1631,0.2468,0.87,
GLEAM-X J162759.5-523504.3,low,ASKAP-64727,low,60535.47056,736.5,nan,nan,nan,nan,nan,
GLEAM-X J162759.5-523504.3,low,ASKAP-64762,low,60536.50558,726.6,0.1661,3.1684,0.2330,0.2470,0.88,
GLEAM-X J162759.5-523504.3,low,ASKAP-65616,low,60557.42587,736.5,nan,nan,nan,nan,nan,
GLEAM-X J162759.5-523504.3,low,ASKAP-65673,low,60560.43270,736.5,0.2440,1.6292,0.3739,0.2699,0.90,
GLEAM-X J162759.5-523504.3,low,ASKAP-65912,low,60573.36390,736.5,nan,nan,nan,nan,nan,
GLEAM-X J162759.5-523504.3,low,ASKAP-66280,low,60586.32245,716.6,0.1386,1.0966,-0.1798,0.2661,0.87,
GLEAM-X J162759.5-523504.3,low,ASKAP-66350,low,60588.37002,736.5,nan,nan,nan,nan,nan,
GLEAM-X J162759.5-523504.3,low,ASKAP-67927,low,60627.24998,726.6,-0.3780,2.9650,-0.2557,0.3081,0.88,
GLEAM-X J162759.5-523504.3,low,ASKAP-81987,low,61077.93534,736.5,-0.3849,1.9160,0.1228,0.2558,0.87,
GLEAM-X J162759.5-523504.3,low,ASKAP-81812,low,61076.08115,736.5,-0.3484,2.2648,-0.1261,0.2720,0.91,
GLEAM-X J162759.5-523504.3,low,ASKAP-81883,low,61076.88760,736.5,-0.0653,2.4670,0.2720,0.2880,0.87,
GLEAM-X J162759.5-523504.3,low,ASKAP-82176,low,61080.06838,726.6,0.2010,2.3723,0.0564,0.2669,0.91,
GLEAM-X J162759.5-523504.3,low,ASKAP-82085,low,61079.02133,726.6,0.0208,1.7657,0.1125,0.2572,0.90,
GLEAM-X J162759.5-523504.3,low,ASKAP-85792,low,61215.72827,726.6,0.0714,3.6370,-0.1374,0.2895,0.99,
GLEAM-X J162759.5-523504.3,low,ASKAP-85773,low,61215.54659,726.6,-0.1954,2.0917,-0.0256,0.2539,0.99,
GLEAM-X J162759.5-523504.3,low,ASKAP-86083,low,61221.70118,736.5,-0.0288,3.4544,-0.0149,0.2332,0.98,
GLEAM-X J162759.5-523504.3,low,ASKAP-85980,low,61220.46523,726.6,0.0423,2.4795,0.3800,0.2324,0.99,
GLEAM-X J162759.5-523504.3,low,ASKAP-85874,low,61216.56822,726.6,-0.1180,1.6219,0.3007,0.2595,0.99,
GLEAM-X J162759.5-523504.3,low,ASKAP-85997,low,61220.63100,726.6,-0.3849,1.7402,0.2563,0.2390,0.99,
GLEAM-X J162759.5-523504.3,low,ASKAP-86073,low,61221.59973,726.6,0.2543,2.1282,0.3991,0.2626,0.99,
GLEAM-X J162759.5-523504.3,low,ASKAP-85889,low,61216.71464,736.5,-0.2806,2.4901,-0.0211,0.2815,0.98,
GPM J1839-10,low,ASKAP-45540,low,59897.27995,726.0,0.0071,0.2621,-0.2189,0.1365,0.67,
GPM J1839-10,low,ASKAP-45677,low,59902.24879,726.0,0.1679,0.2463,0.2145,0.1591,0.66,
GPM J1839-10,low,ASKAP-46057,low,59921.17767,726.0,-0.2187,0.3072,-0.1153,0.2097,0.65,
GPM J1839-10,low,ASKAP-46806,low,59934.14930,726.0,-0.1407,0.2638,0.1106,0.1468,0.67,
GPM J1839-10,low,ASKAP-47065,low,59950.12095,716.0,0.2386,0.2855,1.1683,0.2430,0.70,
GPM J1839-10,low,ASKAP-47255,low,59965.05466,716.0,-0.0782,0.2910,0.0134,0.1771,0.65,
GPM J1839-10,low,ASKAP-47633,low,59979.12999,716.0,-0.0923,0.2666,-0.0129,0.1535,0.68,
GPM J1839-10,low,ASKAP-47698,low,59980.13019,726.0,-0.5260,0.2415,-0.2133,0.1674,0.69,
GPM J1839-10,low,ASKAP-48263,low,59994.08971,716.0,0.1332,0.3320,0.1862,0.2777,0.68,
GPM J1839-10,low,ASKAP-48467,low,59998.07688,716.0,-0.0452,0.2939,0.3137,0.2636,0.67,
GPM J1839-10,low,ASKAP-48858,low,60009.96141,726.0,0.2713,0.3262,0.0720,0.2890,0.70,
GPM J1839-10,low,ASKAP-49021,low,60025.92052,716.0,-0.0870,0.2918,0.3126,0.2307,0.67,
GPM J1839-10,low,ASKAP-49152,low,60040.88478,716.0,5.7004,0.3202,0.0483,0.2871,0.66,
GPM J1839-10,low,ASKAP-49600,low,60055.83368,716.0,2.3126,0.2837,-0.0720,0.2340,0.65,
GPM J1839-10,low,ASKAP-49879,low,60070.79840,716.0,0.0498,0.2583,0.3652,0.2326,0.64,
GPM J1839-10,low,ASKAP-50157,low,60085.75941,716.0,-0.0289,0.2448,0.0724,0.2074,0.65,
GPM J1839-10,low,ASKAP-50391,low,60100.67755,716.0,-0.2002,0.2755,0.3560,0.2236,0.67,
GPM J1839-10,low,ASKAP-50653,low,60116.65394,726.0,-0.4925,0.2299,0.0790,0.2193,0.65,
GPM J1839-10,low,ASKAP-51111,low,60129.63854,726.0,0.4448,0.2627,-0.0700,0.2570,0.65,
GPM J1839-10,low,ASKAP-51492,low,60143.68466,726.0,0.0087,0.3053,0.1423,0.2410,0.67,
GPM J1839-10,low,ASKAP-51826,low,60160.62537,726.0,0.2737,0.2804,-0.4492,0.2586,0.67,
GPM J1839-10,low,ASKAP-86173,low,61222.63719,726.6,8.1871,0.2602,0.0035,0.2370,1.52,
GPM J1839-10,low,ASKAP-86181,low,61222.71541,726.6,0.3248,0.2829,0.2070,0.2168,1.23,
GPM J1839-10,low,ASKAP-52093,low,60178.54257,726.0,-0.2858,0.2574,0.1306,0.2309,0.65,
GPM J1839-10,low,ASKAP-52156,low,60182.54348,716.0,0.0630,0.2868,0.0863,0.2574,0.67,
GPM J1839-10,low,ASKAP-52159,low,60182.57251,726.0,-0.6826,0.2953,-0.4240,0.2315,0.67,
GPM J1839-10,low,ASKAP-52903,low,60197.41863,776.0,0.3024,0.2855,0.2267,0.2214,0.67,
GPM J1839-10,low,ASKAP-53253,low,60211.48963,726.0,6.5886,0.2790,0.1665,0.2350,0.67,
GPM J1839-10,low,ASKAP-53604,low,60233.36317,736.5,0.3610,0.2863,0.2417,0.2388,0.65,
GPM J1839-10,low,ASKAP-54510,low,60248.36847,736.5,-0.0741,0.2787,-0.0622,0.2365,0.67,
GPM J1839-10,low,ASKAP-54904,low,60266.24733,726.6,-0.2069,0.2615,0.0995,0.2639,0.65,
GPM J1839-10,low,ASKAP-55237,low,60286.28559,726.6,nan,nan,nan,nan,nan,unreleased: obscore obs_release_date is NULL (never publicly released; verified 2026-08-15)
GPM J1839-10,low,ASKAP-55892,low,60303.18199,796.3,nan,nan,nan,nan,nan,unreleased: obscore obs_release_date is NULL (never publicly released; verified 2026-08-15)
GPM J1839-10,low,ASKAP-57097,low,60319.19160,716.6,nan,nan,nan,nan,nan,unreleased: obscore obs_release_date is NULL (never publicly released; verified 2026-08-15)
GPM J1839-10,low,ASKAP-58455,low,60342.01741,736.5,nan,nan,nan,nan,nan,unreleased: obscore obs_release_date is NULL (never publicly released; verified 2026-08-15)
GPM J1839-10,low,ASKAP-59310,low,60362.02074,726.6,nan,nan,nan,nan,nan,unreleased: obscore obs_release_date is NULL (never publicly released; verified 2026-08-15)
GPM J1839-10,low,ASKAP-59890,low,60379.02272,736.5,nan,nan,nan,nan,nan,unreleased: obscore obs_release_date is NULL (never publicly released; verified 2026-08-15)
GPM J1839-10,low,ASKAP-60182,low,60387.89131,736.5,nan,nan,nan,nan,nan,unreleased: obscore obs_release_date is NULL (never publicly released; verified 2026-08-15)
GPM J1839-10,low,ASKAP-60216,low,60388.95555,786.3,nan,nan,nan,nan,nan,unreleased: obscore obs_release_date is NULL (never publicly released; verified 2026-08-15)
GPM J1839-10,low,ASKAP-60333,low,60393.94304,736.5,nan,nan,nan,nan,nan,unreleased: obscore obs_release_date is NULL (never publicly released; verified 2026-08-15)
GPM J1839-10,low,ASKAP-60804,low,60404.92030,736.5,nan,nan,nan,nan,nan,
GPM J1839-10,low,ASKAP-60866,low,60405.88300,736.5,nan,nan,nan,nan,nan,
GPM J1839-10,low,ASKAP-61018,low,60407.94975,716.6,0.1700,0.2739,0.1499,0.2802,0.67,
GPM J1839-10,low,ASKAP-61307,low,60419.85473,726.6,nan,nan,nan,nan,nan,
GPM J1839-10,low,ASKAP-61310,low,60419.88572,736.5,nan,nan,nan,nan,nan,
GPM J1839-10,low,ASKAP-61530,low,60422.79984,736.5,0.1932,0.2895,0.0458,0.2257,0.67,
GPM J1839-10,low,ASKAP-62030,low,60433.86902,726.6,nan,nan,nan,nan,nan,
GPM J1839-10,low,ASKAP-62032,low,60433.89701,726.6,nan,nan,nan,nan,nan,
GPM J1839-10,low,ASKAP-62279,low,60440.77120,726.6,-0.2379,0.3262,0.2117,0.2602,0.65,
GPM J1839-10,low,ASKAP-62473,low,60449.80581,726.6,nan,nan,nan,nan,nan,
GPM J1839-10,low,ASKAP-62488,low,60450.72895,726.6,nan,nan,nan,nan,nan,
GPM J1839-10,low,ASKAP-62644,low,60468.67378,716.6,5.1678,0.3492,-0.2561,0.2517,0.67,
GPM J1839-10,low,ASKAP-62646,low,60468.69244,726.6,nan,nan,nan,nan,nan,
GPM J1839-10,low,ASKAP-62650,low,60468.73011,736.5,nan,nan,nan,nan,nan,
GPM J1839-10,low,ASKAP-63209,low,60483.69681,736.5,nan,nan,nan,nan,nan,
GPM J1839-10,low,ASKAP-63213,low,60483.73747,726.6,-0.0953,0.4506,0.3618,0.4073,0.67,
GPM J1839-10,low,ASKAP-63236,low,60484.65499,736.5,nan,nan,nan,nan,nan,
GPM J1839-10,low,ASKAP-63498,low,60497.70007,726.6,nan,nan,nan,nan,nan,
GPM J1839-10,low,ASKAP-63604,low,60503.67505,726.6,0.0481,0.3042,-0.0819,0.2417,0.67,
GPM J1839-10,low,ASKAP-63606,low,60503.69669,726.6,nan,nan,nan,nan,nan,
GPM J1839-10,low,ASKAP-64113,low,60512.54261,726.6,nan,nan,nan,nan,nan,
GPM J1839-10,low,ASKAP-64732,low,60535.53409,726.6,0.2180,0.2946,-0.0833,0.2855,0.65,
GPM J1839-10,low,ASKAP-64733,low,60535.54696,726.6,nan,nan,nan,nan,nan,
GPM J1839-10,low,ASKAP-64737,low,60535.59971,726.6,nan,nan,nan,nan,nan,
GPM J1839-10,low,ASKAP-65624,low,60557.50927,736.5,nan,nan,nan,nan,nan,
GPM J1839-10,low,ASKAP-65628,low,60557.55098,736.5,nan,nan,nan,nan,nan,
GPM J1839-10,low,ASKAP-65648,low,60558.53430,666.9,0.1489,0.4441,0.9453,0.3952,0.67,
GPM J1839-10,low,ASKAP-65924,low,60573.50051,736.5,nan,nan,nan,nan,nan,
GPM J1839-10,low,ASKAP-66123,low,60581.40163,726.6,nan,nan,nan,nan,nan,
GPM J1839-10,low,ASKAP-66124,low,60581.41108,716.6,-0.4477,0.2780,-0.0469,0.2520,0.65,
GPM J1839-10,low,ASKAP-66744,low,60601.43863,736.5,nan,nan,nan,nan,nan,
GPM J1839-10,low,ASKAP-67012,low,60606.35045,716.6,nan,nan,nan,nan,nan,
GPM J1839-10,low,ASKAP-67060,low,60607.41088,736.5,0.0962,0.3025,0.1589,0.2754,0.67,
GPM J1839-10,low,ASKAP-67936,low,60627.33935,726.6,nan,nan,nan,nan,nan,
GPM J1839-10,low,ASKAP-81909,low,61077.15662,736.5,0.5248,0.2638,-0.3950,0.2192,0.68,
GPM J1839-10,low,ASKAP-81892,low,61076.98302,726.6,-0.0574,0.2598,0.0261,0.2164,0.65,
GPM J1839-10,low,ASKAP-82093,low,61079.10232,736.5,0.7510,0.3100,0.0311,0.2813,0.65,
GPM J1839-10,low,ASKAP-82180,low,61080.10986,726.6,0.5918,0.2696,-0.3825,0.2200,0.65,
GPM J1839-10,low,ASKAP-82079,low,61078.96454,726.6,0.0763,0.2680,-0.2117,0.2484,0.65,
GPM J1839-10,low,ASKAP-85987,low,61220.53285,736.5,0.0619,0.2660,0.1917,0.2439,1.23,
GPM J1839-10,low,ASKAP-86006,low,61220.72155,726.6,0.3194,0.2639,-0.4282,0.2129,1.23,
GPM J1839-10,low,ASKAP-85897,low,61216.79436,726.6,0.9474,0.3400,0.0171,0.2316,1.23,
GPM J1839-10,low,ASKAP-85882,low,61216.64610,726.6,0.3412,0.2691,0.0502,0.2191,1.23,
GPM J1839-10,low,ASKAP-85790,low,61215.70776,736.5,5.7888,0.2591,-0.2576,0.2297,1.23,
GPM J1839-10,low,ASKAP-86090,low,61221.77100,726.6,-0.1566,0.2793,0.1208,0.2354,1.23,
GPM J1839-10,low,ASKAP-85781,low,61215.62032,726.6,1.1882,0.2336,-0.1720,0.2241,1.23,
GPM J1839-10,low,ASKAP-86014,low,61220.80497,726.6,1.9779,0.3024,0.1849,0.2086,0.80,
ASKAP J1935+2148,low,ASKAP-86176,low,61222.66691,736.5,0.2627,0.3322,0.0960,0.1987,1.46,
ASKAP J1935+2148,low,ASKAP-86190,low,61222.80696,726.6,0.1583,0.3610,-0.4430,0.1788,1.45,
ASKAP J1935+2148,low,ASKAP-60219,low,60388.98481,786.3,nan,nan,nan,nan,nan,unreleased: obscore obs_release_date is NULL (never publicly released; verified 2026-08-15)
ASKAP J1935+2148,low,ASKAP-60220,low,60388.99460,786.3,nan,nan,nan,nan,nan,unreleased: obscore obs_release_date is NULL (never publicly released; verified 2026-08-15)
ASKAP J1935+2148,low,ASKAP-60812,low,60404.99426,726.6,0.1192,0.2925,-0.3324,0.2112,0.88,
ASKAP J1935+2148,low,ASKAP-60934,low,60406.89585,736.5,nan,nan,nan,nan,nan,
ASKAP J1935+2148,low,ASKAP-61317,low,60419.95334,726.6,-0.0171,0.2975,-0.0629,0.2143,0.88,
ASKAP J1935+2148,low,ASKAP-61369,low,60420.97120,726.6,nan,nan,nan,nan,nan,
ASKAP J1935+2148,low,ASKAP-62087,low,60434.81799,716.6,-0.1801,0.3855,0.1971,0.2439,0.88,
ASKAP J1935+2148,low,ASKAP-62167,low,60435.83794,726.6,nan,nan,nan,nan,nan,
ASKAP J1935+2148,low,ASKAP-62478,low,60449.85544,716.6,0.2626,0.3127,-0.1267,0.2444,0.90,
ASKAP J1935+2148,low,ASKAP-62480,low,60449.87609,726.6,nan,nan,nan,nan,nan,
ASKAP J1935+2148,low,ASKAP-62849,low,60474.70636,726.6,-0.3533,0.3336,0.1657,0.2303,0.88,
ASKAP J1935+2148,low,ASKAP-63208,low,60483.68656,726.6,nan,nan,nan,nan,nan,
ASKAP J1935+2148,low,ASKAP-63322,low,60488.78411,726.6,0.3720,0.2900,0.1789,0.2475,0.90,
ASKAP J1935+2148,low,ASKAP-63497,low,60497.68936,726.6,nan,nan,nan,nan,nan,
ASKAP J1935+2148,low,ASKAP-63609,low,60503.72503,726.6,-0.0111,0.2613,0.2159,0.2480,0.88,
ASKAP J1935+2148,low,ASKAP-64044,low,60511.69564,726.6,nan,nan,nan,nan,nan,
ASKAP J1935+2148,low,ASKAP-64243,low,60519.65399,666.9,0.7064,0.3493,0.3441,0.2189,0.88,
ASKAP J1935+2148,low,ASKAP-64391,low,60526.68881,736.5,nan,nan,nan,nan,nan,
ASKAP J1935+2148,low,ASKAP-64696,low,60534.65609,726.6,0.0945,0.3376,0.3963,0.2497,0.88,
ASKAP J1935+2148,low,ASKAP-65494,low,60555.54669,726.6,nan,nan,nan,nan,nan,
ASKAP J1935+2148,low,ASKAP-65495,low,60555.55775,736.5,0.2617,0.3194,-0.3833,0.2333,0.88,
ASKAP J1935+2148,low,ASKAP-65904,low,60572.56777,736.5,nan,nan,nan,nan,nan,
ASKAP J1935+2148,low,ASKAP-65918,low,60573.43854,726.6,0.5182,0.3069,0.2138,0.2185,0.88,
ASKAP J1935+2148,low,ASKAP-66353,low,60588.48464,716.6,nan,nan,nan,nan,nan,
ASKAP J1935+2148,low,ASKAP-66354,low,60588.49397,716.6,0.3185,0.2895,0.4523,0.2382,0.88,
ASKAP J1935+2148,low,ASKAP-67182,low,60610.45059,726.6,0.0282,0.2852,-0.0266,0.2424,0.90,
ASKAP J1935+2148,low,ASKAP-67215,low,60611.39093,736.5,nan,nan,nan,nan,nan,
ASKAP J1935+2148,low,ASKAP-67939,low,60627.36769,716.6,-0.0833,0.3569,0.5465,0.2488,0.87,
ASKAP J1935+2148,low,ASKAP-67941,low,60627.38693,716.6,nan,nan,nan,nan,nan,
ASKAP J1935+2148,low,ASKAP-81914,low,61077.20812,726.6,-0.1211,0.2925,0.1070,0.2448,0.88,
ASKAP J1935+2148,low,ASKAP-82009,low,61078.20721,726.6,-0.0454,0.2984,-0.1403,0.2017,0.89,
ASKAP J1935+2148,low,ASKAP-81897,low,61077.02956,736.5,0.0384,0.2610,0.0199,0.1967,0.88,
ASKAP J1935+2148,low,ASKAP-82103,low,61079.20484,736.5,-0.0467,0.2949,0.0854,0.1988,0.89,
ASKAP J1935+2148,low,ASKAP-85803,low,61215.83436,726.6,0.1544,0.3251,-0.0829,0.1617,1.45,
ASKAP J1935+2148,low,ASKAP-86017,low,61220.83723,726.6,-0.2227,0.3178,-0.0250,0.1702,1.07,
ASKAP J1935+2148,low,ASKAP-85888,low,61216.70208,726.6,-0.0086,0.2606,0.2106,0.1828,0.96,
ASKAP J1935+2148,low,ASKAP-86095,low,61221.82030,726.6,0.0185,0.3172,0.1276,0.1806,0.96,
ASKAP J1935+2148,low,ASKAP-85785,low,61215.65995,726.6,0.0289,0.3081,-0.0509,0.1935,1.44,
ASKAP J1935+2148,low,ASKAP-85992,low,61220.58158,736.5,0.2510,0.3490,-0.4787,0.1966,1.45,
ASKAP J1935+2148,low,ASKAP-86005,low,61220.71037,726.6,0.0410,0.2619,0.1561,0.1773,0.36,
ASKAP J1935+2148,low,ASKAP-85901,low,61216.83330,736.5,0.2876,0.3097,0.1073,0.1627,1.45,
ASKAP J1832-0911,low,ASKAP-45540,low,59897.27995,726.0,0.4905,0.9072,0.2206,0.3198,0.51,
ASKAP J1832-0911,low,ASKAP-45677,low,59902.24879,726.0,-0.5978,0.8500,-0.0639,0.3160,0.51,
ASKAP J1832-0911,low,ASKAP-46057,low,59921.17767,726.0,-0.6716,1.0577,-0.4056,0.4103,0.51,
ASKAP J1832-0911,low,ASKAP-46806,low,59934.14930,726.0,0.1317,0.9102,0.6461,0.3402,0.51,
ASKAP J1832-0911,low,ASKAP-47065,low,59950.12095,716.0,-0.6587,0.8988,0.3967,0.5161,0.52,
ASKAP J1832-0911,low,ASKAP-47255,low,59965.05466,716.0,0.2570,0.7886,0.4469,0.3376,0.51,
ASKAP J1832-0911,low,ASKAP-47633,low,59979.12999,716.0,-0.9933,0.9574,0.1408,0.4013,0.51,
ASKAP J1832-0911,low,ASKAP-47698,low,59980.13019,726.0,0.2282,0.9945,0.4739,0.3330,0.52,
ASKAP J1832-0911,low,ASKAP-48263,low,59994.08971,716.0,0.3719,0.9991,-0.0074,0.5806,0.51,
ASKAP J1832-0911,low,ASKAP-48467,low,59998.07688,716.0,-0.8112,1.0279,-0.3922,0.5124,0.51,
ASKAP J1832-0911,low,ASKAP-48858,low,60009.96141,726.0,-0.6504,0.9023,-0.2705,0.5666,0.52,
ASKAP J1832-0911,low,ASKAP-49021,low,60025.92052,716.0,-0.3480,0.9068,0.0323,0.4716,0.51,
ASKAP J1832-0911,low,ASKAP-49152,low,60040.88478,716.0,0.2517,1.1297,0.1725,0.5641,0.51,
ASKAP J1832-0911,low,ASKAP-49600,low,60055.83368,716.0,0.2024,1.0471,-0.0954,0.4804,0.51,
ASKAP J1832-0911,low,ASKAP-49879,low,60070.79840,716.0,-0.4493,0.7692,-0.3382,0.4314,0.51,
ASKAP J1832-0911,low,ASKAP-50157,low,60085.75941,716.0,-0.4048,0.8379,0.1654,0.4671,0.51,
ASKAP J1832-0911,low,ASKAP-50391,low,60100.67755,716.0,1.3100,0.7377,0.0356,0.4434,0.51,
ASKAP J1832-0911,low,ASKAP-50653,low,60116.65394,726.0,0.0784,0.8570,0.3487,0.4076,0.51,
ASKAP J1832-0911,low,ASKAP-51111,low,60129.63854,726.0,-0.2796,0.8415,-0.1416,0.4765,0.51,
ASKAP J1832-0911,low,ASKAP-51492,low,60143.68466,726.0,0.7904,1.0610,0.0490,0.4727,0.51,
ASKAP J1832-0911,low,ASKAP-51826,low,60160.62537,726.0,0.2569,0.9512,-0.4260,0.5198,0.51,
ASKAP J1832-0911,low,ASKAP-86173,low,61222.63719,726.6,0.5769,0.9040,-0.3435,0.2666,1.28,
ASKAP J1832-0911,low,ASKAP-86181,low,61222.71541,726.6,-1.1348,0.7287,-0.2604,0.2742,0.38,
ASKAP J1832-0911,low,ASKAP-52093,low,60178.54257,726.0,-0.2314,0.7378,0.5317,0.4226,0.51,
ASKAP J1832-0911,low,ASKAP-52156,low,60182.54348,716.0,0.3901,0.8698,-0.0146,0.4567,0.51,
ASKAP J1832-0911,low,ASKAP-52159,low,60182.57251,726.0,-0.3451,0.9417,0.5438,0.5284,0.51,
ASKAP J1832-0911,low,ASKAP-52903,low,60197.41863,776.0,-0.7777,0.8340,0.3377,0.4424,0.51,
ASKAP J1832-0911,low,ASKAP-53253,low,60211.48963,726.0,-1.5846,0.9487,0.5746,0.5374,0.51,
ASKAP J1832-0911,low,ASKAP-53604,low,60233.36317,736.5,0.0044,0.8533,-0.3762,0.4461,0.51,
ASKAP J1832-0911,low,ASKAP-54510,low,60248.36847,736.5,-1.7602,0.9775,-0.3003,0.4717,0.51,
ASKAP J1832-0911,low,ASKAP-54904,low,60266.24733,726.6,0.8535,0.7731,0.3437,0.5079,0.51,
ASKAP J1832-0911,low,ASKAP-55237,low,60286.28559,726.6,nan,nan,nan,nan,nan,unreleased: obscore obs_release_date is NULL (never publicly released; verified 2026-08-15)
ASKAP J1832-0911,low,ASKAP-55892,low,60303.18199,796.3,nan,nan,nan,nan,nan,unreleased: obscore obs_release_date is NULL (never publicly released; verified 2026-08-15)
ASKAP J1832-0911,low,ASKAP-57097,low,60319.19160,716.6,nan,nan,nan,nan,nan,unreleased: obscore obs_release_date is NULL (never publicly released; verified 2026-08-15)
ASKAP J1832-0911,low,ASKAP-58455,low,60342.01741,736.5,nan,nan,nan,nan,nan,unreleased: obscore obs_release_date is NULL (never publicly released; verified 2026-08-15)
ASKAP J1832-0911,low,ASKAP-59310,low,60362.02074,726.6,nan,nan,nan,nan,nan,unreleased: obscore obs_release_date is NULL (never publicly released; verified 2026-08-15)
ASKAP J1832-0911,low,ASKAP-59890,low,60379.02272,736.5,nan,nan,nan,nan,nan,unreleased: obscore obs_release_date is NULL (never publicly released; verified 2026-08-15)
ASKAP J1832-0911,low,ASKAP-60182,low,60387.89131,736.5,nan,nan,nan,nan,nan,unreleased: obscore obs_release_date is NULL (never publicly released; verified 2026-08-15)
ASKAP J1832-0911,low,ASKAP-60216,low,60388.95555,786.3,nan,nan,nan,nan,nan,unreleased: obscore obs_release_date is NULL (never publicly released; verified 2026-08-15)
ASKAP J1832-0911,low,ASKAP-60333,low,60393.94304,736.5,nan,nan,nan,nan,nan,unreleased: obscore obs_release_date is NULL (never publicly released; verified 2026-08-15)
ASKAP J1832-0911,low,ASKAP-60804,low,60404.92030,736.5,249.9685,0.9533,14.0424,0.4035,1.60,
ASKAP J1832-0911,low,ASKAP-60866,low,60405.88300,736.5,nan,nan,nan,nan,nan,
ASKAP J1832-0911,low,ASKAP-61018,low,60407.94975,716.6,-1.0026,0.8872,0.0512,0.4763,0.51,
ASKAP J1832-0911,low,ASKAP-61307,low,60419.85473,726.6,0.6908,0.7140,-0.1650,0.4061,1.60,
ASKAP J1832-0911,low,ASKAP-61310,low,60419.88572,736.5,nan,nan,nan,nan,nan,
ASKAP J1832-0911,low,ASKAP-61530,low,60422.79984,736.5,0.1745,0.7729,-0.5203,0.4598,0.51,
ASKAP J1832-0911,low,ASKAP-62030,low,60433.86902,726.6,-0.6715,0.9234,0.8342,0.4583,1.60,
ASKAP J1832-0911,low,ASKAP-62032,low,60433.89701,726.6,nan,nan,nan,nan,nan,
ASKAP J1832-0911,low,ASKAP-62279,low,60440.77120,726.6,0.7976,0.8348,-0.6919,0.4608,0.51,
ASKAP J1832-0911,low,ASKAP-62473,low,60449.80581,726.6,24.6800,0.8362,0.5121,0.3952,1.60,
ASKAP J1832-0911,low,ASKAP-62488,low,60450.72895,726.6,nan,nan,nan,nan,nan,
ASKAP J1832-0911,low,ASKAP-62644,low,60468.67378,716.6,2.4188,0.8990,-0.5162,0.5567,0.51,
ASKAP J1832-0911,low,ASKAP-62646,low,60468.69244,726.6,0.8945,0.7527,0.0015,0.3975,1.60,
ASKAP J1832-0911,low,ASKAP-62650,low,60468.73011,736.5,nan,nan,nan,nan,nan,
ASKAP J1832-0911,low,ASKAP-63209,low,60483.69681,736.5,-0.5071,0.6951,-0.0464,0.3901,1.60,
ASKAP J1832-0911,low,ASKAP-63213,low,60483.73747,726.6,0.8410,1.2969,0.5968,0.7902,0.51,
ASKAP J1832-0911,low,ASKAP-63236,low,60484.65499,736.5,nan,nan,nan,nan,nan,
ASKAP J1832-0911,low,ASKAP-63498,low,60497.70007,726.6,4.3141,0.7674,0.5068,0.3893,1.60,
ASKAP J1832-0911,low,ASKAP-63604,low,60503.67505,726.6,-1.1727,0.7964,-0.4935,0.4661,0.51,
ASKAP J1832-0911,low,ASKAP-63606,low,60503.69669,726.6,nan,nan,nan,nan,nan,
ASKAP J1832-0911,low,ASKAP-64113,low,60512.54261,726.6,-0.1083,1.1410,-0.3262,0.4255,1.60,
ASKAP J1832-0911,low,ASKAP-64732,low,60535.53409,726.6,0.0433,0.8287,-0.5705,0.5251,0.51,
ASKAP J1832-0911,low,ASKAP-64733,low,60535.54696,726.6,nan,nan,nan,nan,nan,
ASKAP J1832-0911,low,ASKAP-64737,low,60535.59971,726.6,-1.3143,0.7002,0.4663,0.3884,1.60,
ASKAP J1832-0911,low,ASKAP-65624,low,60557.50927,736.5,-0.0880,0.6789,-0.1070,0.4098,1.60,
ASKAP J1832-0911,low,ASKAP-65628,low,60557.55098,736.5,nan,nan,nan,nan,nan,
ASKAP J1832-0911,low,ASKAP-65648,low,60558.53430,666.9,-1.5208,1.1928,-0.8919,0.7977,0.51,
ASKAP J1832-0911,low,ASKAP-65924,low,60573.50051,736.5,nan,nan,nan,nan,nan,
ASKAP J1832-0911,low,ASKAP-66123,low,60581.40163,726.6,0.2662,0.7861,-0.4856,0.3418,1.60,
ASKAP J1832-0911,low,ASKAP-66124,low,60581.41108,716.6,0.5188,0.9060,-0.3002,0.4768,0.51,
ASKAP J1832-0911,low,ASKAP-66744,low,60601.43863,736.5,nan,nan,nan,nan,nan,
ASKAP J1832-0911,low,ASKAP-67012,low,60606.35045,716.6,-0.3814,0.6606,-0.1565,0.3731,1.60,
ASKAP J1832-0911,low,ASKAP-67060,low,60607.41088,736.5,-0.4359,1.0966,0.1281,0.5366,0.51,
ASKAP J1832-0911,low,ASKAP-67936,low,60627.33935,726.6,nan,nan,nan,nan,nan,
ASKAP J1832-0911,low,ASKAP-81907,low,61077.13796,726.6,0.8887,0.7492,0.3384,0.4083,1.60,
ASKAP J1832-0911,low,ASKAP-81993,low,61077.99087,736.5,nan,nan,nan,nan,nan,
ASKAP J1832-0911,low,ASKAP-81909,low,61077.15662,736.5,1.2540,0.9045,-0.8441,0.4196,0.51,
ASKAP J1832-0911,low,ASKAP-81889,low,61076.95341,726.6,2.2901,0.8282,-0.3635,0.3805,1.60,
ASKAP J1832-0911,low,ASKAP-81892,low,61076.98302,726.6,0.8768,0.8310,-0.6068,0.4734,0.51,
ASKAP J1832-0911,low,ASKAP-81893,low,61076.99269,726.6,nan,nan,nan,nan,nan,
ASKAP J1832-0911,low,ASKAP-82093,low,61079.10232,736.5,-0.1572,0.8159,0.2100,0.5233,0.51,
ASKAP J1832-0911,low,ASKAP-82089,low,61079.06107,726.6,-1.3338,0.6892,-0.1949,0.3515,1.60,
ASKAP J1832-0911,low,ASKAP-82178,low,61080.08981,736.5,-1.5476,0.7935,-0.5307,0.3897,1.60,
ASKAP J1832-0911,low,ASKAP-82097,low,61079.14287,736.5,nan,nan,nan,nan,nan,
ASKAP J1832-0911,low,ASKAP-82078,low,61078.95555,726.6,0.5633,0.8370,-0.1185,0.3602,1.60,
ASKAP J1832-0911,low,ASKAP-82082,low,61078.99207,726.6,nan,nan,nan,nan,nan,
ASKAP J1832-0911,low,ASKAP-82180,low,61080.10986,726.6,0.2708,0.9228,-0.8673,0.4638,0.51,
ASKAP J1832-0911,low,ASKAP-82079,low,61078.96454,726.6,-0.0019,0.8710,0.4458,0.4027,0.51,
ASKAP J1832-0911,low,ASKAP-82184,low,61080.15133,726.6,nan,nan,nan,nan,nan,
ASKAP J1832-0911,low,ASKAP-85987,low,61220.53285,736.5,0.4766,0.8715,-0.2203,0.2425,0.38,
ASKAP J1832-0911,low,ASKAP-86006,low,61220.72155,726.6,-0.4214,0.6543,0.1274,0.2491,0.38,
ASKAP J1832-0911,low,ASKAP-85897,low,61216.79436,726.6,-0.9496,0.8026,0.0721,0.2879,0.38,
ASKAP J1832-0911,low,ASKAP-85882,low,61216.64610,726.6,0.3589,0.5771,0.2029,0.2686,0.38,
ASKAP J1832-0911,low,ASKAP-85790,low,61215.70776,736.5,-0.1041,0.7341,-0.0535,0.2387,0.38,
ASKAP J1832-0911,low,ASKAP-86090,low,61221.77100,726.6,0.7904,0.7286,-0.6029,0.3012,0.38,
ASKAP J1832-0911,low,ASKAP-85781,low,61215.62032,726.6,0.6091,0.5951,-0.0391,0.2348,0.38,
ASKAP J1832-0911,low,ASKAP-86014,low,61220.80497,726.6,0.6563,0.6783,-0.2005,0.2635,1.10,
ASKAP J183950.5-075635,low,ASKAP-45540,low,59897.27995,726.0,nan,nan,nan,nan,nan,
ASKAP J183950.5-075635,low,ASKAP-45677,low,59902.24879,726.0,nan,nan,nan,nan,nan,
ASKAP J183950.5-075635,low,ASKAP-46057,low,59921.17767,726.0,nan,nan,nan,nan,nan,
ASKAP J183950.5-075635,low,ASKAP-46806,low,59934.14930,726.0,nan,nan,nan,nan,nan,
ASKAP J183950.5-075635,low,ASKAP-47065,low,59950.12095,716.0,nan,nan,nan,nan,nan,
ASKAP J183950.5-075635,low,ASKAP-47255,low,59965.05466,716.0,nan,nan,nan,nan,nan,
ASKAP J183950.5-075635,low,ASKAP-47633,low,59979.12999,716.0,nan,nan,nan,nan,nan,
ASKAP J183950.5-075635,low,ASKAP-47698,low,59980.13019,726.0,nan,nan,nan,nan,nan,
ASKAP J183950.5-075635,low,ASKAP-48263,low,59994.08971,716.0,nan,nan,nan,nan,nan,
ASKAP J183950.5-075635,low,ASKAP-48467,low,59998.07688,716.0,nan,nan,nan,nan,nan,
ASKAP J183950.5-075635,low,ASKAP-48858,low,60009.96141,726.0,nan,nan,nan,nan,nan,
ASKAP J183950.5-075635,low,ASKAP-49021,low,60025.92052,716.0,nan,nan,nan,nan,nan,
ASKAP J183950.5-075635,low,ASKAP-49152,low,60040.88478,716.0,nan,nan,nan,nan,nan,
ASKAP J183950.5-075635,low,ASKAP-49600,low,60055.83368,716.0,nan,nan,nan,nan,nan,
ASKAP J183950.5-075635,low,ASKAP-49879,low,60070.79840,716.0,nan,nan,nan,nan,nan,
ASKAP J183950.5-075635,low,ASKAP-50157,low,60085.75941,716.0,nan,nan,nan,nan,nan,
ASKAP J183950.5-075635,low,ASKAP-50391,low,60100.67755,716.0,nan,nan,nan,nan,nan,
ASKAP J183950.5-075635,low,ASKAP-50653,low,60116.65394,726.0,nan,nan,nan,nan,nan,
ASKAP J183950.5-075635,low,ASKAP-51111,low,60129.63854,726.0,nan,nan,nan,nan,nan,
ASKAP J183950.5-075635,low,ASKAP-51492,low,60143.68466,726.0,nan,nan,nan,nan,nan,
ASKAP J183950.5-075635,low,ASKAP-51826,low,60160.62537,726.0,nan,nan,nan,nan,nan,
ASKAP J183950.5-075635,low,ASKAP-86173,low,61222.63719,726.6,-0.0067,0.3949,0.0698,0.2768,1.12,
ASKAP J183950.5-075635,low,ASKAP-86181,low,61222.71541,726.6,-0.6712,0.4512,0.1686,0.2721,1.09,
ASKAP J183950.5-075635,low,ASKAP-52093,low,60178.54257,726.0,nan,nan,nan,nan,nan,
ASKAP J183950.5-075635,low,ASKAP-52156,low,60182.54348,716.0,nan,nan,nan,nan,nan,
ASKAP J183950.5-075635,low,ASKAP-52159,low,60182.57251,726.0,nan,nan,nan,nan,nan,
ASKAP J183950.5-075635,low,ASKAP-52903,low,60197.41863,776.0,nan,nan,nan,nan,nan,
ASKAP J183950.5-075635,low,ASKAP-53253,low,60211.48963,726.0,nan,nan,nan,nan,nan,
ASKAP J183950.5-075635,low,ASKAP-53604,low,60233.36317,736.5,nan,nan,nan,nan,nan,
ASKAP J183950.5-075635,low,ASKAP-54510,low,60248.36847,736.5,nan,nan,nan,nan,nan,
ASKAP J183950.5-075635,low,ASKAP-54904,low,60266.24733,726.6,nan,nan,nan,nan,nan,
ASKAP J183950.5-075635,low,ASKAP-55237,low,60286.28559,726.6,nan,nan,nan,nan,nan,unreleased: obscore obs_release_date is NULL (never publicly released; verified 2026-08-15)
ASKAP J183950.5-075635,low,ASKAP-55892,low,60303.18199,796.3,nan,nan,nan,nan,nan,unreleased: obscore obs_release_date is NULL (never publicly released; verified 2026-08-15)
ASKAP J183950.5-075635,low,ASKAP-57097,low,60319.19160,716.6,nan,nan,nan,nan,nan,unreleased: obscore obs_release_date is NULL (never publicly released; verified 2026-08-15)
ASKAP J183950.5-075635,low,ASKAP-58455,low,60342.01741,736.5,nan,nan,nan,nan,nan,unreleased: obscore obs_release_date is NULL (never publicly released; verified 2026-08-15)
ASKAP J183950.5-075635,low,ASKAP-59310,low,60362.02074,726.6,nan,nan,nan,nan,nan,unreleased: obscore obs_release_date is NULL (never publicly released; verified 2026-08-15)
ASKAP J183950.5-075635,low,ASKAP-59890,low,60379.02272,736.5,nan,nan,nan,nan,nan,unreleased: obscore obs_release_date is NULL (never publicly released; verified 2026-08-15)
ASKAP J183950.5-075635,low,ASKAP-60182,low,60387.89131,736.5,nan,nan,nan,nan,nan,unreleased: obscore obs_release_date is NULL (never publicly released; verified 2026-08-15)
ASKAP J183950.5-075635,low,ASKAP-60216,low,60388.95555,786.3,nan,nan,nan,nan,nan,unreleased: obscore obs_release_date is NULL (never publicly released; verified 2026-08-15)
ASKAP J183950.5-075635,low,ASKAP-60333,low,60393.94304,736.5,nan,nan,nan,nan,nan,unreleased: obscore obs_release_date is NULL (never publicly released; verified 2026-08-15)
ASKAP J183950.5-075635,low,ASKAP-60804,low,60404.92030,736.5,1.2614,1.3435,-1.1267,1.0314,1.00,
ASKAP J183950.5-075635,low,ASKAP-60866,low,60405.88300,736.5,-0.0740,0.4006,-0.3497,0.2838,0.78,
ASKAP J183950.5-075635,low,ASKAP-61018,low,60407.94975,716.6,nan,nan,nan,nan,nan,
ASKAP J183950.5-075635,low,ASKAP-61307,low,60419.85473,726.6,-1.0913,1.3397,-0.5908,0.9198,1.00,
ASKAP J183950.5-075635,low,ASKAP-61310,low,60419.88572,736.5,0.0955,0.3733,-0.2031,0.2452,0.78,
ASKAP J183950.5-075635,low,ASKAP-61530,low,60422.79984,736.5,nan,nan,nan,nan,nan,
ASKAP J183950.5-075635,low,ASKAP-62030,low,60433.86902,726.6,-0.4099,1.8034,0.9315,1.0046,1.01,
ASKAP J183950.5-075635,low,ASKAP-62032,low,60433.89701,726.6,12.1606,0.5778,2.1341,0.3319,0.77,
ASKAP J183950.5-075635,low,ASKAP-62279,low,60440.77120,726.6,nan,nan,nan,nan,nan,
ASKAP J183950.5-075635,low,ASKAP-62473,low,60449.80581,726.6,1.2903,1.3940,-0.0355,1.0975,1.03,
ASKAP J183950.5-075635,low,ASKAP-62488,low,60450.72895,726.6,0.2558,0.4150,0.1729,0.2449,0.79,
ASKAP J183950.5-075635,low,ASKAP-62644,low,60468.67378,716.6,nan,nan,nan,nan,nan,
ASKAP J183950.5-075635,low,ASKAP-62646,low,60468.69244,726.6,68.2234,1.8890,24.3499,1.2895,1.00,
ASKAP J183950.5-075635,low,ASKAP-62650,low,60468.73011,736.5,-0.6828,0.5328,0.2699,0.3242,0.78,
ASKAP J183950.5-075635,low,ASKAP-63209,low,60483.69681,736.5,0.5379,1.3824,0.3218,1.1563,1.00,
ASKAP J183950.5-075635,low,ASKAP-63213,low,60483.73747,726.6,nan,nan,nan,nan,nan,
ASKAP J183950.5-075635,low,ASKAP-63236,low,60484.65499,736.5,0.1564,0.4242,-0.5422,0.2907,0.80,
ASKAP J183950.5-075635,low,ASKAP-63498,low,60497.70007,726.6,0.0525,1.3907,-1.4157,0.9840,1.03,
ASKAP J183950.5-075635,low,ASKAP-63604,low,60503.67505,726.6,nan,nan,nan,nan,nan,
ASKAP J183950.5-075635,low,ASKAP-63606,low,60503.69669,726.6,-0.2486,0.3998,-0.2247,0.2588,0.79,
ASKAP J183950.5-075635,low,ASKAP-64113,low,60512.54261,726.6,-0.3366,1.5667,0.5307,1.2294,1.01,
ASKAP J183950.5-075635,low,ASKAP-64732,low,60535.53409,726.6,nan,nan,nan,nan,nan,
ASKAP J183950.5-075635,low,ASKAP-64733,low,60535.54696,726.6,-0.7310,0.4477,-0.1268,0.3077,0.78,
ASKAP J183950.5-075635,low,ASKAP-64737,low,60535.59971,726.6,-0.1117,1.4978,-1.6841,1.0739,0.98,
ASKAP J183950.5-075635,low,ASKAP-65624,low,60557.50927,736.5,1.8431,1.3685,-0.5016,1.1205,1.00,
ASKAP J183950.5-075635,low,ASKAP-65628,low,60557.55098,736.5,-0.9534,0.4481,0.0580,0.3056,0.79,
ASKAP J183950.5-075635,low,ASKAP-65648,low,60558.53430,666.9,nan,nan,nan,nan,nan,
ASKAP J183950.5-075635,low,ASKAP-65924,low,60573.50051,736.5,0.3006,0.3948,-0.2881,0.2649,0.79,
ASKAP J183950.5-075635,low,ASKAP-66123,low,60581.40163,726.6,-3.1897,1.2433,0.1974,0.9575,1.00,
ASKAP J183950.5-075635,low,ASKAP-66124,low,60581.41108,716.6,nan,nan,nan,nan,nan,
ASKAP J183950.5-075635,low,ASKAP-66744,low,60601.43863,736.5,-0.5151,0.3635,-0.4540,0.2560,0.77,
ASKAP J183950.5-075635,low,ASKAP-67012,low,60606.35045,716.6,-4.1609,1.2001,1.4936,0.8982,1.00,
ASKAP J183950.5-075635,low,ASKAP-67060,low,60607.41088,736.5,nan,nan,nan,nan,nan,
ASKAP J183950.5-075635,low,ASKAP-67936,low,60627.33935,726.6,-0.1689,0.4670,0.0578,0.3379,0.79,
ASKAP J183950.5-075635,low,ASKAP-81907,low,61077.13796,726.6,-1.7065,1.1561,-0.7126,0.8834,1.03,
ASKAP J183950.5-075635,low,ASKAP-81993,low,61077.99087,736.5,0.5484,0.3557,0.2239,0.2286,0.80,
ASKAP J183950.5-075635,low,ASKAP-81889,low,61076.95341,726.6,0.9933,0.9928,0.1375,0.8731,1.03,
ASKAP J183950.5-075635,low,ASKAP-81893,low,61076.99269,726.6,-0.0725,0.3944,-0.1295,0.3025,0.80,
ASKAP J183950.5-075635,low,ASKAP-82089,low,61079.06107,726.6,-0.9670,1.2747,-2.6821,0.9433,1.00,
ASKAP J183950.5-075635,low,ASKAP-82178,low,61080.08981,736.5,-1.1256,1.2336,0.8023,1.0001,1.03,
ASKAP J183950.5-075635,low,ASKAP-82097,low,61079.14287,736.5,-0.6889,0.4785,-0.2637,0.3260,0.80,
ASKAP J183950.5-075635,low,ASKAP-82078,low,61078.95555,726.6,-0.2794,1.2587,0.0349,0.9429,1.03,
ASKAP J183950.5-075635,low,ASKAP-82082,low,61078.99207,726.6,0.1611,0.3534,0.2723,0.2990,0.80,
ASKAP J183950.5-075635,low,ASKAP-82184,low,61080.15133,726.6,0.4554,0.4702,-0.1978,0.2924,0.80,
ASKAP J183950.5-075635,low,ASKAP-85987,low,61220.53285,736.5,0.4098,0.3802,-0.0024,0.2421,1.09,
ASKAP J183950.5-075635,low,ASKAP-86006,low,61220.72155,726.6,-0.9376,0.4057,0.3623,0.2447,1.09,
ASKAP J183950.5-075635,low,ASKAP-85897,low,61216.79436,726.6,0.0429,0.5612,-0.1940,0.2678,1.09,
ASKAP J183950.5-075635,low,ASKAP-85882,low,61216.64610,726.6,-0.0498,0.4350,-0.1773,0.2550,1.09,
ASKAP J183950.5-075635,low,ASKAP-85790,low,61215.70776,736.5,0.3137,0.3821,-0.1533,0.2800,1.09,
ASKAP J183950.5-075635,low,ASKAP-86090,low,61221.77100,726.6,-0.1146,0.4768,-0.0653,0.2473,1.09,
ASKAP J183950.5-075635,low,ASKAP-85781,low,61215.62032,726.6,-0.1862,0.3910,-0.5148,0.2445,1.09,
ASKAP J183950.5-075635,low,ASKAP-86014,low,61220.80497,726.6,-0.2154,0.4258,-0.1312,0.2414,1.10,
ASKAP J175534.9-252749.1,low,ASKAP-45538,low,59897.26060,726.0,-0.2140,0.3878,0.0209,0.1934,0.37,
ASKAP J175534.9-252749.1,low,ASKAP-45543,low,59897.31025,716.0,0.7305,0.7657,0.4858,0.5301,1.07,
ASKAP J175534.9-252749.1,low,ASKAP-45674,low,59902.22103,726.0,-1.6867,0.7275,-0.3408,0.4284,1.06,
ASKAP J175534.9-252749.1,low,ASKAP-45675,low,59902.23013,716.0,0.4064,0.3932,-0.2464,0.1936,0.35,
ASKAP J175534.9-252749.1,low,ASKAP-46055,low,59921.15959,716.0,0.1662,0.4523,-0.1587,0.2656,0.38,
ASKAP J175534.9-252749.1,low,ASKAP-47027,low,59949.07303,726.0,nan,nan,nan,nan,nan,unreleased: obscore obs_release_date is NULL (never publicly released; verified 2026-08-15)
ASKAP J175534.9-252749.1,low,ASKAP-47028,low,59949.08316,716.0,nan,nan,nan,nan,nan,unreleased: obscore obs_release_date is NULL (never publicly released; verified 2026-08-15)
ASKAP J175534.9-252749.1,low,ASKAP-47062,low,59950.09188,736.0,0.2182,0.8378,-0.4255,0.5394,1.02,
ASKAP J175534.9-252749.1,low,ASKAP-47063,low,59950.10147,726.0,0.3355,0.4219,0.0845,0.2223,0.37,
ASKAP J175534.9-252749.1,low,ASKAP-47251,low,59965.01722,726.0,0.8413,0.7510,-0.4897,0.4712,1.07,
ASKAP J175534.9-252749.1,low,ASKAP-47253,low,59965.03589,726.0,24.9303,0.4351,6.3203,0.2288,0.36,
ASKAP J175534.9-252749.1,low,ASKAP-47627,low,59979.07193,726.0,-0.1815,0.7257,-0.2371,0.4730,1.06,
ASKAP J175534.9-252749.1,low,ASKAP-47630,low,59979.10142,736.0,0.2371,0.3684,-0.0380,0.2210,0.37,
ASKAP J175534.9-252749.1,low,ASKAP-47692,low,59980.07167,726.0,0.1963,0.7504,0.4875,0.5732,1.08,
ASKAP J175534.9-252749.1,low,ASKAP-47695,low,59980.10174,736.0,0.8787,0.4576,-0.3135,0.2957,0.38,
ASKAP J175534.9-252749.1,low,ASKAP-48259,low,59994.05273,736.0,0.8488,0.9345,-0.4476,0.6932,1.04,
ASKAP J175534.9-252749.1,low,ASKAP-48346,low,59994.99050,726.0,-0.0213,0.4350,-0.4965,0.3428,0.36,
ASKAP J175534.9-252749.1,low,ASKAP-48463,low,59998.03748,726.0,0.0470,0.8520,-0.2770,0.7276,1.03,
ASKAP J175534.9-252749.1,low,ASKAP-48544,low,59998.94262,736.0,-0.1248,0.4264,-0.0290,0.2953,0.36,
ASKAP J175534.9-252749.1,low,ASKAP-48852,low,60009.90589,716.0,3.3578,0.8610,0.9526,0.7470,1.07,
ASKAP J175534.9-252749.1,low,ASKAP-48856,low,60009.94264,726.0,1.1378,0.5267,-0.7681,0.3670,0.37,
ASKAP J175534.9-252749.1,low,ASKAP-49015,low,60025.86487,726.0,-0.0084,0.8203,1.0740,0.7568,1.06,
ASKAP J175534.9-252749.1,low,ASKAP-49019,low,60025.90174,726.0,0.7257,0.4177,0.0367,0.3156,0.37,
ASKAP J175534.9-252749.1,low,ASKAP-49147,low,60040.83033,726.0,0.0104,1.0585,-0.8560,0.8468,1.10,
ASKAP J175534.9-252749.1,low,ASKAP-49153,low,60040.90920,726.0,2.0531,0.5262,-0.2333,0.3596,0.35,
ASKAP J175534.9-252749.1,low,ASKAP-49594,low,60055.77873,716.0,0.4515,0.8513,0.3952,0.6874,1.08,
ASKAP J175534.9-252749.1,low,ASKAP-49598,low,60055.81559,716.0,0.1649,0.4556,0.0234,0.2749,0.35,
ASKAP J175534.9-252749.1,low,ASKAP-49873,low,60070.74276,726.0,-0.5166,0.7522,0.4644,0.6675,1.06,
ASKAP J175534.9-252749.1,low,ASKAP-49877,low,60070.78020,726.0,0.0116,0.3848,-0.2815,0.3020,0.38,
ASKAP J175534.9-252749.1,low,ASKAP-50151,low,60085.70446,716.0,0.5779,0.8169,-0.1995,0.6434,1.06,
ASKAP J175534.9-252749.1,low,ASKAP-50155,low,60085.74064,726.0,0.1994,0.3556,-0.2290,0.2592,0.37,
ASKAP J175534.9-252749.1,low,ASKAP-50649,low,60116.61766,726.0,1.1787,0.7728,1.4611,0.6387,1.06,
ASKAP J175534.9-252749.1,low,ASKAP-51105,low,60129.58359,716.0,1.4061,0.7925,0.0887,0.6638,1.06,
ASKAP J175534.9-252749.1,low,ASKAP-51108,low,60129.61136,726.0,0.6541,0.4064,0.5593,0.3179,0.37,
ASKAP J175534.9-252749.1,low,ASKAP-51488,low,60143.64606,726.0,-1.3832,0.8363,-1.4491,0.7152,1.04,
ASKAP J175534.9-252749.1,low,ASKAP-51529,low,60146.56768,726.0,0.7658,0.4083,0.0566,0.2950,0.37,
ASKAP J175534.9-252749.1,low,ASKAP-51822,low,60160.58850,736.0,1.6747,0.7243,0.8789,0.6938,1.04,
ASKAP J175534.9-252749.1,low,ASKAP-86168,low,61222.58961,726.6,0.4041,0.4091,-0.3274,0.2428,1.16,
ASKAP J175534.9-252749.1,low,ASKAP-51863,low,60163.60729,726.0,0.2796,0.3922,0.0652,0.2796,0.37,
ASKAP J175534.9-252749.1,low,ASKAP-52090,low,60178.51181,726.0,-0.1373,0.7483,-0.0664,0.6444,1.06,
ASKAP J175534.9-252749.1,low,ASKAP-52095,low,60178.56239,716.0,0.5048,0.3715,-0.0882,0.2836,0.37,
ASKAP J175534.9-252749.1,low,ASKAP-52637,low,60193.47704,736.0,-0.8522,0.7606,0.5849,0.6850,1.06,
ASKAP J175534.9-252749.1,low,ASKAP-52639,low,60193.49847,736.0,0.3030,0.3913,-0.4829,0.2857,0.37,
ASKAP J175534.9-252749.1,low,ASKAP-53319,low,60218.36024,726.0,0.5836,0.7723,0.4936,0.6719,1.06,
ASKAP J175534.9-252749.1,low,ASKAP-53338,low,60219.42325,726.0,0.2993,0.3783,-0.4832,0.3066,0.37,
ASKAP J175534.9-252749.1,low,ASKAP-53606,low,60233.38287,726.6,1.4945,0.7407,0.2919,0.6522,1.08,
ASKAP J175534.9-252749.1,low,ASKAP-53803,low,60235.30474,716.6,0.2661,0.4294,-0.2583,0.3054,0.35,
ASKAP J175534.9-252749.1,low,ASKAP-54507,low,60248.33886,726.6,0.1494,0.8765,0.1451,0.7282,1.08,
ASKAP J175534.9-252749.1,low,ASKAP-54614,low,60249.37273,726.6,0.2687,0.4914,0.0624,0.3045,0.37,
ASKAP J175534.9-252749.1,low,ASKAP-54900,low,60266.21092,726.6,0.5194,0.8505,-1.0482,0.6535,1.06,
ASKAP J175534.9-252749.1,low,ASKAP-54909,low,60266.29421,736.5,0.1523,0.4182,0.5745,0.3217,0.37,
ASKAP J175534.9-252749.1,low,ASKAP-56151,low,60306.16892,726.6,nan,nan,nan,nan,nan,unreleased: obscore obs_release_date is NULL (never publicly released; verified 2026-08-15)
ASKAP J175534.9-252749.1,low,ASKAP-56612,low,60312.17232,736.5,nan,nan,nan,nan,nan,unreleased: obscore obs_release_date is NULL (never publicly released; verified 2026-08-15)
ASKAP J175534.9-252749.1,low,ASKAP-86183,low,61222.73476,726.6,-0.0797,0.4183,-0.2185,0.3008,1.13,
ASKAP J175534.9-252749.1,low,ASKAP-57373,low,60324.12016,726.6,nan,nan,nan,nan,nan,unreleased: obscore obs_release_date is NULL (never publicly released; verified 2026-08-15)
ASKAP J175534.9-252749.1,low,ASKAP-57786,low,60330.15127,736.5,nan,nan,nan,nan,nan,unreleased: obscore obs_release_date is NULL (never publicly released; verified 2026-08-15)
ASKAP J175534.9-252749.1,low,ASKAP-58460,low,60342.06798,726.6,nan,nan,nan,nan,nan,unreleased: obscore obs_release_date is NULL (never publicly released; verified 2026-08-15)
ASKAP J175534.9-252749.1,low,ASKAP-58668,low,60344.98897,726.6,nan,nan,nan,nan,nan,unreleased: obscore obs_release_date is NULL (never publicly released; verified 2026-08-15)
ASKAP J175534.9-252749.1,low,ASKAP-59401,low,60363.96965,726.6,nan,nan,nan,nan,nan,unreleased: obscore obs_release_date is NULL (never publicly released; verified 2026-08-15)
ASKAP J175534.9-252749.1,low,ASKAP-59465,low,60366.04102,726.6,nan,nan,nan,nan,nan,unreleased: obscore obs_release_date is NULL (never publicly released; verified 2026-08-15)
ASKAP J175534.9-252749.1,low,ASKAP-60044,low,60383.90162,726.6,nan,nan,nan,nan,nan,unreleased: obscore obs_release_date is NULL (never publicly released; verified 2026-08-15)
ASKAP J175534.9-252749.1,low,ASKAP-60147,low,60386.85312,726.6,nan,nan,nan,nan,nan,unreleased: obscore obs_release_date is NULL (never publicly released; verified 2026-08-15)
ASKAP J175534.9-252749.1,low,ASKAP-60571,low,60399.94408,736.5,nan,nan,nan,nan,nan,unreleased: obscore obs_release_date is NULL (never publicly released; verified 2026-08-15)
ASKAP J175534.9-252749.1,low,ASKAP-60803,low,60404.91017,736.5,-0.6683,0.7203,-0.2098,0.6537,1.08,
ASKAP J175534.9-252749.1,low,ASKAP-61159,low,60416.81229,716.6,0.1637,0.4428,-0.4694,0.2924,0.35,
ASKAP J175534.9-252749.1,low,ASKAP-61308,low,60419.86487,736.5,-1.2930,0.8306,-0.5126,0.6996,1.06,
ASKAP J175534.9-252749.1,low,ASKAP-61943,low,60430.84964,696.7,0.3225,0.3929,-0.4664,0.3541,0.37,
ASKAP J175534.9-252749.1,low,ASKAP-62164,low,60435.72340,726.6,-0.8708,0.8454,0.0348,0.7962,1.08,
ASKAP J175534.9-252749.1,low,ASKAP-62421,low,60445.74283,736.5,0.3470,0.4260,0.1850,0.3062,0.37,
ASKAP J175534.9-252749.1,low,ASKAP-62494,low,60450.79120,736.5,1.3283,0.8275,-0.3490,0.6891,1.04,
ASKAP J175534.9-252749.1,low,ASKAP-62640,low,60468.63415,716.6,-0.2582,0.9787,-0.4992,0.8306,1.08,
ASKAP J175534.9-252749.1,low,ASKAP-62643,low,60468.66214,726.6,-0.3028,0.4792,0.8109,0.3520,0.35,
ASKAP J175534.9-252749.1,low,ASKAP-63232,low,60484.60347,736.5,-0.0927,1.0808,1.5603,0.7913,1.08,
ASKAP J175534.9-252749.1,low,ASKAP-63235,low,60484.64119,726.6,1.5660,0.3830,-0.7203,0.3366,0.37,
ASKAP J175534.9-252749.1,low,ASKAP-63600,low,60503.63289,736.5,8.1581,0.7722,-1.0568,0.6774,1.06,
ASKAP J175534.9-252749.1,low,ASKAP-63602,low,60503.65408,736.5,0.8049,0.4100,0.3090,0.2836,0.37,
ASKAP J175534.9-252749.1,low,ASKAP-64726,low,60535.45565,736.5,0.2947,0.8491,-0.1081,0.7852,1.08,
ASKAP J175534.9-252749.1,low,ASKAP-64729,low,60535.49681,726.6,-0.0847,0.4038,-0.2286,0.3191,0.37,
ASKAP J175534.9-252749.1,low,ASKAP-65614,low,60557.40306,736.5,-0.2445,0.8352,-0.9795,0.7486,1.08,
ASKAP J175534.9-252749.1,low,ASKAP-65623,low,60557.49602,726.6,0.4165,0.3960,-0.2880,0.2967,0.37,
ASKAP J175534.9-252749.1,low,ASKAP-65913,low,60573.37822,736.5,-0.7136,0.8654,-0.2922,0.7444,1.06,
ASKAP J175534.9-252749.1,low,ASKAP-65922,low,60573.47966,716.6,-0.3625,0.3864,0.2724,0.3028,0.37,
ASKAP J175534.9-252749.1,low,ASKAP-66522,low,60597.40157,726.6,0.3948,0.6740,0.4664,0.6580,1.04,
ASKAP J175534.9-252749.1,low,ASKAP-66710,low,60600.41105,716.6,-0.1765,0.4115,-0.3032,0.3111,0.37,
ASKAP J175534.9-252749.1,low,ASKAP-67931,low,60627.29050,726.6,1.8796,0.8765,-1.8711,0.7954,1.06,
ASKAP J175534.9-252749.1,low,ASKAP-67935,low,60627.32944,716.6,0.7993,0.5184,0.3357,0.3395,0.37,
ASKAP J175534.9-252749.1,low,ASKAP-81900,low,61077.06469,726.6,-0.2388,0.6538,0.1205,0.5727,1.08,
ASKAP J175534.9-252749.1,low,ASKAP-81904,low,61077.10812,736.5,0.6754,0.3717,-0.1735,0.2698,0.37,
ASKAP J175534.9-252749.1,low,ASKAP-82001,low,61078.07231,736.5,0.7084,0.3453,-0.3528,0.3042,0.35,
ASKAP J175534.9-252749.1,low,ASKAP-81819,low,61076.15050,736.5,0.3955,0.4268,0.1873,0.2849,0.35,
ASKAP J175534.9-252749.1,low,ASKAP-81816,low,61076.11928,736.5,0.7918,0.8000,0.3819,0.6879,1.09,
ASKAP J175534.9-252749.1,low,ASKAP-81999,low,61078.05008,726.6,0.2036,0.7010,0.8547,0.6436,1.08,
ASKAP J175534.9-252749.1,low,ASKAP-82174,low,61080.04811,726.6,0.3874,0.7988,0.8968,0.6911,1.08,
ASKAP J175534.9-252749.1,low,ASKAP-82091,low,61079.08204,726.6,0.6225,0.3736,0.1882,0.2912,0.35,
ASKAP J175534.9-252749.1,low,ASKAP-82177,low,61080.07887,726.6,0.1904,0.3907,-0.1453,0.3083,0.35,
ASKAP J175534.9-252749.1,low,ASKAP-82077,low,61078.94634,736.5,-0.2252,0.7158,-1.0880,0.6287,1.04,
ASKAP J175534.9-252749.1,low,ASKAP-85778,low,61215.59256,726.6,0.2247,0.4238,-0.0148,0.2721,1.13,
ASKAP J175534.9-252749.1,low,ASKAP-86087,low,61221.74150,736.5,0.2162,0.3933,0.0719,0.2780,1.13,
ASKAP J175534.9-252749.1,low,ASKAP-86070,low,61221.56829,726.6,0.0387,0.3656,0.2295,0.2573,1.54,
ASKAP J175534.9-252749.1,low,ASKAP-86063,low,61221.49525,726.6,0.7151,0.4553,-0.0155,0.2257,1.16,
ASKAP J175534.9-252749.1,low,ASKAP-85894,low,61216.76452,726.6,0.8845,0.5210,-0.2892,0.2760,1.16,
ASKAP J175534.9-252749.1,low,ASKAP-85797,low,61215.77665,726.6,0.7050,0.4094,-0.1114,0.2637,1.13,
ASKAP J175534.9-252749.1,low,ASKAP-86081,low,61221.67945,726.6,0.3053,0.3616,0.1298,0.2713,1.13,
ASKAP J175534.9-252749.1,low,ASKAP-85878,low,61216.60912,736.5,0.2432,0.3429,-0.2945,0.2659,1.16,
ASKAP J142431.2-612611,low,ASKAP-45665,low,59902.05111,716.0,-0.0834,0.2327,0.1786,0.1531,0.91,
ASKAP J142431.2-612611,low,ASKAP-45667,low,59902.06977,716.0,0.6389,0.4208,0.1867,0.2633,1.21,
ASKAP J142431.2-612611,low,ASKAP-45980,low,59919.99310,726.0,0.1905,0.2930,-0.1076,0.2126,0.92,
ASKAP J142431.2-612611,low,ASKAP-46041,low,59921.02123,726.0,-0.0807,0.4502,0.3375,0.3185,1.20,
ASKAP J142431.2-612611,low,ASKAP-46795,low,59933.96743,716.0,0.0924,0.2398,0.1890,0.1488,0.90,
ASKAP J142431.2-612611,low,ASKAP-46797,low,59933.98631,726.0,-0.0309,0.3962,-0.1192,0.3974,1.21,
ASKAP J142431.2-612611,low,ASKAP-47011,low,59948.91966,726.0,nan,nan,nan,nan,nan,unreleased: obscore obs_release_date is NULL (never publicly released; verified 2026-08-15)
ASKAP J142431.2-612611,low,ASKAP-47014,low,59948.95068,726.0,nan,nan,nan,nan,nan,unreleased: obscore obs_release_date is NULL (never publicly released; verified 2026-08-15)
ASKAP J142431.2-612611,low,ASKAP-47052,low,59949.90491,736.0,0.2454,0.3189,0.3241,0.2351,0.92,
ASKAP J142431.2-612611,low,ASKAP-47056,low,59949.94642,736.0,-0.8013,0.5410,-0.1798,0.3758,1.20,
ASKAP J142431.2-612611,low,ASKAP-47236,low,59964.86481,726.0,-0.4228,0.2850,-0.1538,0.1556,0.92,
ASKAP J142431.2-612611,low,ASKAP-47240,low,59964.90675,726.0,-0.6607,0.4453,-0.0920,0.3462,1.21,
ASKAP J142431.2-612611,low,ASKAP-47610,low,59978.82725,726.0,0.2014,0.2481,-0.2040,0.1542,0.91,
ASKAP J142431.2-612611,low,ASKAP-47614,low,59978.86123,726.0,-0.3855,0.4145,0.8197,0.3361,1.20,
ASKAP J142431.2-612611,low,ASKAP-47675,low,59979.82837,726.0,0.1418,0.2533,-0.1208,0.1756,0.91,
ASKAP J142431.2-612611,low,ASKAP-47679,low,59979.86016,726.0,-1.1910,0.4624,0.2074,0.4230,1.20,
ASKAP J142431.2-612611,low,ASKAP-48244,low,59993.78973,726.0,-0.0960,0.3183,0.3421,0.2608,0.91,
ASKAP J142431.2-612611,low,ASKAP-48247,low,59993.81980,716.0,-0.2046,0.5501,0.2250,0.4857,1.21,
ASKAP J142431.2-612611,low,ASKAP-48527,low,59998.77673,736.0,-0.3383,0.3149,-0.1415,0.2800,0.91,
ASKAP J142431.2-612611,low,ASKAP-48530,low,59998.80587,716.0,-0.6004,0.4852,-0.7181,0.4981,1.20,
ASKAP J142431.2-612611,low,ASKAP-48840,low,60009.74000,716.0,-0.1573,0.3261,-0.4227,0.2968,0.92,
ASKAP J142431.2-612611,low,ASKAP-48842,low,60009.77468,726.0,-1.0682,0.5345,-0.8087,0.5225,1.20,
ASKAP J142431.2-612611,low,ASKAP-49003,low,60025.69841,716.0,0.2021,0.2625,0.1081,0.2248,0.91,
ASKAP J142431.2-612611,low,ASKAP-49005,low,60025.73309,716.0,0.7799,0.4600,-0.7486,0.4389,1.20,
ASKAP J142431.2-612611,low,ASKAP-49135,low,60040.65919,726.0,-0.2002,0.3204,0.1431,0.2571,0.91,
ASKAP J142431.2-612611,low,ASKAP-49137,low,60040.69312,716.0,-0.5270,0.4894,-0.0228,0.5279,1.20,
ASKAP J142431.2-612611,low,ASKAP-49582,low,60055.62551,716.0,0.2930,0.2643,0.0655,0.2295,0.91,
ASKAP J142431.2-612611,low,ASKAP-49584,low,60055.64982,716.0,-0.0478,0.4228,0.3657,0.4229,1.20,
ASKAP J142431.2-612611,low,ASKAP-49861,low,60070.62952,736.0,-0.1448,0.2522,-0.1050,0.2135,0.91,
ASKAP J142431.2-612611,low,ASKAP-49863,low,60070.64841,716.0,-0.0698,0.4156,-0.1562,0.4477,1.20,
ASKAP J142431.2-612611,low,ASKAP-50134,low,60085.53385,726.0,0.2865,0.2479,-0.4484,0.2101,0.92,
ASKAP J142431.2-612611,low,ASKAP-50139,low,60085.58857,726.0,-0.1283,0.4408,0.4011,0.4502,1.20,
ASKAP J142431.2-612611,low,ASKAP-50379,low,60100.52606,716.0,0.0653,0.2648,0.0960,0.2090,0.92,
ASKAP J142431.2-612611,low,ASKAP-50381,low,60100.54414,716.0,0.1757,0.4328,0.5372,0.3931,1.20,
ASKAP J142431.2-612611,low,ASKAP-50637,low,60116.50318,736.0,0.0530,0.2576,-0.0059,0.2156,0.90,
ASKAP J142431.2-612611,low,ASKAP-50639,low,60116.52207,716.0,0.4920,0.4085,-0.1181,0.3935,1.21,
ASKAP J142431.2-612611,low,ASKAP-51088,low,60129.42070,726.0,0.2233,0.2777,-0.0869,0.2325,0.92,
ASKAP J142431.2-612611,low,ASKAP-51091,low,60129.45054,716.0,-0.3620,0.4575,-0.1002,0.4107,1.20,
ASKAP J142431.2-612611,low,ASKAP-51481,low,60143.49156,726.0,0.0829,0.2708,-0.2602,0.2275,0.91,
ASKAP J142431.2-612611,low,ASKAP-51522,low,60146.41688,726.0,0.2076,0.4171,0.0512,0.4158,1.20,
ASKAP J142431.2-612611,low,ASKAP-86162,low,61222.52901,726.6,nan,nan,nan,nan,nan,
ASKAP J142431.2-612611,low,ASKAP-51817,low,60159.37232,726.0,-0.3775,0.2641,0.2096,0.1901,0.90,
ASKAP J142431.2-612611,low,ASKAP-86157,low,61222.47821,736.5,nan,nan,nan,nan,nan,
ASKAP J142431.2-612611,low,ASKAP-51960,low,60170.33544,726.0,1.1516,0.4294,-0.1061,0.4055,1.20,
ASKAP J142431.2-612611,low,ASKAP-51979,low,60173.39739,726.0,0.2557,0.3057,-0.1214,0.2163,0.91,
ASKAP J142431.2-612611,low,ASKAP-86154,low,61222.44630,736.5,0.0596,0.2771,-0.0051,0.2572,1.26,
ASKAP J142431.2-612611,low,ASKAP-52151,low,60182.32677,726.0,0.2285,0.2707,0.3593,0.2501,0.90,
ASKAP J142431.2-612611,low,ASKAP-52173,low,60183.32669,736.0,-0.3543,0.2612,-0.0362,0.2418,0.90,
ASKAP J142431.2-612611,low,ASKAP-52175,low,60183.34605,716.0,0.2074,0.2595,-0.1418,0.2305,0.92,
ASKAP J142431.2-612611,low,ASKAP-52177,low,60183.36690,736.0,-0.3202,0.2775,0.2870,0.2595,0.92,
ASKAP J142431.2-612611,low,ASKAP-52293,low,60186.28978,726.0,-0.0975,0.5160,0.3336,0.4541,1.20,
ASKAP J142431.2-612611,low,ASKAP-52997,low,60198.22155,726.0,0.0822,0.2626,-0.3955,0.2188,0.92,
ASKAP J142431.2-612611,low,ASKAP-53202,low,60203.31360,726.0,0.0137,0.4462,-0.2863,0.4060,1.20,
ASKAP J142431.2-612611,low,ASKAP-53482,low,60221.15684,736.0,0.3982,0.2497,-0.1831,0.2226,0.91,
ASKAP J142431.2-612611,low,ASKAP-53485,low,60221.19532,736.0,0.4359,0.4433,0.2229,0.4136,1.20,
ASKAP J142431.2-612611,low,ASKAP-53897,low,60236.11782,726.6,0.3919,0.2844,-0.2434,0.2838,0.92,
ASKAP J142431.2-612611,low,ASKAP-53900,low,60236.15284,736.5,0.3276,0.4823,-0.8174,0.4479,1.20,
ASKAP J142431.2-612611,low,ASKAP-54715,low,60250.13123,726.6,0.0739,0.2736,0.1258,0.2632,0.90,
ASKAP J142431.2-612611,low,ASKAP-54762,low,60251.12486,736.5,-0.3488,0.4461,-0.6078,0.4149,1.20,
ASKAP J142431.2-612611,low,ASKAP-54892,low,60266.03893,726.6,-0.2763,0.2656,-0.2629,0.2452,0.92,
ASKAP J142431.2-612611,low,ASKAP-54896,low,60266.07614,736.5,-0.3401,0.4597,-0.0368,0.4798,1.20,
ASKAP J142431.2-612611,low,ASKAP-55401,low,60293.97084,696.7,nan,nan,nan,nan,nan,unreleased: obscore obs_release_date is NULL (never publicly released; verified 2026-08-15)
ASKAP J142431.2-612611,low,ASKAP-55404,low,60294.01177,736.5,nan,nan,nan,nan,nan,unreleased: obscore obs_release_date is NULL (never publicly released; verified 2026-08-15)
ASKAP J142431.2-612611,low,ASKAP-56445,low,60309.97352,726.6,nan,nan,nan,nan,nan,unreleased: obscore obs_release_date is NULL (never publicly released; verified 2026-08-15)
ASKAP J142431.2-612611,low,ASKAP-56448,low,60310.00658,696.7,nan,nan,nan,nan,nan,unreleased: obscore obs_release_date is NULL (never publicly released; verified 2026-08-15)
ASKAP J142431.2-612611,low,ASKAP-86160,low,61222.50885,726.6,-0.0535,0.2900,-0.2487,0.2279,1.26,
ASKAP J142431.2-612611,low,ASKAP-57473,low,60324.87248,736.5,nan,nan,nan,nan,nan,unreleased: obscore obs_release_date is NULL (never publicly released; verified 2026-08-15)
ASKAP J142431.2-612611,low,ASKAP-57592,low,60326.91505,726.6,nan,nan,nan,nan,nan,unreleased: obscore obs_release_date is NULL (never publicly released; verified 2026-08-15)
ASKAP J142431.2-612611,low,ASKAP-58302,low,60339.84155,726.6,nan,nan,nan,nan,nan,unreleased: obscore obs_release_date is NULL (never publicly released; verified 2026-08-15)
ASKAP J142431.2-612611,low,ASKAP-58440,low,60341.86888,736.5,nan,nan,nan,nan,nan,unreleased: obscore obs_release_date is NULL (never publicly released; verified 2026-08-15)
ASKAP J142431.2-612611,low,ASKAP-59294,low,60361.77711,726.6,nan,nan,nan,nan,nan,unreleased: obscore obs_release_date is NULL (never publicly released; verified 2026-08-15)
ASKAP J142431.2-612611,low,ASKAP-59297,low,60361.80925,666.9,nan,nan,nan,nan,nan,unreleased: obscore obs_release_date is NULL (never publicly released; verified 2026-08-15)
ASKAP J142431.2-612611,low,ASKAP-59941,low,60380.74756,726.6,nan,nan,nan,nan,nan,unreleased: obscore obs_release_date is NULL (never publicly released; verified 2026-08-15)
ASKAP J142431.2-612611,low,ASKAP-59943,low,60380.76841,716.6,nan,nan,nan,nan,nan,unreleased: obscore obs_release_date is NULL (never publicly released; verified 2026-08-15)
ASKAP J142431.2-612611,low,ASKAP-60355,low,60395.68194,716.6,nan,nan,nan,nan,nan,unreleased: obscore obs_release_date is NULL (never publicly released; verified 2026-08-15)
ASKAP J142431.2-612611,low,ASKAP-60435,low,60396.71502,716.6,nan,nan,nan,nan,nan,unreleased: obscore obs_release_date is NULL (never publicly released; verified 2026-08-15)
ASKAP J142431.2-612611,low,ASKAP-61071,low,60412.71726,736.5,-0.0256,0.2392,-0.0310,0.2367,0.92,
ASKAP J142431.2-612611,low,ASKAP-61073,low,60412.73754,726.6,0.8278,0.4691,-0.4393,0.3790,1.21,
ASKAP J142431.2-612611,low,ASKAP-61816,low,60427.60118,726.6,-0.2738,0.2971,-0.1226,0.2394,0.92,
ASKAP J142431.2-612611,low,ASKAP-61819,low,60427.63214,736.5,-0.5838,0.4864,0.1046,0.4401,1.20,
ASKAP J142431.2-612611,low,ASKAP-62419,low,60445.63938,726.6,-0.2214,0.2540,-0.1510,0.2588,0.92,
ASKAP J142431.2-612611,low,ASKAP-62505,low,60451.67653,726.6,-1.0237,0.4197,0.5167,0.4646,1.20,
ASKAP J142431.2-612611,low,ASKAP-62610,low,60466.50063,726.6,-0.2741,0.2901,0.4496,0.2318,0.92,
ASKAP J142431.2-612611,low,ASKAP-62614,low,60466.55704,726.6,-0.2836,0.4946,0.2420,0.4704,1.20,
ASKAP J142431.2-612611,low,ASKAP-63085,low,60480.53081,726.6,-0.0425,0.2711,-0.2575,0.2606,0.92,
ASKAP J142431.2-612611,low,ASKAP-63088,low,60480.56501,736.5,-0.3101,0.5586,0.3832,0.4712,1.20,
ASKAP J142431.2-612611,low,ASKAP-63489,low,60497.44303,726.6,0.1208,0.2856,0.2090,0.2969,0.90,
ASKAP J142431.2-612611,low,ASKAP-63491,low,60497.46824,726.6,-0.5385,0.5358,0.2730,0.5638,1.20,
ASKAP J142431.2-612611,low,ASKAP-64098,low,60512.37092,726.6,0.5086,0.3734,-0.2616,0.2889,0.92,
ASKAP J142431.2-612611,low,ASKAP-64101,low,60512.40504,736.5,0.4702,0.5761,0.1621,0.5382,1.20,
ASKAP J142431.2-612611,low,ASKAP-64387,low,60526.38980,726.6,-0.2434,0.2967,0.0774,0.2171,0.90,
ASKAP J142431.2-612611,low,ASKAP-64756,low,60536.34440,726.6,1.3493,0.5019,0.4906,0.4531,1.20,
ASKAP J142431.2-612611,low,ASKAP-65032,low,60545.27974,736.5,-0.0997,0.2746,0.1960,0.2475,0.92,
ASKAP J142431.2-612611,low,ASKAP-65602,low,60557.27996,736.5,-0.2482,0.5318,0.1544,0.5055,1.21,
ASKAP J142431.2-612611,low,ASKAP-65718,low,60563.29966,726.6,-0.0163,0.2531,0.2475,0.2339,0.92,
ASKAP J142431.2-612611,low,ASKAP-65909,low,60573.25031,716.6,-0.4417,0.4590,0.2712,0.4351,1.20,
ASKAP J142431.2-612611,low,ASKAP-66275,low,60586.16377,676.8,0.3091,0.2631,0.6953,0.2516,0.92,
ASKAP J142431.2-612611,low,ASKAP-66478,low,60591.19679,726.6,0.5685,0.5251,0.3050,0.4853,1.20,
ASKAP J142431.2-612611,low,ASKAP-66993,low,60606.11103,726.6,-0.5152,0.2457,-0.1482,0.2291,0.92,
ASKAP J142431.2-612611,low,ASKAP-67916,low,60627.05358,726.6,-0.3325,0.3124,0.4456,0.2765,0.91,
ASKAP J142431.2-612611,low,ASKAP-67919,low,60627.08371,736.5,0.1556,0.5084,-0.3198,0.4910,1.21,
ASKAP J142431.2-612611,low,ASKAP-81974,low,61077.81380,726.6,0.6276,0.4241,0.1855,0.4337,1.21,
ASKAP J142431.2-612611,low,ASKAP-81793,low,61075.89867,726.6,0.4527,0.4767,0.3603,0.4584,1.21,
ASKAP J142431.2-612611,low,ASKAP-81972,low,61077.79502,726.6,-0.0310,0.2185,0.2979,0.2338,0.91,
ASKAP J142431.2-612611,low,ASKAP-81798,low,61075.94878,736.5,-0.6505,0.4393,0.1958,0.4355,1.20,
ASKAP J142431.2-612611,low,ASKAP-81796,low,61075.93000,736.5,0.5996,0.2899,-0.1664,0.2271,0.91,
ASKAP J142431.2-612611,low,ASKAP-81801,low,61075.97839,726.6,-0.1591,0.2843,-0.2636,0.2352,0.92,
ASKAP J142431.2-612611,low,ASKAP-81875,low,61076.79077,726.6,0.2985,0.2406,0.1030,0.2135,0.91,
ASKAP J142431.2-612611,low,ASKAP-81803,low,61075.99717,726.6,0.0582,0.4954,0.0939,0.4180,1.21,
ASKAP J142431.2-612611,low,ASKAP-81878,low,61076.82585,726.6,0.3030,0.4756,0.8818,0.4058,1.21,
ASKAP J142431.2-612611,low,ASKAP-81791,low,61075.87920,736.5,0.3134,0.2728,0.1443,0.2522,0.90,
ASKAP J142431.2-612611,low,ASKAP-82156,low,61079.86955,736.5,-0.0065,0.2817,0.0098,0.2370,0.90,
ASKAP J142431.2-612611,low,ASKAP-82068,low,61078.86017,726.6,0.0252,0.4097,-0.1511,0.4328,1.20,
ASKAP J142431.2-612611,low,ASKAP-82066,low,61078.84139,736.5,-0.1013,0.2205,-0.1846,0.2271,0.92,
ASKAP J142431.2-612611,low,ASKAP-82160,low,61079.90941,726.6,0.3736,0.4780,-0.0583,0.4124,1.21,
ASKAP J142431.2-612611,low,ASKAP-86066,low,61221.52670,736.5,0.1867,0.2736,-0.4285,0.2051,1.26,
ASKAP J142431.2-612611,low,ASKAP-85782,low,61215.63081,726.6,0.0363,0.2369,0.1590,0.2047,1.26,
ASKAP J142431.2-612611,low,ASKAP-85973,low,61220.39311,726.6,-0.0245,0.2655,-0.2263,0.2187,1.25,
ASKAP J142431.2-612611,low,ASKAP-85783,low,61215.64048,726.6,nan,nan,nan,nan,nan,
ASKAP J142431.2-612611,low,ASKAP-85976,low,61220.42387,726.6,nan,nan,nan,nan,nan,
ASKAP J142431.2-612611,low,ASKAP-86068,low,61221.54755,726.6,nan,nan,nan,nan,nan,
ASKAP J142431.2-612611,low,ASKAP-85869,low,61216.51684,726.6,-0.3445,0.2522,0.1934,0.2126,1.26,
ASKAP J142431.2-612611,low,ASKAP-85870,low,61216.52779,726.6,nan,nan,nan,nan,nan,
ASKAP J142431.2-612611,low,ASKAP-85998,low,61220.64067,736.5,nan,nan,nan,nan,nan,
ASKAP J142431.2-612611,low,ASKAP-85768,low,61215.49752,726.6,nan,nan,nan,nan,nan,
ASKAP J142431.2-612611,low,ASKAP-86060,low,61221.46530,736.5,0.3965,0.2881,-0.1116,0.2510,1.28,
ASKAP J142431.2-612611,low,ASKAP-85767,low,61215.48750,726.6,0.2025,0.2877,0.1109,0.2057,1.28,
ASKAP J142431.2-612611,low,ASKAP-85985,low,61220.51246,736.5,-0.4096,0.2437,0.0599,0.2128,1.26,
ASKAP J142431.2-612611,low,ASKAP-85993,low,61220.59137,726.6,nan,nan,nan,nan,nan,
ASKAP J165130.3-450520,low,ASKAP-45671,low,59902.19327,726.0,nan,nan,nan,nan,nan,
ASKAP J165130.3-450520,low,ASKAP-45995,low,59920.13560,736.0,-0.5679,0.4188,-0.2908,0.2026,1.17,
ASKAP J165130.3-450520,low,ASKAP-46049,low,59921.10337,726.0,0.2757,0.3675,0.5440,0.1895,1.16,
ASKAP J165130.3-450520,low,ASKAP-46053,low,59921.14081,726.0,nan,nan,nan,nan,nan,
ASKAP J165130.3-450520,low,ASKAP-46802,low,59934.11059,726.0,nan,nan,nan,nan,nan,
ASKAP J165130.3-450520,low,ASKAP-46808,low,59934.16835,716.0,0.0233,0.3525,0.2599,0.1866,1.16,
ASKAP J165130.3-450520,low,ASKAP-47023,low,59949.03442,716.0,-0.1947,0.4076,0.2026,0.1978,1.16,
ASKAP J165130.3-450520,low,ASKAP-47024,low,59949.04378,726.0,nan,nan,nan,nan,nan,unreleased: obscore obs_release_date is NULL (never publicly released; verified 2026-08-15)
ASKAP J165130.3-450520,low,ASKAP-47060,low,59950.07224,736.0,nan,nan,nan,nan,nan,
ASKAP J165130.3-450520,low,ASKAP-47248,low,59964.98958,716.0,-0.6487,0.3914,0.0673,0.1751,1.17,
ASKAP J165130.3-450520,low,ASKAP-47249,low,59964.99856,726.0,nan,nan,nan,nan,nan,
ASKAP J165130.3-450520,low,ASKAP-47622,low,59979.02505,716.0,-0.2269,0.3952,-0.1966,0.1915,1.16,
ASKAP J165130.3-450520,low,ASKAP-47624,low,59979.04302,726.0,nan,nan,nan,nan,nan,
ASKAP J165130.3-450520,low,ASKAP-47687,low,59980.02271,726.0,0.5218,0.3985,-0.0436,0.2763,1.16,
ASKAP J165130.3-450520,low,ASKAP-47689,low,59980.04206,726.0,nan,nan,nan,nan,nan,
ASKAP J165130.3-450520,low,ASKAP-48255,low,59994.01356,726.0,-0.1091,0.3724,-0.3407,0.2829,1.17,
ASKAP J165130.3-450520,low,ASKAP-48257,low,59994.03234,716.0,nan,nan,nan,nan,nan,
ASKAP J165130.3-450520,low,ASKAP-48458,low,59997.99059,716.0,0.7535,0.3551,0.4844,0.2635,1.17,
ASKAP J165130.3-450520,low,ASKAP-48460,low,59998.00926,716.0,nan,nan,nan,nan,nan,
ASKAP J165130.3-450520,low,ASKAP-48847,low,60009.86015,716.0,0.2804,0.4212,0.1630,0.3139,1.17,
ASKAP J165130.3-450520,low,ASKAP-48849,low,60009.87824,716.0,nan,nan,nan,nan,nan,
ASKAP J165130.3-450520,low,ASKAP-49010,low,60025.81154,716.0,-0.2857,0.4323,-0.5980,0.3062,1.17,
ASKAP J165130.3-450520,low,ASKAP-49012,low,60025.83723,726.0,nan,nan,nan,nan,nan,
ASKAP J165130.3-450520,low,ASKAP-49142,low,60040.77681,726.0,0.1843,0.4626,0.0127,0.3150,1.16,
ASKAP J165130.3-450520,low,ASKAP-49144,low,60040.79823,716.0,nan,nan,nan,nan,nan,
ASKAP J165130.3-450520,low,ASKAP-49589,low,60055.73230,726.0,0.2702,0.3544,-0.0142,0.2622,1.17,
ASKAP J165130.3-450520,low,ASKAP-49591,low,60055.75039,726.0,nan,nan,nan,nan,nan,
ASKAP J165130.3-450520,low,ASKAP-49868,low,60070.69449,716.0,0.7093,0.3238,-0.1564,0.2546,1.16,
ASKAP J165130.3-450520,low,ASKAP-49870,low,60070.71373,726.0,nan,nan,nan,nan,nan,
ASKAP J165130.3-450520,low,ASKAP-50146,low,60085.65907,716.0,-0.2582,0.3556,0.0348,0.2613,1.16,
ASKAP J165130.3-450520,low,ASKAP-50148,low,60085.67716,716.0,nan,nan,nan,nan,nan,
ASKAP J165130.3-450520,low,ASKAP-50386,low,60100.60727,726.0,0.3497,0.3400,-0.1632,0.2619,1.16,
ASKAP J165130.3-450520,low,ASKAP-50388,low,60100.62893,716.0,nan,nan,nan,nan,nan,
ASKAP J165130.3-450520,low,ASKAP-50644,low,60116.56811,726.0,0.2175,0.3141,0.0894,0.2529,1.16,
ASKAP J165130.3-450520,low,ASKAP-50646,low,60116.58619,726.0,nan,nan,nan,nan,nan,
ASKAP J165130.3-450520,low,ASKAP-51100,low,60129.53717,716.0,-0.0192,0.3518,0.0909,0.2848,1.16,
ASKAP J165130.3-450520,low,ASKAP-51103,low,60129.56493,716.0,nan,nan,nan,nan,nan,
ASKAP J165130.3-450520,low,ASKAP-51484,low,60143.60591,716.0,0.0695,0.3214,0.0790,0.2457,1.17,
ASKAP J165130.3-450520,low,ASKAP-51485,low,60143.61592,716.0,nan,nan,nan,nan,nan,
ASKAP J165130.3-450520,low,ASKAP-51850,low,60161.57648,726.0,nan,nan,nan,nan,nan,
ASKAP J165130.3-450520,low,ASKAP-51973,low,60172.46145,736.0,0.2537,0.3352,-0.1654,0.2559,1.16,
ASKAP J165130.3-450520,low,ASKAP-52119,low,60179.47440,726.0,nan,nan,nan,nan,nan,
ASKAP J165130.3-450520,low,ASKAP-52312,low,60186.46823,736.0,-0.2439,0.3790,-0.1262,0.3003,1.17,
ASKAP J165130.3-450520,low,ASKAP-52638,low,60193.48753,726.0,nan,nan,nan,nan,nan,
ASKAP J165130.3-450520,low,ASKAP-53204,low,60203.33169,736.0,0.1667,0.3225,-0.3194,0.2559,1.16,
ASKAP J165130.3-450520,low,ASKAP-53257,low,60212.43319,726.0,nan,nan,nan,nan,nan,
ASKAP J165130.3-450520,low,ASKAP-53490,low,60221.26813,726.0,0.6731,0.4502,-0.3371,0.2881,1.16,
ASKAP J165130.3-450520,low,ASKAP-53602,low,60233.26099,736.5,nan,nan,nan,nan,nan,
ASKAP J165130.3-450520,low,ASKAP-53806,low,60235.33308,726.6,0.0143,0.3529,0.1670,0.2461,1.16,
ASKAP J165130.3-450520,low,ASKAP-54446,low,60247.33897,726.6,nan,nan,nan,nan,nan,
ASKAP J165130.3-450520,low,ASKAP-54722,low,60250.27996,726.6,-0.3242,0.4719,-0.0119,0.2701,1.16,
ASKAP J165130.3-450520,low,ASKAP-54899,low,60266.20171,736.5,nan,nan,nan,nan,nan,
ASKAP J165130.3-450520,low,ASKAP-54906,low,60266.26599,716.6,0.2787,0.3607,-0.1781,0.2475,1.17,
ASKAP J165130.3-450520,low,ASKAP-55313,low,60289.17314,736.5,nan,nan,nan,nan,nan,unreleased: obscore obs_release_date is NULL (never publicly released; verified 2026-08-15)
ASKAP J165130.3-450520,low,ASKAP-55314,low,60289.18236,726.6,nan,nan,nan,nan,nan,unreleased: obscore obs_release_date is NULL (never publicly released; verified 2026-08-15)
ASKAP J165130.3-450520,low,ASKAP-55984,low,60304.15209,726.6,nan,nan,nan,nan,nan,unreleased: obscore obs_release_date is NULL (never publicly released; verified 2026-08-15)
ASKAP J165130.3-450520,low,ASKAP-55985,low,60304.16119,716.6,nan,nan,nan,nan,nan,unreleased: obscore obs_release_date is NULL (never publicly released; verified 2026-08-15)
ASKAP J165130.3-450520,low,ASKAP-86166,low,61222.56864,726.6,0.5897,0.6204,0.4319,0.3880,0.65,
ASKAP J165130.3-450520,low,ASKAP-57367,low,60324.05618,736.5,nan,nan,nan,nan,nan,unreleased: obscore obs_release_date is NULL (never publicly released; verified 2026-08-15)
ASKAP J165130.3-450520,low,ASKAP-57368,low,60324.06539,716.6,nan,nan,nan,nan,nan,unreleased: obscore obs_release_date is NULL (never publicly released; verified 2026-08-15)
ASKAP J165130.3-450520,low,ASKAP-86167,low,61222.57763,726.6,-0.9386,0.7284,0.4030,0.4566,1.31,
ASKAP J165130.3-450520,low,ASKAP-58447,low,60341.94158,716.6,nan,nan,nan,nan,nan,unreleased: obscore obs_release_date is NULL (never publicly released; verified 2026-08-15)
ASKAP J165130.3-450520,low,ASKAP-58458,low,60342.04598,736.5,nan,nan,nan,nan,nan,unreleased: obscore obs_release_date is NULL (never publicly released; verified 2026-08-15)
ASKAP J165130.3-450520,low,ASKAP-59305,low,60361.97431,716.6,nan,nan,nan,nan,nan,unreleased: obscore obs_release_date is NULL (never publicly released; verified 2026-08-15)
ASKAP J165130.3-450520,low,ASKAP-59463,low,60366.02017,736.5,nan,nan,nan,nan,nan,unreleased: obscore obs_release_date is NULL (never publicly released; verified 2026-08-15)
ASKAP J165130.3-450520,low,ASKAP-60040,low,60383.85992,716.6,nan,nan,nan,nan,nan,unreleased: obscore obs_release_date is NULL (never publicly released; verified 2026-08-15)
ASKAP J165130.3-450520,low,ASKAP-60045,low,60383.91084,726.6,nan,nan,nan,nan,nan,unreleased: obscore obs_release_date is NULL (never publicly released; verified 2026-08-15)
ASKAP J165130.3-450520,low,ASKAP-60798,low,60404.86028,716.6,0.1364,0.3854,0.2491,0.2687,1.16,
ASKAP J165130.3-450520,low,ASKAP-60801,low,60404.89058,726.6,nan,nan,nan,nan,nan,
ASKAP J165130.3-450520,low,ASKAP-61302,low,60419.80543,736.5,0.7431,0.3705,-0.1882,0.2540,1.16,
ASKAP J165130.3-450520,low,ASKAP-61305,low,60419.83434,716.6,nan,nan,nan,nan,nan,
ASKAP J165130.3-450520,low,ASKAP-62081,low,60434.75919,726.6,1.0638,0.4205,0.4074,0.2811,1.16,
ASKAP J165130.3-450520,low,ASKAP-62083,low,60434.77900,736.5,nan,nan,nan,nan,nan,
ASKAP J165130.3-450520,low,ASKAP-62493,low,60450.77957,726.6,nan,nan,nan,nan,nan,
ASKAP J165130.3-450520,low,ASKAP-62513,low,60452.73801,726.6,-0.3338,0.3651,-0.0550,0.2649,1.16,
ASKAP J165130.3-450520,low,ASKAP-62638,low,60468.61525,726.6,nan,nan,nan,nan,nan,
ASKAP J165130.3-450520,low,ASKAP-62788,low,60472.58292,726.6,0.6603,0.4444,-0.2238,0.2570,1.16,
ASKAP J165130.3-450520,low,ASKAP-63234,low,60484.62700,736.5,nan,nan,nan,nan,nan,
ASKAP J165130.3-450520,low,ASKAP-63407,low,60491.57452,726.6,0.1849,0.4062,-0.4269,0.3011,1.17,
ASKAP J165130.3-450520,low,ASKAP-63648,low,60504.58706,726.6,nan,nan,nan,nan,nan,
ASKAP J165130.3-450520,low,ASKAP-63688,low,60505.60632,726.6,0.2235,0.3346,-0.3625,0.2687,1.17,
ASKAP J165130.3-450520,low,ASKAP-64764,low,60536.53480,726.6,nan,nan,nan,nan,nan,
ASKAP J165130.3-450520,low,ASKAP-64793,low,60537.52490,726.6,0.1054,0.3425,-0.4448,0.2779,1.17,
ASKAP J165130.3-450520,low,ASKAP-65721,low,60563.34770,716.6,0.2115,0.3481,0.2344,0.2846,1.16,
ASKAP J165130.3-450520,low,ASKAP-65722,low,60563.35703,726.6,nan,nan,nan,nan,nan,
ASKAP J165130.3-450520,low,ASKAP-66281,low,60586.33325,666.9,0.2080,0.3652,-0.1972,0.3151,1.16,
ASKAP J165130.3-450520,low,ASKAP-66284,low,60586.36310,686.8,nan,nan,nan,nan,nan,
ASKAP J165130.3-450520,low,ASKAP-67926,low,60627.24019,726.6,0.7737,0.4637,0.1262,0.2749,1.17,
ASKAP J165130.3-450520,low,ASKAP-67928,low,60627.25977,716.6,nan,nan,nan,nan,nan,
ASKAP J165130.3-450520,low,ASKAP-81813,low,61076.09025,726.6,-0.3777,0.3657,0.4497,0.2855,1.16,
ASKAP J165130.3-450520,low,ASKAP-81981,low,61077.88499,736.5,0.6683,0.3257,-0.0914,0.2431,1.17,
ASKAP J165130.3-450520,low,ASKAP-81808,low,61076.04302,726.6,0.0567,0.3630,0.6042,0.2589,1.17,
ASKAP J165130.3-450520,low,ASKAP-82162,low,61079.92888,726.6,0.3695,0.3209,0.1777,0.2562,1.16,
ASKAP J165130.3-450520,low,ASKAP-82070,low,61078.88044,726.6,-0.1276,0.3113,-0.0163,0.2524,1.17,
ASKAP J165130.3-450520,low,ASKAP-85774,low,61215.55570,726.6,0.8612,0.4851,-0.0010,0.3639,0.90,
ASKAP J165130.3-450520,low,ASKAP-85875,low,61216.57732,726.6,0.5685,0.5026,0.1295,0.3675,0.65,
ASKAP J165130.3-450520,low,ASKAP-85890,low,61216.72443,726.6,0.8703,0.5595,-0.1160,0.3893,0.63,
ASKAP J165130.3-450520,low,ASKAP-86000,low,61220.66003,726.6,-0.0583,0.5101,-0.4817,0.4529,1.36,
ASKAP J165130.3-450520,low,ASKAP-85891,low,61216.73411,726.6,0.9755,0.5510,-0.1486,0.4545,1.32,
ASKAP J165130.3-450520,low,ASKAP-86084,low,61221.71028,726.6,0.7782,0.5714,-0.0573,0.4213,0.63,
ASKAP J165130.3-450520,low,ASKAP-86074,low,61221.60941,726.6,1.5057,0.6070,0.2538,0.4215,0.65,
ASKAP J165130.3-450520,low,ASKAP-85793,low,61215.73725,736.5,-0.2752,0.6200,-0.1530,0.3963,0.63,
ASKAP J165130.3-450520,low,ASKAP-85876,low,61216.58884,736.5,0.1248,0.5582,-0.8427,0.4710,1.31,
ASKAP J165130.3-450520,low,ASKAP-85775,low,61215.56468,726.6,-0.0204,0.5837,0.4347,0.4564,1.31,
ASKAP J165130.3-450520,low,ASKAP-85982,low,61220.48435,736.5,-0.1582,0.5780,0.6616,0.4934,1.31,
ASKAP J165130.3-450520,low,ASKAP-85794,low,61215.74762,726.6,1.3934,0.7335,0.5651,0.6456,1.32,
ASKAP J165130.3-450520,low,ASKAP-85981,low,61220.47490,726.6,-0.2294,0.4539,-0.1675,0.3821,1.35,
ASKAP J165130.3-450520,low,ASKAP-86075,low,61221.61851,726.6,-0.3171,0.6156,0.8524,0.4578,1.31,
ASKAP J165130.3-450520,low,ASKAP-86085,low,61221.72031,726.6,0.2714,0.5714,-0.1955,0.4491,1.32,
ASKAP J165130.3-450520,low,ASKAP-85999,low,61220.65104,726.6,0.4807,0.4733,0.3355,0.4226,0.65,
ASKAP J170036.6-445758,low,ASKAP-45671,low,59902.19327,726.0,0.1425,0.3057,-0.0737,0.2239,1.16,
ASKAP J170036.6-445758,low,ASKAP-45995,low,59920.13560,736.0,0.2550,0.3813,-0.0327,0.2170,1.48,
ASKAP J170036.6-445758,low,ASKAP-46049,low,59921.10337,726.0,-0.5083,0.3540,-0.2576,0.2227,1.46,
ASKAP J170036.6-445758,low,ASKAP-46053,low,59921.14081,726.0,0.1999,0.3541,-0.1596,0.2505,1.16,
ASKAP J170036.6-445758,low,ASKAP-46802,low,59934.11059,726.0,0.2114,0.3080,-0.2118,0.2463,1.16,
ASKAP J170036.6-445758,low,ASKAP-46808,low,59934.16835,716.0,-0.3890,0.3468,0.3521,0.2058,1.45,
ASKAP J170036.6-445758,low,ASKAP-47023,low,59949.03442,716.0,-0.4853,0.3361,-0.4372,0.2252,1.46,
ASKAP J170036.6-445758,low,ASKAP-47024,low,59949.04378,726.0,nan,nan,nan,nan,nan,unreleased: obscore obs_release_date is NULL (never publicly released; verified 2026-08-15)
ASKAP J170036.6-445758,low,ASKAP-47060,low,59950.07224,736.0,-0.4061,0.3590,0.1032,0.2787,1.17,
ASKAP J170036.6-445758,low,ASKAP-47248,low,59964.98958,716.0,-0.0034,0.2841,-0.1032,0.1971,1.48,
ASKAP J170036.6-445758,low,ASKAP-47249,low,59964.99856,726.0,0.6492,0.3622,-0.3604,0.2321,1.16,
ASKAP J170036.6-445758,low,ASKAP-47622,low,59979.02505,716.0,0.0983,0.3374,-0.1557,0.2319,1.46,
ASKAP J170036.6-445758,low,ASKAP-47624,low,59979.04302,726.0,0.3710,0.3532,-0.0171,0.1780,1.16,
ASKAP J170036.6-445758,low,ASKAP-47687,low,59980.02271,726.0,0.2443,0.3549,-0.3367,0.2452,1.48,
ASKAP J170036.6-445758,low,ASKAP-47689,low,59980.04206,726.0,0.0101,0.3743,-0.4243,0.2700,1.17,
ASKAP J170036.6-445758,low,ASKAP-48255,low,59994.01356,726.0,-0.2075,0.3841,0.6266,0.3711,1.49,
ASKAP J170036.6-445758,low,ASKAP-48257,low,59994.03234,716.0,-0.1261,0.3813,-0.5243,0.3661,1.16,
ASKAP J170036.6-445758,low,ASKAP-48458,low,59997.99059,716.0,0.1985,0.3684,-0.1789,0.3219,1.48,
ASKAP J170036.6-445758,low,ASKAP-48460,low,59998.00926,716.0,0.4510,0.3562,-0.0532,0.3648,1.17,
ASKAP J170036.6-445758,low,ASKAP-48847,low,60009.86015,716.0,0.3273,0.3651,0.0074,0.3617,1.49,
ASKAP J170036.6-445758,low,ASKAP-48849,low,60009.87824,716.0,-0.6284,0.3804,0.2932,0.3412,1.18,
ASKAP J170036.6-445758,low,ASKAP-49010,low,60025.81154,716.0,-0.1057,0.3903,-0.0306,0.3545,1.49,
ASKAP J170036.6-445758,low,ASKAP-49012,low,60025.83723,726.0,0.5423,0.3739,0.0894,0.3583,1.18,
ASKAP J170036.6-445758,low,ASKAP-49142,low,60040.77681,726.0,0.0765,0.3997,-0.1888,0.3721,1.45,
ASKAP J170036.6-445758,low,ASKAP-49144,low,60040.79823,716.0,0.0402,0.4419,-0.4374,0.3672,1.16,
ASKAP J170036.6-445758,low,ASKAP-49589,low,60055.73230,726.0,0.3853,0.3575,-0.3073,0.2942,1.48,
ASKAP J170036.6-445758,low,ASKAP-49591,low,60055.75039,726.0,-0.0352,0.3501,0.1830,0.3426,1.15,
ASKAP J170036.6-445758,low,ASKAP-49868,low,60070.69449,716.0,-0.3050,0.3328,0.4762,0.3106,1.47,
ASKAP J170036.6-445758,low,ASKAP-49870,low,60070.71373,726.0,-0.3772,0.3084,0.3865,0.3165,1.16,
ASKAP J170036.6-445758,low,ASKAP-50146,low,60085.65907,716.0,-0.1169,0.3218,-0.7540,0.3086,1.45,
ASKAP J170036.6-445758,low,ASKAP-50148,low,60085.67716,716.0,-0.2476,0.3556,-0.3008,0.2899,1.17,
ASKAP J170036.6-445758,low,ASKAP-50386,low,60100.60727,726.0,-0.4351,0.3254,-0.0204,0.2794,1.47,
ASKAP J170036.6-445758,low,ASKAP-50388,low,60100.62893,716.0,0.1167,0.2956,-0.1611,0.3199,1.17,
ASKAP J170036.6-445758,low,ASKAP-50644,low,60116.56811,726.0,0.2213,0.3102,0.1157,0.2830,1.47,
ASKAP J170036.6-445758,low,ASKAP-50646,low,60116.58619,726.0,0.0856,0.2942,0.2085,0.2923,1.17,
ASKAP J170036.6-445758,low,ASKAP-51100,low,60129.53717,716.0,0.0998,0.3551,0.4932,0.3127,1.45,
ASKAP J170036.6-445758,low,ASKAP-51103,low,60129.56493,716.0,0.4213,0.3627,-0.0098,0.3043,1.15,
ASKAP J170036.6-445758,low,ASKAP-51484,low,60143.60591,716.0,-0.3596,0.3316,0.2082,0.3286,1.48,
ASKAP J170036.6-445758,low,ASKAP-51485,low,60143.61592,716.0,0.2668,0.3775,-0.5474,0.2879,1.19,
ASKAP J170036.6-445758,low,ASKAP-51850,low,60161.57648,726.0,0.1572,0.3149,0.2707,0.3255,1.19,
ASKAP J170036.6-445758,low,ASKAP-51973,low,60172.46145,736.0,0.2371,0.3152,-0.4033,0.2865,1.45,
ASKAP J170036.6-445758,low,ASKAP-52119,low,60179.47440,726.0,0.2557,0.3592,0.0847,0.3148,1.15,
ASKAP J170036.6-445758,low,ASKAP-52312,low,60186.46823,736.0,0.1091,0.3405,0.3383,0.3169,1.48,
ASKAP J170036.6-445758,low,ASKAP-52638,low,60193.48753,726.0,0.5893,0.3483,-0.3484,0.3193,1.19,
ASKAP J170036.6-445758,low,ASKAP-53204,low,60203.33169,736.0,0.0587,0.3546,-0.3921,0.3106,1.47,
ASKAP J170036.6-445758,low,ASKAP-53257,low,60212.43319,726.0,0.4890,0.3665,-0.2281,0.3357,1.19,
ASKAP J170036.6-445758,low,ASKAP-53490,low,60221.26813,726.0,-0.1909,0.3171,-0.4859,0.3111,1.45,
ASKAP J170036.6-445758,low,ASKAP-53602,low,60233.26099,736.5,-0.2030,0.3270,-0.2585,0.3154,1.15,
ASKAP J170036.6-445758,low,ASKAP-53806,low,60235.33308,726.6,0.3986,0.3287,-0.6086,0.3235,1.45,
ASKAP J170036.6-445758,low,ASKAP-54446,low,60247.33897,726.6,0.3813,0.3079,-0.6637,0.3146,1.19,
ASKAP J170036.6-445758,low,ASKAP-54722,low,60250.27996,726.6,0.2049,0.3523,-0.3222,0.3114,1.47,
ASKAP J170036.6-445758,low,ASKAP-54899,low,60266.20171,736.5,-0.2214,0.3662,-0.3373,0.3747,1.15,
ASKAP J170036.6-445758,low,ASKAP-54906,low,60266.26599,716.6,0.0753,0.3470,-0.0555,0.3491,1.48,
ASKAP J170036.6-445758,low,ASKAP-55313,low,60289.17314,736.5,nan,nan,nan,nan,nan,unreleased: obscore obs_release_date is NULL (never publicly released; verified 2026-08-15)
ASKAP J170036.6-445758,low,ASKAP-55314,low,60289.18236,726.6,nan,nan,nan,nan,nan,unreleased: obscore obs_release_date is NULL (never publicly released; verified 2026-08-15)
ASKAP J170036.6-445758,low,ASKAP-55984,low,60304.15209,726.6,nan,nan,nan,nan,nan,unreleased: obscore obs_release_date is NULL (never publicly released; verified 2026-08-15)
ASKAP J170036.6-445758,low,ASKAP-55985,low,60304.16119,716.6,nan,nan,nan,nan,nan,unreleased: obscore obs_release_date is NULL (never publicly released; verified 2026-08-15)
ASKAP J170036.6-445758,low,ASKAP-57367,low,60324.05618,736.5,nan,nan,nan,nan,nan,unreleased: obscore obs_release_date is NULL (never publicly released; verified 2026-08-15)
ASKAP J170036.6-445758,low,ASKAP-57368,low,60324.06539,716.6,nan,nan,nan,nan,nan,unreleased: obscore obs_release_date is NULL (never publicly released; verified 2026-08-15)
ASKAP J170036.6-445758,low,ASKAP-86167,low,61222.57763,726.6,0.3446,0.2823,-0.2447,0.2717,1.19,
ASKAP J170036.6-445758,low,ASKAP-58447,low,60341.94158,716.6,nan,nan,nan,nan,nan,unreleased: obscore obs_release_date is NULL (never publicly released; verified 2026-08-15)
ASKAP J170036.6-445758,low,ASKAP-58458,low,60342.04598,736.5,nan,nan,nan,nan,nan,unreleased: obscore obs_release_date is NULL (never publicly released; verified 2026-08-15)
ASKAP J170036.6-445758,low,ASKAP-59305,low,60361.97431,716.6,nan,nan,nan,nan,nan,unreleased: obscore obs_release_date is NULL (never publicly released; verified 2026-08-15)
ASKAP J170036.6-445758,low,ASKAP-59463,low,60366.02017,736.5,nan,nan,nan,nan,nan,unreleased: obscore obs_release_date is NULL (never publicly released; verified 2026-08-15)
ASKAP J170036.6-445758,low,ASKAP-60040,low,60383.85992,716.6,nan,nan,nan,nan,nan,unreleased: obscore obs_release_date is NULL (never publicly released; verified 2026-08-15)
ASKAP J170036.6-445758,low,ASKAP-60045,low,60383.91084,726.6,nan,nan,nan,nan,nan,unreleased: obscore obs_release_date is NULL (never publicly released; verified 2026-08-15)
ASKAP J170036.6-445758,low,ASKAP-60798,low,60404.86028,716.6,0.1040,0.3174,-0.0420,0.3191,1.47,
ASKAP J170036.6-445758,low,ASKAP-60801,low,60404.89058,726.6,-0.1476,0.3359,0.3216,0.3148,1.15,
ASKAP J170036.6-445758,low,ASKAP-61302,low,60419.80543,736.5,0.4129,0.3324,-0.3103,0.3191,1.45,
ASKAP J170036.6-445758,low,ASKAP-61305,low,60419.83434,716.6,0.1291,0.3347,0.2354,0.3091,1.15,
ASKAP J170036.6-445758,low,ASKAP-62081,low,60434.75919,726.6,-0.1115,0.3647,0.4105,0.3447,1.45,
ASKAP J170036.6-445758,low,ASKAP-62083,low,60434.77900,736.5,0.0933,0.3722,0.3539,0.3421,1.15,
ASKAP J170036.6-445758,low,ASKAP-62493,low,60450.77957,726.6,0.1646,0.3333,-0.1137,0.3171,1.19,
ASKAP J170036.6-445758,low,ASKAP-62513,low,60452.73801,726.6,0.8993,0.3434,0.2632,0.3216,1.45,
ASKAP J170036.6-445758,low,ASKAP-62638,low,60468.61525,726.6,0.0157,0.4856,0.2341,0.3505,1.15,
ASKAP J170036.6-445758,low,ASKAP-62788,low,60472.58292,726.6,-0.1357,0.3455,0.4298,0.3619,1.45,
ASKAP J170036.6-445758,low,ASKAP-63234,low,60484.62700,736.5,-0.2179,0.3279,0.0602,0.3387,1.15,
ASKAP J170036.6-445758,low,ASKAP-63407,low,60491.57452,726.6,0.1404,0.3536,0.4426,0.3296,1.48,
ASKAP J170036.6-445758,low,ASKAP-63648,low,60504.58706,726.6,0.3325,0.3645,-0.5223,0.3530,1.15,
ASKAP J170036.6-445758,low,ASKAP-63688,low,60505.60632,726.6,-0.2087,0.3291,-0.0885,0.3055,1.48,
ASKAP J170036.6-445758,low,ASKAP-64764,low,60536.53480,726.6,0.4190,0.3952,-0.4298,0.3327,1.15,
ASKAP J170036.6-445758,low,ASKAP-64793,low,60537.52490,726.6,-0.1444,0.4054,-0.8305,0.3303,1.48,
ASKAP J170036.6-445758,low,ASKAP-65721,low,60563.34770,716.6,0.0549,0.3473,0.2342,0.3295,1.47,
ASKAP J170036.6-445758,low,ASKAP-65722,low,60563.35703,726.6,-0.1115,0.4070,-0.0501,0.3650,1.15,
ASKAP J170036.6-445758,low,ASKAP-66281,low,60586.33325,666.9,0.5731,0.3436,0.2964,0.3629,1.45,
ASKAP J170036.6-445758,low,ASKAP-66284,low,60586.36310,686.8,-0.3379,0.3757,-0.2650,0.3787,1.15,
ASKAP J170036.6-445758,low,ASKAP-67926,low,60627.24019,726.6,-0.1421,0.3511,-0.2695,0.3326,1.49,
ASKAP J170036.6-445758,low,ASKAP-67928,low,60627.25977,716.6,-0.2867,0.4028,-0.0923,0.3851,1.20,
ASKAP J170036.6-445758,low,ASKAP-81813,low,61076.09025,726.6,0.1782,0.3199,-0.1513,0.3387,1.45,
ASKAP J170036.6-445758,low,ASKAP-81981,low,61077.88499,736.5,0.1781,0.3472,-0.1608,0.3122,1.48,
ASKAP J170036.6-445758,low,ASKAP-81808,low,61076.04302,726.6,-0.4076,0.3191,-0.1741,0.3342,1.48,
ASKAP J170036.6-445758,low,ASKAP-81885,low,61076.91217,726.6,-0.3570,0.3650,0.4663,0.3426,1.19,
ASKAP J170036.6-445758,low,ASKAP-81814,low,61076.09923,736.5,0.2935,0.3711,-0.3067,0.3142,1.14,
ASKAP J170036.6-445758,low,ASKAP-81988,low,61077.94444,726.6,0.6532,0.3625,0.0489,0.3249,1.15,
ASKAP J170036.6-445758,low,ASKAP-82162,low,61079.92888,726.6,0.2976,0.3481,0.0201,0.3183,1.45,
ASKAP J170036.6-445758,low,ASKAP-82166,low,61079.96804,726.6,-0.0289,0.3528,0.3699,0.3255,1.15,
ASKAP J170036.6-445758,low,ASKAP-82074,low,61078.91869,726.6,-0.4235,0.3537,-0.5100,0.3443,1.19,
ASKAP J170036.6-445758,low,ASKAP-82070,low,61078.88044,726.6,0.0235,0.3247,0.0394,0.2804,1.48,
ASKAP J170036.6-445758,low,ASKAP-86000,low,61220.66003,726.6,0.4001,0.2906,0.1218,0.2644,1.19,
ASKAP J170036.6-445758,low,ASKAP-85891,low,61216.73411,726.6,0.2318,0.3038,-0.1898,0.2562,1.19,
ASKAP J170036.6-445758,low,ASKAP-85876,low,61216.58884,736.5,-0.3363,0.2925,0.5277,0.2337,1.19,
ASKAP J170036.6-445758,low,ASKAP-85775,low,61215.56468,726.6,0.0021,0.2765,0.1917,0.2499,1.19,
ASKAP J170036.6-445758,low,ASKAP-85982,low,61220.48435,736.5,-0.2307,0.2757,0.2232,0.2393,1.20,
ASKAP J170036.6-445758,low,ASKAP-85794,low,61215.74762,726.6,-0.3209,0.4029,-0.1029,0.3576,1.19,
ASKAP J170036.6-445758,low,ASKAP-86075,low,61221.61851,726.6,-0.3076,0.2961,-0.3064,0.2708,1.19,
ASKAP J170036.6-445758,low,ASKAP-86085,low,61221.72031,726.6,-0.5128,0.3387,0.0797,0.2729,1.19,
