psrj,p0_s,s400_mjy,s1400_mjy,alpha,is_msp
J0014+4746,1.240699039,14,3,-1.2296,0
J0024-7204C,0.005756779996,1.53,0.6,-0.7472,1
J0030+0451,0.004865453207,7.9,0.6,-2.0576,1
J0034-0534,0.001877181885,17,0.61,-2.6561,1
J0034-0721,0.9429509946,52,11,-1.2399,0
J0040+5716,1.118225345,5,0.6,-1.6925,0
J0045-7319,0.926275905,1,0.3,-0.9611,0
J0055+5117,2.115171149,3.4,1.5,-0.6532,0
J0102+6537,1.679164229,29.7,1.2,-2.5614,0
J0108+6608,1.283659843,10,0.9,-1.9221,0
J0108+6905,1.07111811,30.5,0.4,-3.4596,0
J0117+5914,0.1014390665,43.4,0.3,-3.9708,0
J0134-2937,0.1369615841,9,2.4,-1.0551,0
J0139+5621,1.775343826,0.7,0.02,-2.8380,0
J0139+5814,0.2724506309,52.7,4.6,-1.9465,0
J0141+6009,1.222948521,64.9,4.5,-2.1303,0
J0147+5922,0.1963213754,6.6,2.1,-0.9141,0
J0151-0635,1.464664549,38,1.3,-2.6942,0
J0152-1637,0.8327416127,20,1.5,-2.0676,0
J0157+6212,2.351744936,7.3,1.9,-1.0744,0
J0206-4028,0.6305501408,11,1,-1.9141,0
J0212+5222,0.376386292,4.1,0.9,-1.2104,0
J0215+6218,0.5488798192,14.5,3.7,-1.0902,0
J0218+4232,0.002323090468,57.7,0.9,-3.3212,1
J0231+7026,1.466820306,40,0.3,-3.9056,0
J0255-5304,0.4477084441,17,3,-1.3846,0
J0304+1932,1.387584446,27,3,-1.7539,0
J0323+3944,3.032071956,10.8,0.9,-1.9835,0
J0332+5434,0.7145196997,1500,203,-1.5965,0
J0335+4555,0.2692005409,6,0.8,-1.6084,0
J0343+5312,1.934478067,3.7,0.3,-2.0054,0
J0357+5236,0.197030098,21.6,1.9,-1.9404,0
J0358+5413,0.1563824178,46.8,23,-0.5671,0
J0401-7608,0.5452527424,19,14,-0.2438,0
J0406+6138,0.594576165,15,2.8,-1.3398,0
J0415+6954,0.3907150899,6.7,0.5,-2.0716,0
J0421-0345,2.161308495,6,0.5,-1.9835,0
J0437-4715,0.005757451937,550,149,-1.0425,1
J0448-2749,0.4504483309,2,0.7,-0.8380,0
J0450-1248,0.4380141494,11,0.9,-1.9982,0
J0452-1759,0.5489392233,82,5.3,-2.1864,0
J0454+5543,0.3407294362,49.9,13,-1.0737,0
J0459-0210,1.133076124,11,0.5,-2.4674,0
J0502+4654,0.6385654815,10.9,2.5,-1.1754,0
J0509+08,0.0041,5,0.8,-1.4628,1
J0520-2553,0.2416421757,8,0.2,-2.9446,0
J0525+1115,0.3544375945,19.5,1.6,-1.9959,0
J0528+2200,3.74553925,57,9,-1.4734,0
J0534+2200,0.0333924123,550,14,-2.9302,0
J0536-7543,1.245855596,75,13,-1.3989,0
J0538+2817,0.1431582589,8.2,1.9,-1.1672,0
J0543+2329,0.2459747689,29,9,-0.9340,0
J0601-0527,0.3959691695,22.7,2.5,-1.7610,0
J0612+3721,0.2979823266,8.8,4,-0.6294,0
J0613-0200,0.003061844088,21,2.3,-1.7654,1
J0613+3731,0.6191981811,1.6,0.13,-2.0038,0
J0614+2229,0.3349599661,29,2.2,-2.0585,0
J0624-0424,1.039076476,4.9,2,-0.7153,0
J0627+0706,0.475877009,6,2.89,-0.5831,0
J0629+2415,0.476622836,31,3.2,-1.8127,0
J0630-2834,1.244418596,206,23,-1.7500,0
J0631+1036,0.287800022,1.5,0.941,-0.3722,0
J0653+8051,1.214440512,6.1,0.4,-2.1749,0
J0659+1414,0.3848911951,6.5,3.7,-0.4498,0
J0700+6418,0.1956709452,10.1,0.3,-2.8070,0
J0711+0931,1.214090492,2.4,0.04,-3.2683,0
J0711-6830,0.005490968506,10,3.2,-0.9095,1
J0725-1635,0.4243114032,4,0.33,-1.9916,0
J0729-1836,0.5101603448,11.2,1.4,-1.6599,0
J0738-4042,0.374919985,190,80,-0.6905,0
J0742-2822,0.1667622916,296,15,-2.3806,0
J0749-4247,1.095452158,8,0.6,-2.0676,0
J0751+1807,0.003478770783,10,3.2,-0.9095,1
J0754+3231,1.442349479,8,0.6,-2.0676,0
J0758-1528,0.6822651758,8.2,2,-1.1263,0
J0809-4753,0.5471992355,46,3,-2.1792,0
J0814+7429,1.292241447,41.1,10,-1.1282,0
J0820-1350,1.238129544,102,7,-2.1385,0
J0820-4114,0.5454455361,65,5.2,-2.0161,0
J0823+0159,0.8648728047,30,1.5,-2.3913,0
J0826+2637,0.5306605117,73,10,-1.5868,0
J0828-3417,1.848918804,16,0.25,-3.3198,0
J0835-4510,0.08932838502,5000,1100,-1.2086,0
J0837+0610,1.273768292,89,4,-2.4764,0
J0837-4135,0.7516236176,197,16,-2.0041,0
J0840-5332,0.7206123611,19,2,-1.7971,0
J0842-4851,0.6443540558,6.2,0.62,-1.8380,0
J0846-3533,1.116097163,16,2.7,-1.4203,0
J0855-3331,1.267535703,7.7,0.6,-2.0371,0
J0857-4424,0.3267742101,12,0.88,-2.0856,0
J0904-4246,0.9651709987,8,0.6,-2.0676,0
J0904-7459,0.5495531191,11,14,0.1925,0
J0905-4536,0.9882805974,13,0.83,-2.1962,0
J0905-5127,0.3462874368,12,1.1,-1.9075,0
J0907-5157,0.253556015,35,9.3,-1.0579,0
J0908-1739,0.4016256234,16,3.2,-1.2847,0
J0908-4913,0.1067545925,28,10,-0.8219,0
J0921+6254,1.567994018,5,0.5,-1.8380,0
J0922+0638,0.4306270989,52,4.2,-2.0085,0
J0924-5302,0.7462952095,12,1.1,-1.9075,0
J0924-5814,0.7395013265,22,4.3,-1.3031,0
J0934-5249,1.44477321,18,1.2,-2.1617,0
J0941-5244,0.6585576143,11,0.28,-2.9302,0
J0942-5552,0.6643674881,55,10,-1.3608,0
J0942-5657,0.8081274171,13,0.72,-2.3097,0
J0943+1631,1.087417728,7,1.4,-1.2847,0
J0944-1354,0.5702641246,26,0.6,-3.0085,0
J0953+0755,0.2530651649,400,84,-1.2458,0
J0955-5304,0.8621177393,29,0.94,-2.7373,0
J1001-5507,1.436582629,80,6.3,-2.0287,0
J1012+5307,0.005255749014,30,3,-1.8380,1
J1012-5857,0.8199114962,15,1.7,-1.7381,0
J1016-5345,0.7695835272,3.5,0.82,-1.1584,0
J1017-5621,0.5034588155,15,2.9,-1.3118,0
J1018-1642,1.804694946,5.1,0.6,-1.7083,0
J1022+1001,0.01645292995,20,6.1,-0.9479,1
J1024-0719,0.00516220464,4.6,1.5,-0.8945,1
J1032-5911,0.46420801,14,0.93,-2.1645,0
J1034-3224,1.150590428,41,4.7,-1.7290,0
J1041-1942,1.386368075,28,4,-1.5533,0
J1042-5521,1.170859077,14,0.62,-2.4882,0
J1045-4509,0.007474224228,15,2.7,-1.3688,1
J1046-5813,0.3694266962,18,1.1,-2.2311,0
J1047-3032,0.3303280523,8,0.18,-3.0287,0
J1047-6709,0.1984514506,4,4,0.0000,0
J1056-6258,0.4224471887,45,21,-0.6084,0
J1059-5742,1.184998934,19,1.2,-2.2048,0
J1104-6103,0.2809053015,5,0.24,-2.4239,0
J1107-5947,1.516530965,7,0.43,-2.2270,0
J1112-6613,0.3342128398,19,2.6,-1.5876,0
J1115+5030,1.65643976,5.3,3,-0.4543,0
J1116-4122,0.9431578828,26,3,-1.7238,0
J1121-5444,0.5357831311,24,1.3,-2.3274,0
J1123-6259,0.2714340522,11,0.56,-2.3769,0
J1123-6651,0.2329764326,8,0.36,-2.4754,0
J1136+1551,1.187913066,257,32,-1.6630,0
J1136-5525,0.3647055762,23,4,-1.3963,0
J1137-6700,0.5562160557,14,1.2,-1.9611,0
J1141-3322,0.2914675365,8,1,-1.6599,0
J1143-5158,0.6756460471,7,0.3,-2.5143,0
J1146-6030,0.2733724299,17,3.6,-1.2391,0
J1157-6224,0.4005220483,145,5.9,-2.5558,0
J1202-5820,0.4528005082,23,2,-1.9496,0
J1210-5559,0.2797673308,23,2.1,-1.9106,0
J1224-6407,0.2164762031,48,3.9,-2.0038,0
J1225-5556,1.018452868,5,0.4,-2.0161,0
J1225-6408,0.4196177915,11,0.38,-2.6864,0
J1235-5516,0.63823381,4.5,1,-1.2006,0
J1239+2453,1.382449103,110,10,-1.9141,0
J1239-6832,1.301908114,6.5,0.96,-1.5267,0
J1243-6423,0.388480921,110,13,-1.7047,0
J1253-5820,0.2554963274,20,3.5,-1.3913,0
J1257-1027,0.61730767,12,1.2,-1.8380,0
J1259-6741,0.6633290494,4.5,1.3,-0.9912,0
J1300+1240,0.006218531948,20,2,-1.8380,1
J1305-6455,0.5716469444,29,1.6,-2.3127,0
J1311-1228,0.4475177112,4,0.5,-1.6599,0
J1313+0931,0.8489327507,3.5,0.16,-2.4628,0
J1321+8323,0.6700374184,22.4,0.9,-2.5659,0
J1326-5859,0.4779908669,120,9.9,-1.9916,0
J1326-6408,0.7926701073,18,1.4,-2.0386,0
J1326-6700,0.5430085792,28,11,-0.7458,0
J1327-6222,0.5299131921,135,16,-1.7024,0
J1328-4357,0.5326988034,18,2,-1.7539,0
J1332-3032,0.6504344906,9,0.3,-2.7150,0
J1334-5839,0.1077182159,18,0.62,-2.6888,0
J1340-6456,0.3786220663,9,1.1,-1.6778,0
J1356-5521,0.5073795667,12,1.5,-1.6599,0
J1359-6038,0.1275007768,105,7.6,-2.0960,0
J1401-6357,0.8427896324,34,6.2,-1.3584,0
J1418-3921,1.096806003,24,1.4,-2.2683,0
J1428-5530,0.5702904629,35,3.9,-1.7516,0
J1430-6623,0.7854407573,130,8,-2.2256,0
J1440-6344,0.4596053639,21,0.78,-2.6286,0
J1453-6413,0.179484754,230,14,-2.2343,0
J1455-3330,0.007987204796,9,1.2,-1.6084,1
J1456-6843,0.2633768149,350,80,-1.1781,0
J1509+5531,0.7396819229,39.3,8,-1.2706,0
J1513-5908,0.1512512583,1.5,0.94,-0.3730,0
J1518+0204B,0.007946940658,0.5,0.025,-2.3913,1
J1518+4904,0.04093498891,3.4,4,0.1297,0
J1527-5552,1.048704887,17,0.84,-2.4007,0
J1532+2745,1.124835743,13,0.8,-2.2256,0
J1534-5334,1.368880909,70,6.8,-1.8611,0
J1537+1155,0.03790444118,36,0.6,-3.2683,0
J1542-5034,0.5992450364,21,0.55,-2.9075,0
J1543-0620,0.7090640698,40,2,-2.3913,0
J1543+0929,0.7484484162,78,5.9,-2.0608,0
J1544-5308,0.1785537997,23,3.6,-1.4804,0
J1549-4848,0.2883467631,17,0.47,-2.8643,0
J1553-5456,1.081328247,13,0.79,-2.2356,0
J1555-2341,0.5325777412,7.6,0.9,-1.7030,0
J1555-3134,0.5181097798,19,1.4,-2.0818,0
J1557-4258,0.3291868578,40,5.1,-1.6441,0
J1559-4438,0.2570560977,110,40,-0.8075,0
J1559-5545,0.9572424424,15,0.72,-2.4239,0
J1600-5751,0.1944544822,20,1.4,-2.1227,0
J1602-5100,0.8642273599,45,5.7,-1.6493,0
J1603-2712,0.7783131928,20,1.7,-1.9677,0
J1603-5657,0.4960771131,8,0.53,-2.1667,0
J1603-7202,0.01484195225,21,3.1,-1.5271,1
J1604-4909,0.3274175728,44,5.5,-1.6599,0
J1605-5257,0.6580131007,30,13,-0.6675,0
J1607-0032,0.4218162336,54,5,-1.8994,0
J1613-4714,0.3823759528,17,1.5,-1.9379,0
J1614+0737,1.206801436,9.6,0.6,-2.2132,0
J1615-5537,0.7915257156,12,0.44,-2.6389,0
J1622-4332,0.9169375226,16,0.53,-2.7200,0
J1623-0908,1.27644582,6,0.6,-1.8380,0
J1623-2631,0.01107575091,15,1.6,-1.7865,1
J1623-4256,0.3645903553,24,1.3,-2.3274,0
J1635+2418,0.4905065128,9.1,0.4,-2.4941,0
J1637-4553,0.1187713928,15,1.1,-2.0856,0
J1639-4604,0.5291158512,15,0.78,-2.3600,0
J1641+3627A,0.01037750945,3,0.14,-2.4464,1
J1643-1224,0.004621641525,75,4.8,-2.1942,1
J1644-4559,0.4550597754,375,310,-0.1519,0
J1645-0317,0.387689698,393,21,-2.3383,0
J1646-6831,1.78561124,23,2,-1.9496,0
J1648-3256,0.7194547794,11,1,-1.9141,0
J1650-1654,1.749551746,13,1.6,-1.6723,0
J1651-1709,0.9733936919,9,0.3,-2.7150,0
J1651-4246,0.844080666,100,16,-1.4628,0
J1651-5222,0.6350559765,23,2.9,-1.6530,0
J1652-2404,1.703739138,9.2,1.1,-1.6954,0
J1654-2713,0.7918224419,9,0.1,-3.5919,0
J1700-3312,1.358307011,21,1.2,-2.2847,0
J1703-1846,0.8043410793,11,0.7,-2.1988,0
J1703-3241,1.211785095,32,7.6,-1.1475,0
J1703-4851,1.396401078,22,1.1,-2.3913,0
J1705-1906,0.2989874273,29,8,-1.0280,0
J1705-3423,0.2554264836,31,4.1,-1.6148,0
J1708-3426,0.6921132465,36,1.5,-2.5368,0
J1709-1640,0.6530539713,47,4,-1.9667,0
J1709+2313,0.004631196278,2.52,0.2,-2.0225,1
J1709-4429,0.1024592459,25,7.3,-0.9826,0
J1711-1509,0.868804249,5.9,0.7,-1.7015,0
J1713+0747,0.004570136526,36,10.2,-1.0067,1
J1717-4054,0.8877186432,15,5,-0.8770,0
J1720-0212,0.4777153437,22,1,-2.4674,0
J1720-1633,1.565601148,13,1.1,-1.9714,0
J1720-2933,0.6204483653,32,2.1,-2.1742,0
J1721-1936,1.004037457,0.5,0.3,-0.4078,0
J1722-3207,0.4771575184,61,3.4,-2.3046,0
J1722-3712,0.2361731916,25,3.2,-1.6410,0
J1730-2304,0.008122798046,43,3.9,-1.9159,1
J1730-3350,0.1394602112,9.2,3.2,-0.8430,0
J1731-4744,0.8298287852,190,12,-2.2048,0
J1732-1930,0.483769998,11,0.3,-2.8751,0
J1732-4128,0.6279806844,9,0.63,-2.1227,0
J1733-2228,0.871682833,25,2.3,-1.9046,0
J1735-0724,0.4193349662,18,1.7,-1.8836,0
J1738-3211,0.7684989455,2.9,2.8,-0.0280,0
J1740+1000,0.1540871743,3.1,9.2,0.8683,0
J1740+1311,0.8030502648,24,3.9,-1.4505,0
J1740-3015,0.6068866242,24.6,6.4,-1.0748,0
J1741-0840,2.043082458,29,1.4,-2.4193,0
J1741-3927,0.5122114011,35,4.7,-1.6027,0
J1743-0339,0.4446451068,3.1,0.5,-1.4564,0
J1743-1351,0.4053369486,6.1,0.5,-1.9967,0
J1743-3150,2.41457552,6.6,1.9,-0.9940,0
J1744-1134,0.004074545941,18,3.1,-1.4041,1
J1744-2335,1.683506689,16,0.2,-3.4979,0
J1745-0952,0.01937630344,1.8,0.38,-1.2416,1
J1745-3040,0.3674287539,66,13,-1.2969,0
J1748-1300,0.3941333466,23,2,-1.9496,0
J1748-2021A,0.2886027917,10,0.37,-2.6317,0
J1749-3002,0.6098736487,12.7,3.7,-0.9844,0
J1750-3503,0.6840136029,29,0.79,-2.8761,0
J1751-4657,0.7423523955,70,10,-1.5533,0
J1752-2806,0.5625576355,1100,18,-3.2829,0
J1754+5201,2.391396795,4.9,1.6,-0.8934,0
J1756-2435,0.6704799626,8.4,2,-1.1455,0
J1757-2421,0.2341005715,20,3.9,-1.3049,0
J1759-2205,0.4609741279,20,1.3,-2.1819,0
J1759-2922,0.5744002678,13,0.56,-2.5103,0
J1801-0357,0.9214906738,17,0.7,-2.5463,0
J1801-2451,0.1249242066,7.8,0.85,-1.7694,0
J1803-2137,0.1336669203,23,7.6,-0.8839,0
J1803-2712,0.3344154265,3.4,1,-0.9769,0
J1804-0735,0.02310085528,3.1,1,-0.9031,1
J1804-2717,0.009343030686,15,0.4,-2.8931,1
J1806-1154,0.5226183858,4,2.6,-0.3439,0
J1807-0847,0.1637273717,65,15,-1.1705,0
J1807-2715,0.8277764615,25,0.91,-2.6447,0
J1808-0813,0.8760442867,28,1.8,-2.1907,0
J1812+0226,0.793902802,3.8,0.3,-2.0267,0
J1813+4013,0.9310890849,8,1.1,-1.5838,0
J1816-2650,0.5928851304,18,1.1,-2.2311,0
J1817-3618,0.387016921,22,2,-1.9141,0
J1820-0427,0.5980759297,157,6.1,-2.5926,0
J1822-2256,1.874268518,25,2.4,-1.8706,0
J1822-4209,0.456511945,7,1.5,-1.2296,0
J1823-0154,0.7597774644,13,0.78,-2.2458,0
J1823+0550,0.752906543,18,1.7,-1.8836,0
J1823-1115,0.2798286966,11,3.2,-0.9856,0
J1823-3021A,0.005440004163,16,0.72,-2.4754,1
J1823-3021B,0.3785964922,2.2,0.07,-2.7521,0
J1823-3106,0.284054345,36,2.5,-2.1291,0
J1824-1945,0.1893349899,71,4.9,-2.1340,0
J1824-2452A,0.003054315592,40,2,-2.3913,1
J1825+0004,0.7789494001,8,0.4,-2.3913,0
J1825-0935,0.7690058551,36,12,-0.8770,0
J1826-1131,2.09313631,5,0.71,-1.5581,0
J1829-1751,0.3071329758,78,7.7,-1.8483,0
J1830-1059,0.4050433216,2.1,1.4,-0.3237,0
J1832-0827,0.6472927184,9.4,2.1,-1.1964,0
J1832-1021,0.3303540894,3.4,1.3,-0.7674,0
J1833-0338,0.6867044441,89,2.8,-2.7611,0
J1834-0010,0.5209543111,5.1,0.29,-2.2886,0
J1834-0426,0.2901081932,77,5,-2.1827,0
J1835-1106,0.1659069781,30,2.2,-2.0856,0
J1836-1008,0.5627107361,54,3.7,-2.1398,0
J1837-0045,0.6170366955,10,0.61,-2.2326,0
J1840+5640,1.652861853,57.9,4,-2.1332,0
J1841-0425,0.186148858,2.6,2.6,0.0000,0
J1841+0912,0.3813192941,20,1.7,-1.9677,0
J1842-0359,1.839944315,18.7,4.4,-1.1550,0
J1844-0433,0.9910266164,8.1,1.1,-1.5937,0
J1844+1454,0.3754633785,20,1.5,-2.0676,0
J1847-0402,0.5977691513,75,4.3,-2.2821,0
J1848-0123,0.6594320505,79,8.6,-1.7702,0
J1848+0604,2.218602647,1,0.35,-0.8380,0
J1848+0647,0.5059567391,2.3,0.17,-2.0793,0
J1848+0826,0.3286647268,2.8,0.11,-2.5838,0
J1849-0636,1.451319471,26,1.4,-2.3321,0
J1850+1335,0.3455818981,6,0.65,-1.7741,0
J1851+1259,1.205303285,8,0.75,-1.8895,0
J1852-2610,0.3363371316,12,1.4,-1.7150,0
J1854+1050,0.5731969891,11,1.03,-1.8905,0
J1856+0113,0.2674396099,3.4,0.19,-2.3025,0
J1857+0057,0.356928998,5,0.92,-1.3513,0
J1857+0943,0.005362100548,31,5,-1.4564,1
J1900-2600,0.6122092044,131,13,-1.8441,0
J1901+0156,0.2882191593,13.7,0.38,-2.8617,0
J1901+0331,0.6554502395,165,4.2,-2.9302,0
J1901+0716,0.6439986635,3.9,0.9,-1.1705,0
J1901-0906,1.781927762,11,3.1,-1.0110,0
J1902+0556,0.7465773564,15,1.2,-2.0161,0
J1902+0615,0.6735033169,22,1.1,-2.3913,0
J1902+0723,0.4878126283,0.6,0.17,-1.0067,0
J1903+0135,0.7293038623,58,5.5,-1.8804,0
J1904+0004,0.1395246286,16,2.1,-1.6209,0
J1904+1011,1.856569716,4.4,0.58,-1.6175,0
J1905-0056,0.6431812596,9.8,0.92,-1.8884,0
J1905+0616,0.9897060232,0.5,0.51,0.0158,0
J1906+0641,0.2672750083,2.8,1.7,-0.3983,0
J1906+0746,0.1440731554,0.9,0.55,-0.3931,0
J1907+0918,0.22610711,0.4,0.29,-0.2567,0
J1907+4002,1.235757453,23,1.8,-2.0337,0
J1908+0500,0.2910207868,6.1,0.79,-1.6316,0
J1908+0734,0.2123526733,3.5,0.54,-1.4919,0
J1908+0916,0.8302698847,5,0.23,-2.4579,0
J1909+0007,1.016948362,12,0.87,-2.0947,0
J1909+0254,0.9898312072,21,0.63,-2.7991,0
J1909+1102,0.2836413311,50,1.9,-2.6104,0
J1910-0309,0.5046046078,27,0.55,-3.1081,0
J1910+0358,2.330262821,21,1.5,-2.1066,0
J1910+0714,2.712422838,5.4,0.36,-2.1617,0
J1910+1231,1.441741593,5,0.28,-2.3008,0
J1911-1114,0.003625745571,31,0.5,-3.2944,1
J1912+1036,0.4093494859,1.6,0.22,-1.5838,0
J1912+2104,2.232969028,6,0.8,-1.6084,0
J1913-0440,0.8259358031,118,4.4,-2.6255,0
J1913+0936,1.241964599,0.8,0.14,-1.3913,0
J1913+1400,0.5214727141,5.2,1.2,-1.1705,0
J1914+1122,0.6009974963,1.1,0.55,-0.5533,0
J1915+0738,1.542704449,1.9,0.34,-1.3735,0
J1915+0752,2.058313789,1.7,0.21,-1.6693,0
J1915+1009,0.4045474745,23,1.3,-2.2934,0
J1915+1606,0.05903000322,4,0.9,-1.1907,0
J1916+0748,0.5417521138,1.14,2.8,0.7173,0
J1916+0951,0.2702544396,20,0.91,-2.4666,0
J1916+1312,0.2818424074,12,1.2,-1.8380,0
J1917+0834,2.129665364,0.44,0.31,-0.2795,0
J1917+1353,0.1946309828,43,1.9,-2.4900,0
J1918-0642,0.007645872884,5.9,0.58,-1.8517,1
J1918+1444,1.181023297,1.6,1,-0.3752,0
J1919+0021,1.272260375,16,0.8,-2.3913,0
J1921+1419,0.6181825908,3.2,0.68,-1.2363,0
J1921+1948,0.8210350806,34,1.7,-2.3913,0
J1921+2153,1.33730216,57,6,-1.7971,0
J1922+2110,1.077924343,30,1.4,-2.4464,0
J1923+1706,0.5472092018,1.5,0.408,-1.0393,0
J1926+1434,1.324921971,9,0.48,-2.3398,0
J1926+1648,0.579822815,8,1.3,-1.4505,0
J1927+1852,0.4827662738,3.4,0.441,-1.6304,0
J1927+1856,0.2983134972,2.2,0.385,-1.3913,0
J1930+1316,0.7600319683,5,0.18,-2.6535,0
J1931+1536,0.3143553965,1.2,0.36,-0.9611,0
J1932+1059,0.226517635,303,36,-1.7004,0
J1932+2020,0.268217403,29,1.2,-2.5424,0
J1932+2220,0.1444697651,7.8,1.2,-1.4941,0
J1933+1304,0.9283237514,2,0.42,-1.2458,0
J1935+1616,0.3587384108,242,42,-1.3979,0
J1935+1745,0.6544081466,1.3,0.176,-1.5962,0
J1937+2544,0.2009802024,6.6,2.3,-0.8415,0
J1938+2213,0.1661155732,1,0.59,-0.4212,0
J1939+2134,0.001557806557,240,13.2,-2.3152,1
J1941-2602,0.4028579089,13,3,-1.1705,0
J1943-1237,0.9724288509,12.9,0.7,-2.3260,0
J1944-1750,0.8411577743,7.5,0.2,-2.8931,0
J1945-0040,1.045632445,6,0.8,-1.6084,0
J1946+1805,0.4406184769,40,10,-1.1066,0
J1946+2244,1.334449858,3,0.173,-2.2774,0
J1946+2611,0.4350602546,1.5,0.697,-0.6118,0
J1946-2913,0.9594479315,9.3,0.8,-1.9582,0
J1948+3540,0.7173111741,108.5,8.3,-2.0519,0
J1949-2524,0.9576166303,5.2,0.4,-2.0474,0
J1952+3252,0.03953119285,7,1,-1.5533,0
J1954+2923,0.4266767865,6.6,8,0.1536,0
J1955+2908,0.00613316651,15,1.1,-2.0856,1
J1955+5059,0.5189379874,26,4,-1.4941,0
J1959+2048,0.001607401685,20,0.4,-3.1227,1
J2002+3217,0.6967605102,5.5,1.2,-1.2153,0
J2002+4050,0.9050668203,4.7,4.9,0.0333,0
J2004+3137,2.111264734,14.5,1.8,-1.6654,0
J2005-0020,2.279661059,8,0.4,-2.3913,0
J2006-0807,0.580871337,20,2.8,-1.5694,0
J2013+3845,0.2301936139,26,6.4,-1.1190,0
J2018+2839,0.5579534804,314,30,-1.8744,0
J2022+2854,0.3434021578,71,38,-0.4990,0
J2022+5154,0.5291969178,77,27,-0.8365,0
J2023+5037,0.3726190545,6.5,2.2,-0.8648,0
J2027+4557,1.099651368,14.2,1.34,-1.8843,0
J2029+3744,1.216804658,31.2,0.6,-3.1540,0
J2037+3621,0.6187150842,12.6,0.8,-2.2006,0
J2038+5319,1.424568215,3.1,0.3,-1.8642,0
J2046-0421,1.546938117,20,1.7,-1.9677,0
J2046+1540,1.138285683,11.5,1.7,-1.5260,0
J2046+5708,0.4767348421,18.5,0.3,-3.2901,0
J2048-1616,1.961572304,116,13,-1.7471,0
J2051-0827,0.004508641745,22,2.8,-1.6455,1
J2053-7200,0.3413362314,29,6,-1.2576,0
J2055+3630,0.2215076383,37.5,2.6,-2.1304,0
J2108+4441,0.4148705369,37,5.4,-1.5362,0
J2113+2754,1.202851754,18,1.1,-2.2311,0
J2113+4644,1.014684793,47.2,19,-0.7264,0
J2116+1414,0.4401530669,9,0.8,-1.9320,0
J2124-3358,0.004931114943,17,3.6,-1.2391,1
J2129+1210A,0.1106647045,1.7,0.2,-1.7083,0
J2129-5721,0.003726348484,14,1.1,-2.0305,1
J2144-3933,8.509827491,16,0.8,-2.3913,0
J2145-0750,0.01605242392,100,8.9,-1.9310,1
J2149+6329,0.3801403447,32,2.9,-1.9166,0
J2150+5247,0.3322056715,15.6,2,-1.6397,0
J2155-3118,1.030002112,12,0.5,-2.5368,0
J2157+4017,1.525265634,105,17,-1.4534,0
J2206+6151,0.3226735499,1.2,0.8,-0.3237,0
J2212+2933,1.004592529,6.3,0.9,-1.5533,0
J2217+5733,1.056844219,3.7,0.26,-2.1196,0
J2219+4754,0.5384688219,42,3,-2.1066,0
J2225+6535,0.6825424974,35.4,2,-2.2938,0
J2229+2643,0.002977819295,13,0.9,-2.1315,1
J2229+6114,0.05162357393,1.5,0.25,-1.4302,0
J2229+6205,0.4430545606,24.9,0.8,-2.7443,0
J2234+06,0.0036,0.3,0.7,0.6763,1
J2242+6950,1.664500786,6.45,0.4,-2.2194,0
J2248-0101,0.4772331191,11,0.9,-1.9982,0
J2257+5909,0.3682464543,251.9,9.2,-2.6420,0
J2302+4442,0.005192324646,11.3,1.2,-1.7900,1
J2305+3100,1.575886338,24,2.2,-1.9075,0
J2308+5547,0.4750676748,122.2,1.9,-3.3237,0
J2313+4253,0.3494336821,7.3,15,0.5749,0
J2317+1439,0.003445251071,19,4,-1.2438,1
J2317+2149,1.444653102,15,0.9,-2.2458,0
J2321+6024,2.256488427,303.2,12,-2.5779,0
J2325+6316,1.436309536,42.2,2.1,-2.3951,0
J2326+6113,0.2336519695,27.3,4.4,-1.4570,0
J2330-2005,1.643622185,42,3,-2.1066,0
J2337+6151,0.495369868,10,1.4,-1.5694,0
J2346-0609,1.181463383,11,2,-1.3608,0
J2354+6155,0.9447838867,15.1,5,-0.8823,0
