# GLEAM-X DR2 x RACS @ (30.0,-30.0) r=3.0deg
ra,dec,cls,nu_pk_mhz,alpha_lo,alpha_lo_err,alpha_hi,chi2_red,n_fit_points
30.12866,-32.08327,steep,31.1,-0.923,0.212,-1.869,1.51,17
33.07267,-31.27239,steep,,-1.182,0.010,-1.373,3.70,22
31.45809,-30.97037,steep,,-0.913,0.017,-1.058,1.67,22
32.10080,-30.06037,steep,3957.4,-0.938,0.103,-0.624,1.54,22
31.17823,-30.47450,steep,,-0.740,0.062,-1.519,1.60,22
31.80949,-31.77878,steep,30.5,-0.945,0.337,-1.238,0.98,14
32.79736,-30.95358,steep,185.3,-0.961,0.320,-2.772,6.31,13
31.59521,-32.02547,steep,50298.6,-0.943,0.078,-1.019,1.23,22
30.50075,-27.53075,steep,0.0,-0.738,0.061,-1.322,1.17,22
28.21240,-29.36058,uss,6349.6,-1.466,0.053,-1.321,1.93,22
32.16635,-31.58411,steep,262750.2,-0.728,0.040,-0.968,2.19,22
30.35023,-32.03910,nan,3454.5,-1.308,0.133,,1.28,20
29.99038,-30.07698,steep,8570.0,-0.906,0.114,-0.823,1.13,21
32.18706,-29.28050,nan,,,,-0.763,,3
32.45291,-30.73844,steep,95.6,-0.593,0.129,-3.022,4.57,21
31.31615,-29.36754,steep,145086.5,-0.850,0.112,-0.760,0.63,22
27.23915,-28.55446,steep,287615961.3,-1.104,0.059,-2.076,3.32,22
32.77228,-28.46091,nan,802.3,-0.936,0.249,,0.42,15
31.81017,-31.17990,steep,7497.9,-0.974,0.104,-1.095,2.46,22
29.44622,-28.10899,flat,3196.9,-0.310,0.554,-0.299,1.40,9
31.27743,-32.41993,nan,0.0,-0.846,0.007,,3.78,21
32.42945,-28.89990,flat,49.3,-0.496,0.108,-1.813,2.13,22
32.96909,-30.46508,steep,0.0,-0.879,0.103,-1.840,2.58,22
33.44874,-30.09100,steep,51645.0,-0.959,0.141,-0.731,0.92,22
32.93029,-29.80481,steep,291.6,-0.823,0.566,-1.218,0.95,12
31.97476,-30.54264,nan,3386.2,-1.295,0.110,,1.46,20
28.65379,-32.37370,steep,5.6,-0.805,0.133,-1.391,1.69,21
29.60232,-32.21563,nan,0.9,-0.655,0.431,,0.50,11
29.54707,-32.01153,steep,193.7,-0.745,0.283,-2.497,1.87,18
29.62052,-30.25617,steep,292709.7,-0.923,0.192,-0.794,1.70,21
28.71708,-32.37612,steep,99090.7,-1.060,0.171,-1.171,1.91,21
32.45024,-28.67611,steep,18.8,-0.524,0.212,-0.971,2.23,20
29.88309,-27.13996,steep,41.0,-0.967,0.210,-1.709,2.84,19
32.36879,-30.32449,steep,,-0.997,0.199,-1.179,1.64,19
29.93871,-27.62968,steep,0.0,-0.650,0.004,-0.953,11.02,22
30.23088,-28.30105,steep,,-0.653,0.061,-1.107,2.07,22
31.62656,-30.78883,nan,,,,-1.321,,3
30.36547,-32.66163,steep,821406042.4,-0.828,0.010,-1.250,3.27,22
27.18539,-28.64423,steep,7603775.8,-1.146,0.091,-1.090,2.70,22
32.64034,-30.56954,nan,,,,-1.222,,3
28.54381,-30.55740,steep,10842.1,-0.811,0.113,-0.687,0.42,22
31.52411,-29.32120,flat,2693.5,-0.807,0.028,-0.387,1.36,22
30.67961,-28.43438,steep,120.4,-0.621,0.462,-1.687,1.10,12
31.44765,-29.05623,nan,151.2,-0.015,1.138,,0.15,5
31.72955,-31.20422,steep,7842.2,-0.591,0.144,-1.204,2.61,22
31.01394,-28.96505,flat,89880358.1,-0.520,0.132,-0.406,1.01,22
29.36244,-29.15979,steep,14567.3,-0.849,0.048,-0.645,1.62,22
28.85157,-31.34923,steep,19030989.1,-0.841,0.027,-1.030,1.37,22
31.63807,-28.71294,steep,,-0.876,0.004,-1.042,17.92,22
29.12382,-29.89344,steep,308063.5,-3.502,2.563,-0.842,0.36,6
30.37744,-29.96193,uss,663133.7,-1.331,0.079,-3.125,10.16,21
29.31940,-29.16728,steep,917.0,-1.883,0.160,-0.840,2.97,17
31.58121,-28.81989,steep,50844.0,-1.067,0.100,-1.189,1.99,22
27.89057,-28.97449,steep,1039.0,-1.717,0.047,-0.614,7.59,22
32.83484,-31.30181,steep,16147707.8,-1.032,1.031,-0.633,0.91,9
32.96143,-29.37575,nan,621.1,-0.932,0.006,,109.80,20
31.14016,-28.32549,uss,660817.2,-1.596,0.186,-1.660,2.02,20
32.97356,-30.23712,nan,,,,-1.616,,3
32.83347,-29.09381,steep,186991.3,-0.587,0.015,-0.670,2.32,22
32.23325,-30.28923,steep,,-0.848,0.168,-1.205,1.12,20
27.90634,-32.35113,steep,7993.8,-0.927,0.043,-0.894,1.29,22
32.43619,-28.61685,steep,14618.2,-0.729,0.057,-0.665,1.90,22
26.69910,-29.80295,steep,0.8,-0.758,0.077,-2.411,3.74,22
28.46865,-27.62170,flat,1.1,-0.300,0.175,-0.386,1.01,20
29.03401,-30.56385,steep,,-1.027,0.175,-1.151,1.33,20
31.82721,-30.50870,steep,,-1.172,0.009,-1.599,3.18,22
27.28099,-30.98152,steep,4846775.1,-1.194,0.094,-1.393,2.34,22
28.73816,-29.74021,steep,15.5,-0.882,0.159,-1.829,2.96,21
29.18061,-31.88156,nan,,,,-0.219,,3
31.14183,-29.79741,steep,,-0.806,0.002,-1.022,36.48,22
30.06792,-32.63730,steep,606544.9,-0.612,0.055,-0.783,1.55,22
29.68196,-30.98633,inverted,7767.6,-0.785,0.087,0.207,5.34,22
28.66190,-27.38131,nan,,,,-1.854,,3
30.29374,-28.63121,steep,,-0.831,0.095,-0.888,1.33,22
27.57239,-30.13672,steep,,-0.676,0.071,-1.832,5.82,22
32.47182,-31.61453,flat,31.6,-0.476,0.116,-1.044,1.58,22
28.08239,-30.17661,nan,41.7,-0.350,0.721,,0.27,7
29.54500,-28.06221,nan,2.7,-1.120,0.093,,0.91,20
28.83713,-27.63088,steep,0.5,-0.916,0.220,-1.248,1.83,14
27.07251,-31.61548,steep,0.1,-1.036,0.103,-2.405,3.79,22
32.31707,-28.59286,steep,69.7,-0.669,0.068,-4.088,10.40,22
27.77947,-31.04237,nan,612.9,-1.254,0.614,,0.55,9
27.93715,-28.76254,steep,5526833.5,-0.860,0.094,-1.120,1.19,22
26.97912,-31.27600,flat,61.3,-0.336,0.398,-1.003,0.84,16
31.18340,-29.44665,steep,24.5,-1.244,0.956,-0.891,2.27,7
29.59720,-29.32968,nan,18371.3,-1.166,1.052,,0.07,5
28.09455,-31.61960,flat,352.1,-0.873,0.121,-0.071,2.79,22
27.05626,-31.50110,nan,,-1.056,0.165,,1.03,17
31.87487,-31.31902,extended,2898.1,-0.843,0.220,0.449,3.08,16
29.42420,-32.16251,flat,255.1,-0.329,0.291,-1.323,1.29,18
28.73690,-30.66958,steep,4451.0,-0.974,0.086,-0.805,2.27,22
29.75145,-29.91851,steep,3719.4,-1.066,0.139,-0.854,2.46,20
28.44741,-30.22586,nan,909.7,-0.906,0.461,,1.48,4
27.43979,-31.02404,extended,,0.454,0.703,-0.827,1.69,8
31.54429,-31.57946,nan,5.6,0.176,0.571,,1.18,8
29.59537,-32.34441,steep,,-0.923,0.110,-1.510,2.99,22
27.19102,-31.76921,nan,,-1.048,0.028,,1.20,21
31.04693,-31.90834,steep,187521.0,-0.799,0.042,-0.711,2.16,22
31.59176,-32.40701,steep,66093301.8,-0.801,0.093,-1.157,1.12,22
28.23165,-27.91247,inverted,250.5,0.491,0.770,0.667,1.10,11
31.57296,-30.82509,nan,,,,-0.974,,3
28.20264,-29.68189,steep,165.8,-0.661,0.498,-1.404,1.75,7
27.31665,-30.74654,steep,41921177.9,-0.799,0.124,-1.580,7.15,21
28.41375,-30.57818,steep,961723.1,-0.862,0.058,-0.960,2.21,22
30.34032,-27.94456,steep,0.1,-0.942,0.249,-1.060,1.42,17
27.64303,-31.54178,inverted,1320.2,-1.205,0.387,0.334,2.65,11
28.33454,-30.66021,steep,,-0.690,0.028,-0.783,2.86,22
28.50581,-28.79085,steep,21694754.1,-0.946,0.019,-1.305,1.00,22
30.07231,-29.30820,steep,9919.7,-0.910,0.091,-0.917,1.60,22
31.53098,-30.24085,steep,127115.9,-1.070,0.040,-0.852,1.74,22
28.93641,-29.15779,steep,2.4,-0.769,0.007,-1.176,10.44,22
29.36277,-27.96214,steep,,-0.726,0.149,-0.992,1.12,21
28.75969,-27.71253,steep,10326256.8,-0.868,0.066,-1.214,2.93,22
28.99871,-28.64673,steep,38736.7,-0.852,0.021,-0.832,1.19,22
30.23415,-27.85577,peaked,400.7,1.272,0.030,-1.433,4.18,22
27.26028,-31.37049,steep,25825.4,-0.796,0.136,-0.862,2.07,20
28.54080,-28.69163,flat,742.0,-1.360,0.111,-0.185,3.26,21
31.03349,-27.79000,nan,146755.5,-0.707,0.334,,0.67,13
30.12911,-28.15731,flat,1136.1,-0.846,0.060,-0.026,1.22,22
32.27651,-31.07278,steep,0.1,-0.884,0.094,-2.012,4.24,22
32.47886,-31.06018,nan,224.2,-0.748,0.625,,0.76,11
31.33668,-29.35424,steep,143.9,-0.727,0.449,-0.544,1.07,15
27.88186,-30.80043,steep,44.5,-1.015,0.465,-1.482,1.87,8
29.45404,-30.92598,steep,2237038.9,-1.037,0.017,-1.009,0.69,22
32.67482,-29.09861,steep,44985.9,-0.853,0.094,-1.068,1.00,22
30.77334,-28.77492,steep,125.7,-0.669,0.401,-1.704,1.06,15
30.12346,-27.25761,steep,,-0.985,0.039,-1.469,2.04,22
29.12944,-27.15820,steep,25757.5,-1.206,0.209,-0.711,0.99,16
29.29910,-32.18304,nan,0.0,-0.830,0.207,,0.49,17
29.31160,-32.91199,steep,,-0.701,0.005,-0.800,11.99,22
32.42052,-29.02413,steep,,-0.709,0.037,-0.956,1.74,22
27.47132,-29.54913,flat,203.4,0.025,0.156,-1.327,0.73,18
29.26592,-29.97239,steep,130.8,-0.784,0.250,-1.748,1.51,18
32.01706,-31.66256,steep,,-1.079,0.007,-1.922,5.28,22
31.41912,-28.00640,steep,368846.4,-1.056,0.062,-1.488,1.78,22
29.93071,-27.67742,flat,7755.8,-0.498,0.010,-0.628,3.39,22
28.01720,-28.85566,flat,4750.7,-0.537,0.291,-0.184,1.00,16
30.98182,-28.02699,nan,10.8,-1.492,0.300,,5.67,8
33.02136,-28.92769,nan,,,,-0.932,,3
28.71150,-32.49637,flat,,-0.613,0.098,-0.260,0.89,22
30.05622,-27.77050,steep,72335.2,-1.033,0.120,-0.618,1.36,22
33.18338,-29.95024,steep,216851.3,-1.865,0.388,-0.993,1.18,15
30.98031,-31.05242,flat,262571748.9,-0.597,0.123,-0.458,0.75,22
30.43609,-27.88397,steep,2053.2,-0.668,0.090,-0.673,1.39,22
32.20119,-29.03935,steep,15.1,-0.933,0.594,-1.233,4.08,8
30.19585,-31.98926,steep,,-0.633,0.019,-0.812,1.76,22
29.57565,-28.09808,flat,181.7,0.008,0.159,-1.044,1.73,19
30.63020,-29.62608,steep,,-1.048,0.004,-1.221,8.77,22
29.53606,-30.31187,flat,,-0.387,0.080,-0.417,2.81,22
30.41183,-31.50817,steep,141.9,-0.747,0.272,-1.656,3.20,18
29.99451,-27.36138,nan,,,,-1.249,,3
29.40943,-32.12066,steep,,-0.759,0.003,-0.903,12.49,22
31.29732,-29.52739,nan,907544.2,0.161,1.816,,0.26,6
27.66377,-28.21265,steep,,-0.882,0.013,-1.271,1.84,22
30.99460,-29.10727,uss,7665.3,-1.251,0.071,-1.453,2.01,22
27.23058,-30.59433,inverted,17893.1,-1.127,0.102,0.348,5.51,22
27.30301,-30.71223,steep,,-0.752,0.142,-1.017,0.47,21
31.49423,-30.32043,steep,98.9,-1.301,0.717,-0.963,17.26,8
26.99582,-30.07246,nan,520.4,-1.517,0.661,,0.32,5
31.65143,-28.00855,steep,0.1,-0.861,0.084,-1.906,2.41,22
31.50387,-31.71923,flat,8684.8,-0.765,0.254,-0.425,1.14,18
32.18401,-28.60417,nan,0.6,-0.940,0.594,,0.51,8
28.00533,-31.56824,steep,,-0.889,0.079,-0.945,1.53,22
29.54354,-31.21452,steep,,-0.993,0.172,-1.538,2.42,20
30.02073,-30.09458,steep,46790.7,-0.560,0.123,-0.531,1.04,21
30.26708,-29.05413,steep,23.8,-1.042,0.183,-2.031,2.93,19
31.67711,-28.49036,steep,219294.7,-1.011,0.057,-0.873,1.79,22
29.50584,-28.74635,nan,0.6,-1.229,0.213,,2.43,17
28.93726,-29.63934,flat,,-0.494,0.052,-0.743,0.93,22
29.21101,-30.18097,nan,3829131.6,-0.545,0.256,,0.57,17
32.69765,-29.37119,nan,,,,-1.169,,3
32.05168,-29.90066,steep,63.0,-0.624,0.145,-2.379,13.64,21
31.67996,-28.64686,flat,9.0,-0.425,0.150,-0.824,1.76,21
28.98572,-31.89138,nan,,,,-0.398,,3
30.66554,-29.03862,nan,524.7,-1.016,0.425,,2.28,12
28.45091,-28.57155,steep,135.4,-0.706,0.254,-1.804,2.73,16
28.86944,-31.46428,steep,3.3,-0.612,0.157,-1.030,1.99,20
32.42265,-30.89576,nan,14433.3,-0.664,0.188,,1.04,19
29.22927,-30.50299,steep,,-0.572,0.033,-0.888,0.81,22
27.55414,-28.58857,flat,1916.0,-1.078,0.173,-0.410,1.41,21
31.82545,-32.13540,steep,5389.3,-1.396,0.202,-0.994,2.08,17
29.09537,-30.36785,flat,1363.8,-1.358,0.308,-0.442,1.49,12
31.27899,-31.82737,steep,672701.3,-0.672,0.008,-0.599,5.14,22
28.78186,-31.96014,flat,1346.4,-2.311,0.100,-0.396,20.89,17
30.95234,-32.67762,steep,,-0.744,0.068,-1.180,1.49,22
30.87943,-31.91143,flat,333.0,-0.268,0.658,-1.590,1.44,11
28.88185,-30.76416,steep,37491417.7,-0.848,0.064,-1.187,2.03,22
30.92433,-27.19753,steep,10.7,-1.199,0.136,-2.990,5.57,22
32.09895,-28.22635,nan,,-0.911,0.161,,1.76,18
29.72135,-27.60246,steep,1.5,-0.698,0.001,-1.014,190.16,22
32.24791,-29.61083,steep,263052.2,-0.731,0.078,-0.642,1.58,22
30.29294,-29.35333,steep,,-0.868,0.021,-1.146,2.43,22
29.25820,-30.57008,steep,627504.1,-0.946,0.019,-0.974,1.31,22
28.63278,-32.53667,nan,32964.0,-1.394,0.047,,1.45,20
29.13092,-32.48204,steep,0.5,-0.665,0.199,-1.061,1.79,20
29.09496,-27.59887,steep,132624043.7,-1.184,0.120,-1.830,4.13,22
28.53704,-28.81152,peaked,114.3,0.611,0.299,-0.712,2.25,15
32.20643,-28.14676,flat,32.4,-0.455,0.151,-1.101,1.75,20
32.46256,-30.91631,nan,302.7,-0.748,1.770,,0.67,5
32.42435,-30.21320,steep,109.3,-0.742,0.255,-1.794,1.32,19
31.30426,-32.74884,steep,15187.4,-0.634,0.090,-0.527,1.60,22
30.68068,-32.23002,steep,35.4,-0.760,0.237,-1.236,1.44,18
27.08801,-31.43048,steep,29.8,-0.842,0.238,-1.776,1.73,12
32.51579,-30.67428,steep,0.0,-0.997,0.124,-1.446,1.43,22
30.91234,-31.08477,steep,,-1.150,0.036,-1.186,1.72,22
28.57757,-31.68873,steep,11333.5,-0.909,0.070,-0.985,3.09,22
27.86858,-28.83827,steep,290582.2,-0.628,0.028,-1.019,2.11,22
29.98240,-29.47218,peaked,294.7,0.507,0.242,-1.024,1.41,16
31.18065,-27.45579,steep,761058.5,-1.156,0.102,-1.834,3.10,22
29.64225,-32.50441,steep,149.9,-0.651,0.176,-2.910,4.84,21
33.17882,-29.58252,nan,,-1.023,0.197,,0.99,18
28.31217,-32.62159,nan,,,,-0.721,,3
31.41241,-29.11407,steep,3.0,-1.040,0.312,-1.065,0.90,17
27.33686,-28.83336,flat,2805.9,-0.906,0.239,-0.211,0.60,18
28.64636,-27.55175,flat,2192.1,-1.329,0.380,-0.430,1.15,9
29.36754,-28.70387,inverted,1013.0,-0.854,0.484,0.418,2.34,12
30.66867,-29.55623,steep,55.5,-0.772,0.661,-1.214,0.53,8
31.28262,-27.68132,uss,0.1,-1.221,0.181,-2.012,4.21,16
30.74207,-31.12772,steep,290.3,-0.648,0.380,-2.452,3.04,13
28.81300,-28.21178,steep,230424262.5,-0.705,0.149,-0.678,1.70,22
30.53136,-27.49194,steep,197.5,-1.006,0.371,-1.592,2.11,13
31.81251,-31.23929,steep,0.8,-0.740,0.410,-0.697,0.35,13
27.64850,-30.46470,steep,8362.3,-0.823,0.094,-0.651,1.00,22
31.36475,-28.60333,nan,993.9,-0.936,0.288,,1.36,15
31.92543,-27.80371,steep,947094.9,-0.733,0.042,-0.831,1.84,22
29.35649,-29.02950,steep,1819554.5,-0.683,0.037,-0.898,2.14,22
30.37588,-31.81750,steep,3709.2,-1.310,0.146,-0.696,1.37,20
30.98629,-29.49158,peaked,253.3,0.540,0.055,-1.167,3.13,21
33.08162,-30.28529,nan,,,,-0.607,,3
30.50049,-31.32582,flat,14.6,-0.374,0.137,-0.709,1.55,21
29.84600,-28.94350,steep,,-0.876,0.093,-1.222,1.53,22
30.80249,-31.79703,steep,,-0.833,0.003,-0.935,21.64,22
26.65460,-30.77635,flat,2947.9,-1.328,0.238,-0.457,1.67,14
28.91773,-29.74794,peaked,551.6,2.095,0.391,-1.148,1.91,12
28.69594,-29.73911,peaked,203.0,0.667,0.930,-1.009,0.22,8
30.20793,-31.92232,steep,4306876.0,-1.122,0.053,-1.424,2.41,22
32.19825,-29.95067,steep,2.5,-0.739,0.105,-1.101,1.22,22
29.38092,-29.26486,nan,135.7,0.807,1.862,,0.21,5
32.48694,-29.60815,steep,23928.9,-1.125,0.766,-0.637,3.13,9
29.91122,-30.37688,uss,,-1.217,0.002,-1.444,45.90,22
30.50946,-29.38987,steep,,-0.588,0.064,-1.105,1.39,22
31.73020,-32.00133,steep,0.0,-1.162,0.007,-1.655,5.88,22
30.84499,-31.44713,steep,29.5,-0.723,0.209,-1.396,1.48,20
32.70069,-28.97248,steep,14624.8,-0.901,0.114,-0.760,0.95,22
27.28222,-31.72474,steep,6543249.8,-0.832,0.096,-0.724,1.03,22
32.33161,-29.86619,flat,,-0.323,0.233,-0.339,0.79,18
31.15421,-27.63796,uss,,-1.359,0.015,-1.564,2.12,22
29.74960,-27.22830,flat,1537.7,-0.279,0.024,-0.648,3.67,22
30.30428,-32.11335,extended,685.4,0.457,0.634,-0.200,0.93,12
26.93717,-29.17668,nan,0.3,-0.688,0.139,,2.83,20
28.44246,-31.88001,peaked,129.6,-0.087,0.013,-0.882,3.37,22
27.58907,-31.15298,nan,,,,-1.215,,3
33.16806,-29.05330,nan,1006.9,-1.070,0.217,,2.72,17
30.18973,-30.40470,steep,7931.7,-1.029,0.175,-0.782,1.59,20
28.85548,-31.07331,steep,97.0,-1.143,0.261,-1.996,3.39,14
32.42326,-29.52246,nan,,,,-0.528,,3
28.95009,-27.86841,flat,64.6,-0.392,0.011,-1.537,3.99,22
30.21674,-30.37489,nan,,-1.302,0.191,,2.63,17
31.72465,-29.23220,steep,789146.5,-0.893,0.094,-0.874,1.20,22
31.88683,-29.45719,flat,326193.9,-0.427,0.783,-0.428,0.46,10
30.57832,-28.94338,steep,,-0.577,0.014,-0.659,3.11,22
32.00195,-29.30003,steep,37.0,-0.624,0.090,-2.146,10.42,22
30.37093,-27.11348,nan,,,,-2.899,,3
27.08814,-30.68202,steep,,-0.847,0.034,-1.170,1.47,22
28.27934,-27.57745,flat,101.1,-0.209,0.092,-1.293,1.37,22
27.35143,-28.34398,steep,249147.6,-1.193,0.049,-1.186,4.15,22
32.08936,-30.44136,steep,0.0,-0.602,0.116,-0.896,1.35,22
32.27531,-29.79645,steep,360898.3,-0.816,0.059,-1.033,2.14,22
30.01481,-28.14626,flat,1824.3,-0.530,0.244,-0.206,0.97,16
28.06539,-31.57289,steep,6487.5,-0.756,0.046,-0.586,0.78,22
30.96244,-28.78091,steep,68927.4,-0.710,0.029,-1.615,5.13,22
28.69332,-28.43778,steep,,-0.645,0.036,-0.964,1.55,22
33.22574,-29.53303,steep,,-0.856,0.016,-1.239,1.50,22
31.26917,-31.29640,steep,,-0.792,0.075,-1.038,1.58,22
32.56723,-28.34822,extended,1009.8,-0.299,0.514,0.573,6.14,6
29.12731,-28.17748,steep,56063.1,-0.970,0.070,-1.497,3.49,22
32.36262,-28.00394,steep,,-0.828,0.132,-1.463,2.00,22
29.91153,-31.62207,steep,,-0.782,0.036,-0.972,1.24,22
27.99082,-30.61237,steep,6093.2,-0.856,0.066,-0.681,0.73,22
31.26712,-32.38465,nan,599.5,-2.018,0.068,,6.75,21
29.59613,-28.90838,steep,,-0.694,0.007,-0.820,13.92,22
30.49052,-29.47259,steep,815046.8,-0.988,0.019,-1.204,2.37,22
31.21605,-27.20882,nan,470.2,-1.833,0.178,,0.28,12
28.57718,-29.53374,steep,526.9,-0.908,0.117,-0.923,4.28,19
31.19099,-31.62364,steep,0.4,-0.921,0.222,-1.215,1.63,19
33.06932,-29.49987,steep,13450598.5,-1.003,0.020,-1.735,3.48,22
31.49977,-32.05657,nan,0.0,-0.848,0.336,,0.31,11
30.63355,-27.69009,steep,5143.5,-1.036,0.185,-0.711,1.48,20
28.66684,-29.74756,steep,13707.8,-0.918,0.026,-0.926,2.11,22
29.16527,-29.09263,steep,1737177.5,-1.217,0.236,-1.004,1.17,16
31.90277,-27.59301,steep,,-0.816,0.013,-1.344,2.09,22
30.83999,-31.01068,steep,,-0.595,0.115,-0.552,1.29,22
28.93810,-31.65944,nan,0.5,-1.191,0.446,,0.77,7
27.39802,-28.90052,steep,5596322.2,-0.812,0.017,-0.864,1.40,22
28.68766,-28.67555,steep,67747.7,-0.941,0.225,-0.849,1.26,15
32.50190,-28.47689,flat,423614.6,-0.025,0.579,-0.581,1.42,10
33.30609,-29.45180,steep,27109.2,-1.068,0.043,-1.214,3.61,22
31.12346,-29.15849,steep,1.3,-0.783,0.181,-1.299,1.21,21
30.18511,-29.31117,flat,248.5,-0.277,0.773,-1.705,0.73,10
27.65035,-31.60088,nan,36.7,-0.232,0.633,,0.58,8
28.56081,-31.40911,steep,20032.3,-0.616,0.074,-0.663,1.36,22
30.38358,-29.59392,steep,,-0.687,0.008,-0.851,3.72,22
26.99980,-29.45674,nan,,,,-1.002,,3
30.69745,-29.79254,steep,,-1.002,0.063,-1.920,2.13,22
28.58450,-30.92947,steep,241617.7,-0.677,0.050,-0.681,2.22,22
31.26797,-27.96196,extended,4427.8,-1.085,0.066,0.285,1.31,22
29.16822,-30.34184,nan,16.3,-0.865,0.163,,2.90,20
28.23910,-29.94374,steep,10.4,-0.740,0.254,-1.075,1.27,18
31.20432,-28.41240,steep,,-0.880,0.005,-1.078,7.53,22
30.96341,-31.15449,steep,8.3,-0.647,0.086,-1.469,2.01,22
30.82221,-28.54434,steep,,-0.880,0.012,-1.085,2.17,22
32.82429,-29.66715,flat,37.3,-0.243,0.021,-0.796,1.66,22
32.35505,-30.51996,steep,1737.7,-1.933,0.059,-0.600,8.12,22
31.55944,-27.39116,flat,0.0,-0.425,0.157,-0.406,0.70,20
33.36409,-30.41870,nan,194.2,0.016,2.111,,0.00,4
27.32886,-30.16680,steep,18.3,-0.669,0.005,-1.103,14.64,22
26.99513,-30.95033,nan,45393.3,-1.251,0.060,,0.47,20
32.09995,-28.48350,nan,2880.5,-1.333,0.074,,1.22,20
32.43470,-29.05224,steep,22135.0,-0.708,0.051,-0.663,2.28,22
29.29025,-28.41055,steep,,-0.824,0.003,-1.030,16.58,22
31.73140,-28.42395,steep,0.0,-0.932,0.004,-1.542,5.01,22
29.06101,-30.58261,steep,,-0.841,0.088,-1.465,2.79,22
32.35712,-30.75172,flat,3276.2,-1.059,0.158,-0.414,0.49,20
29.84146,-27.68416,steep,,-0.850,0.009,-1.660,3.62,22
29.38739,-29.05623,steep,,-0.726,0.027,-1.220,2.77,22
31.95043,-29.58499,nan,,-1.299,0.205,,0.81,18
31.48386,-30.66714,steep,4605.8,-1.282,0.104,-0.873,2.49,22
27.77397,-28.48124,steep,101.0,-0.741,0.240,-1.723,1.34,18
28.73269,-30.78464,steep,113.4,-0.598,0.147,-2.718,13.33,20
27.10823,-31.54253,uss,,-1.358,0.022,-1.449,2.11,22
27.01408,-29.36888,nan,,,,-1.871,,3
29.15468,-29.99967,uss,14155.7,-1.426,0.112,-1.422,2.50,22
28.70530,-30.45800,steep,5654.1,-1.039,0.291,-0.599,1.52,12
27.01996,-30.33374,steep,,-1.118,0.240,-1.148,1.77,13
31.61233,-27.86647,flat,7396.3,-0.893,0.095,-0.422,0.96,22
32.55940,-29.57518,nan,1966.6,-0.687,0.644,,0.65,7
26.68148,-29.18595,steep,44366.8,-0.786,0.051,-1.020,2.28,22
28.96094,-28.93131,steep,,-0.779,0.003,-0.890,30.47,22
33.42384,-30.33429,steep,,-0.684,0.063,-0.999,0.87,22
29.08333,-31.30244,flat,800.3,-2.321,0.136,-0.138,2.53,18
30.11643,-28.35835,steep,45743.6,-0.876,0.091,-0.985,1.29,22
31.65781,-30.95351,flat,2198.3,-0.581,0.013,-0.452,2.85,22
28.92296,-27.28148,nan,,,,-0.971,,3
28.23659,-29.34842,steep,276.2,-0.645,0.592,-1.958,2.69,12
30.95098,-30.27284,flat,4929.2,-0.637,0.203,-0.170,0.92,20
32.34207,-29.37559,nan,,,,-0.770,,3
30.78592,-31.27907,steep,14878898.0,-0.574,0.067,-0.557,1.55,21
29.32970,-29.11386,nan,139394.3,-1.236,0.305,,0.65,12
29.05141,-29.73779,steep,2239.0,-1.355,0.169,-0.638,1.24,19
30.56212,-32.53387,steep,289888.5,-1.173,0.085,-0.543,2.80,22
28.43156,-28.81719,steep,,-0.795,0.007,-0.891,6.45,22
26.95490,-30.12451,nan,23360.6,-1.596,0.117,,1.06,20
29.77276,-30.28093,nan,100207.2,-1.217,0.107,,1.60,20
30.88114,-31.09238,flat,3295.4,-1.068,0.112,-0.196,1.40,22
32.38853,-31.01471,peaked,253.2,0.447,1.098,-0.307,0.12,8
27.82413,-31.66176,steep,,-0.739,0.064,-1.128,1.61,22
32.40285,-30.94908,steep,0.6,-0.644,0.216,-0.946,0.64,19
30.59458,-31.77120,steep,6801.2,-0.710,0.027,-0.616,1.98,22
31.22578,-30.16776,steep,52.8,-0.778,0.371,-0.639,1.88,14
33.28369,-29.60351,peaked,185.7,0.096,0.030,-1.373,2.01,22
31.68130,-32.10660,steep,25454.3,-1.707,1.259,-0.561,0.91,6
30.68502,-29.71750,steep,157.5,-0.718,0.220,-2.108,2.75,17
31.66082,-31.60137,flat,3438.3,-0.131,0.579,-0.179,0.89,11
27.25661,-30.17870,steep,85253.1,-0.894,0.022,-0.872,2.52,22
30.21946,-29.34675,inverted,931.4,-0.752,0.940,0.126,0.20,7
32.44297,-31.84666,steep,0.0,-1.047,0.065,-2.197,2.30,22
29.35850,-32.25494,steep,28125846.4,-1.146,0.074,-2.807,6.69,22
26.83475,-28.97992,steep,0.0,-1.045,0.014,-1.381,3.29,22
30.11438,-31.56914,flat,18.5,-0.413,1.013,-1.319,0.08,6
30.52241,-27.61296,steep,6.6,-0.884,0.192,-1.304,2.72,20
28.67041,-27.61156,steep,26637.0,-0.980,0.090,-1.392,2.29,22
30.35997,-27.49594,nan,,,,-1.508,,3
31.54027,-27.47693,flat,4785.5,-0.519,0.968,-0.370,1.69,6
33.35513,-29.65282,flat,292.1,-0.271,0.548,-2.010,2.77,12
30.02220,-29.63500,nan,971675.4,-1.339,0.231,,1.79,11
32.91960,-31.55796,steep,25.4,-0.962,0.314,-1.374,1.43,15
28.77774,-32.65220,steep,299741118.2,-0.890,0.070,-1.020,1.50,22
30.92664,-27.40221,steep,0.0,-0.738,0.052,-0.977,2.22,22
32.71541,-30.96284,nan,19012.2,-0.873,0.065,,1.32,20
30.18889,-28.35562,flat,1837.3,-0.579,0.319,0.098,1.63,17
31.16589,-29.98463,steep,,-0.881,0.142,-0.917,2.42,22
27.74515,-30.57084,steep,72.8,-1.131,0.422,-1.151,1.40,11
30.03154,-30.15862,steep,11727.6,-0.804,0.167,-1.033,1.71,21
29.69571,-29.71131,nan,17.5,-0.769,0.138,,2.75,20
29.06543,-30.52829,steep,10.6,-0.559,0.018,-1.074,1.69,22
28.29267,-28.29000,steep,,-0.935,0.007,-1.195,4.24,22
27.56333,-30.71654,nan,,,,,,1
32.20205,-29.79797,nan,10623.7,-1.179,0.141,,2.24,20
32.64178,-30.71681,steep,12046.4,-0.665,0.075,-0.763,1.72,22
29.13985,-27.53853,nan,0.0,-0.947,0.096,,2.51,21
31.46211,-27.68336,steep,4128.6,-0.974,0.228,-0.505,1.34,18
31.06597,-28.63817,nan,2.2,-0.910,1.111,,0.31,6
27.51401,-30.74468,nan,,,,-1.295,,3
30.46397,-30.45745,nan,195.8,-0.566,0.640,,0.56,10
31.51554,-27.94504,steep,3685.5,-1.174,0.231,-0.634,0.43,17
31.17035,-29.18008,steep,,-0.791,0.029,-1.121,3.05,22
31.89742,-28.87231,nan,,,,-0.848,,3
31.76174,-27.74681,steep,7.2,-0.604,0.067,-1.577,2.09,22
27.70211,-30.73039,nan,,,,-1.079,,3
28.88714,-29.74001,steep,139353.9,-1.050,0.011,-1.068,3.51,22
28.00302,-29.52872,steep,0.0,-0.989,0.002,-2.292,31.34,22
32.09087,-28.10123,steep,295.0,-0.703,0.856,-0.864,0.63,8
31.03809,-28.27876,steep,6428565.5,-0.659,0.005,-1.183,10.44,22
31.03007,-30.02484,steep,0.0,-1.016,0.130,-2.024,4.45,19
32.15071,-29.86197,flat,1790.5,-0.336,0.033,-0.370,0.92,22
31.65342,-32.57188,flat,1377.8,-1.464,0.382,-0.104,0.20,12
29.33729,-30.71243,steep,,-0.585,0.149,-0.582,4.29,21
31.35643,-30.77084,nan,134.0,-0.153,0.648,,0.91,10
27.41808,-30.82332,nan,120.3,-0.068,0.945,,0.56,6
28.22972,-30.81548,nan,2241.2,-0.841,0.069,,0.81,20
28.02300,-30.58320,nan,6610.6,-0.921,0.032,,3.92,20
28.02655,-31.26687,peaked,249.0,1.861,1.794,-1.286,1.00,6
29.44753,-31.49821,uss,807596.7,-1.428,0.093,-1.398,1.72,22
29.87233,-29.31738,steep,0.0,-0.857,0.101,-1.431,1.49,22
29.60367,-32.62888,peaked,164.5,0.763,1.561,-1.061,0.58,7
30.85942,-31.59831,steep,0.6,-0.758,0.073,-1.644,1.48,22
29.90140,-31.84830,flat,151913.6,-0.841,0.479,-0.346,0.82,11
31.92885,-28.73524,steep,106.4,-0.832,1.109,-0.911,0.75,9
28.03275,-30.22695,steep,117.1,-0.601,0.373,-1.317,0.98,16
32.23907,-29.51277,steep,,-1.207,0.374,-1.000,0.32,14
32.75814,-31.82338,steep,63863.1,-0.854,0.024,-0.890,1.75,22
31.17808,-31.98748,steep,56.7,-0.890,0.204,-1.966,1.83,20
28.44362,-32.38019,steep,,-0.806,0.042,-1.134,2.34,22
28.78773,-29.09244,steep,6262383.4,-0.859,0.132,-0.926,1.16,21
30.47132,-29.29061,steep,690999.5,-1.018,0.031,-1.179,1.50,22
31.73747,-30.09852,steep,22012.8,-0.855,0.060,-0.628,1.46,22
29.85715,-32.73991,steep,26115.0,-0.725,0.022,-0.771,1.23,22
32.68337,-31.24488,steep,,-0.817,0.112,-1.030,2.26,22
26.72370,-30.75075,uss,226.6,-1.671,0.844,-1.383,1.55,7
31.59320,-28.41001,flat,44.9,-0.350,0.044,-0.837,1.27,22
31.66826,-30.82363,nan,,,,-0.839,,3
29.33049,-32.71038,nan,4633.7,-1.059,0.159,,1.14,20
31.92757,-30.87712,flat,42.8,-0.404,0.196,-1.109,1.82,19
27.48430,-31.69906,nan,172.5,-0.148,1.318,,1.04,6
27.04876,-29.21890,steep,,-0.658,0.022,-0.884,1.35,22
26.63959,-30.35229,steep,952039.8,-0.690,0.030,-0.861,1.70,22
30.19177,-27.32538,nan,,,,-1.064,,3
28.23041,-32.03702,steep,,-0.920,0.005,-0.975,8.46,22
31.30925,-29.14358,nan,0.0,-1.220,0.158,,1.90,21
31.05986,-32.85466,extended,773.5,-0.922,0.147,0.332,0.97,21
28.45871,-30.10455,peaked,479.2,0.297,0.199,-0.847,1.67,18
28.63968,-29.82450,steep,,-0.578,0.013,-0.922,2.29,22
31.95411,-32.35211,nan,1593678.6,-0.963,0.378,,0.11,7
32.93713,-29.76591,peaked,561.9,0.745,0.841,-0.578,0.30,11
30.80208,-29.66904,nan,17817649.9,-0.993,0.140,,2.42,20
33.02166,-29.25660,steep,,-0.877,0.012,-0.962,1.35,22
33.26332,-29.68890,nan,286.0,-0.871,1.134,,0.96,5
28.92128,-29.92196,steep,,-0.660,0.056,-0.924,1.40,22
31.34092,-29.51850,nan,1274.5,-2.556,2.302,,0.39,5
32.50950,-29.42719,nan,,,,-1.281,,3
30.28713,-27.25115,steep,,-0.902,0.004,-1.005,15.57,22
32.82309,-28.82595,steep,,-0.753,0.260,-0.829,0.45,16
31.26129,-31.43713,steep,,-1.190,0.078,-1.987,3.72,22
27.94010,-27.82992,nan,,,,-0.115,,3
31.04411,-29.38397,steep,9858.0,-0.533,0.009,-0.582,5.99,22
30.72873,-30.50886,steep,21.2,-0.675,0.195,-1.273,1.14,19
32.18819,-29.31514,nan,,,,-0.764,,3
32.86487,-28.96645,nan,,,,-0.755,,3
31.49763,-28.89189,steep,610473.3,-0.907,0.051,-0.996,1.41,22
27.14847,-29.03055,steep,169.8,-0.543,0.443,-1.296,1.03,12
29.58244,-30.34913,steep,,-0.965,0.015,-1.175,1.26,22
32.65318,-29.70298,steep,199230.6,-0.775,0.080,-0.983,1.10,22
30.28583,-27.10735,nan,,,,,,2
32.99159,-29.80900,steep,,-0.933,0.095,-0.808,2.29,22
33.28485,-30.18450,steep,,-1.055,0.011,-1.897,2.16,22
27.09219,-29.91768,uss,60.5,-1.367,0.392,-1.282,2.14,12
33.09810,-29.84772,nan,87.5,-0.416,0.920,,0.20,5
26.79608,-30.36919,steep,7750567.9,-0.900,0.097,-1.277,1.64,22
26.67480,-29.56413,steep,238.5,-0.892,0.312,-2.666,7.28,14
32.15186,-30.16044,flat,524.1,-0.438,0.045,0.050,1.74,22
29.91771,-29.86392,steep,11087.0,-0.760,0.051,-0.699,1.81,22
30.96995,-31.85510,flat,137894.4,-0.685,0.239,-0.400,2.23,18
31.59283,-29.04089,nan,6827.5,-0.971,0.185,,0.48,18
32.59388,-29.35022,nan,,,,-1.157,,3
32.25973,-30.65565,nan,0.0,-0.823,0.099,,1.49,20
28.51829,-29.43389,nan,99.9,-0.075,1.118,,1.21,8
28.19224,-31.75907,steep,13684.2,-0.700,0.040,-0.604,1.52,22
29.73587,-28.41344,steep,20695.6,-0.732,0.019,-0.867,0.85,22
29.70822,-30.93798,steep,0.0,-0.929,0.062,-1.984,4.42,22
29.60228,-32.56660,nan,,-1.002,0.118,,2.06,21
32.67127,-28.62682,steep,65.7,-1.135,0.207,-2.388,6.83,16
32.32309,-31.23952,nan,20835.1,-1.275,0.148,,0.88,21
28.62461,-32.72425,flat,2509.4,-1.003,0.318,-0.129,1.58,15
30.26175,-28.62077,steep,6.8,-0.718,0.202,-1.249,2.14,18
31.57037,-29.31920,steep,779210.4,-0.923,0.014,-1.058,2.69,22
32.13541,-31.51782,uss,43.7,-1.884,0.383,-1.734,4.10,9
30.18970,-29.45833,steep,77.1,-0.536,0.211,-1.074,1.38,19
27.68082,-28.26400,steep,,-0.907,0.160,-1.284,1.56,20
28.01358,-29.32136,steep,121.0,-0.864,0.297,-1.749,2.31,16
31.04034,-28.03946,steep,2173247.3,-0.889,0.026,-1.042,1.48,22
27.26459,-28.20932,steep,,-0.873,0.044,-1.913,3.94,22
29.70906,-27.13766,steep,118.6,-0.758,0.259,-1.543,2.02,18
30.58682,-32.56594,steep,0.9,-0.947,0.142,-1.719,1.61,22
27.23693,-29.59052,steep,,-0.735,0.027,-0.944,2.11,22
30.05592,-28.00725,steep,7904.5,-0.702,0.050,-0.888,2.13,22
27.54289,-28.27309,steep,93901.7,-1.077,0.051,-1.517,1.69,22
32.25661,-31.80573,steep,,-1.163,0.011,-1.274,3.58,22
30.46694,-32.11247,steep,3252.5,-1.436,0.212,-0.622,1.73,19
33.34544,-29.87967,flat,5.3,-0.438,0.191,-0.821,1.74,17
33.19595,-30.91646,peaked,181.9,0.070,0.011,-0.904,17.96,22
28.94938,-29.41812,flat,58.8,-0.390,0.146,-1.236,1.11,21
29.17848,-27.34023,steep,0.0,-0.714,0.097,-1.417,1.82,22
33.14115,-31.19661,flat,1659.9,-0.888,0.138,0.010,0.84,22
30.73657,-30.21608,nan,,,,-0.875,,3
30.93577,-28.42660,flat,26067.2,-0.978,0.030,-0.370,2.66,22
32.90314,-29.20801,nan,694.7,-1.153,0.256,,0.72,13
32.14073,-28.20596,steep,34182.0,-0.814,0.026,-1.036,2.33,22
29.00747,-30.29451,steep,0.0,-1.019,0.087,-2.034,3.50,22
30.12559,-31.38161,steep,33.0,-0.557,0.093,-0.890,1.59,22
29.21459,-31.63846,nan,,-0.863,0.051,,1.59,20
31.08391,-29.41696,uss,187.5,-1.371,0.350,-1.278,3.23,17
28.29066,-31.71583,flat,7.4,-0.314,1.151,-0.147,0.09,6
31.28045,-30.63920,nan,253.6,-1.164,0.885,,1.69,7
32.45617,-30.10314,steep,,-0.899,0.054,-1.676,2.49,22
26.92974,-30.26797,steep,0.9,-0.765,0.002,-0.975,76.56,22
29.72253,-28.71091,nan,1082.4,-1.319,0.104,,1.21,21
28.17897,-27.82797,steep,,-0.963,0.165,-1.331,1.83,19
31.25601,-30.08234,steep,1450.2,-0.988,0.153,-0.623,1.53,20
29.49348,-28.12309,nan,126.5,-0.549,1.603,,0.07,6
32.34785,-30.27284,uss,1.6,-1.232,0.259,-1.487,2.63,12
28.08525,-32.32093,nan,1354.6,-0.835,0.093,,1.11,20
28.83470,-27.23110,nan,12361.4,-0.922,0.002,,75.75,21
29.57143,-32.23350,steep,,-1.048,0.090,-1.908,4.00,22
28.82389,-32.57490,steep,,-0.961,0.003,-1.193,23.77,22
28.14688,-31.18568,flat,37.8,-0.342,0.078,-1.007,1.96,22
30.32655,-29.74645,extended,3783.5,-0.780,0.125,0.235,1.39,22
30.54714,-30.33208,steep,183.6,-0.797,0.539,-0.976,2.31,12
32.15623,-30.78052,flat,780.1,-0.987,0.046,-0.026,1.03,22
27.30304,-31.60609,nan,1773.0,-1.114,0.289,,0.27,15
32.51953,-31.62972,steep,,-0.711,0.107,-0.706,1.07,22
30.67166,-31.55691,flat,667.4,-1.070,0.105,-0.167,1.27,22
31.06348,-27.37631,nan,1694.9,-1.317,0.492,,0.94,13
31.14843,-29.33998,steep,4.1,-0.799,0.150,-1.625,2.58,21
30.73032,-27.68919,steep,34882975.0,-0.919,0.020,-1.103,2.14,22
27.90766,-32.12266,steep,13576471.4,-0.986,0.010,-0.993,4.21,22
30.72481,-31.26364,steep,,-1.123,0.003,-1.657,18.72,22
30.84563,-29.65924,steep,0.0,-0.743,0.080,-1.178,1.35,22
33.24267,-30.22756,uss,,-1.255,0.188,-1.705,2.54,19
32.08499,-29.11787,steep,27428415.0,-0.901,0.293,-0.783,1.14,15
32.03027,-31.93329,flat,,-0.977,0.573,-0.358,1.17,12
31.37287,-31.97060,steep,,-0.867,0.226,-1.050,2.57,16
30.90147,-29.04510,steep,6877281.4,-1.209,0.367,-0.794,0.72,12
32.43745,-30.35315,nan,44180.6,-1.338,0.212,,3.05,12
29.82891,-31.88822,nan,875.1,,,0.269,9.12,5
28.82214,-29.76935,nan,363.7,,,-1.147,0.31,5
29.08331,-29.67489,peaked,409.7,0.890,0.023,-0.790,4.52,22
28.94253,-32.35284,steep,1.2,-0.812,0.109,-1.458,1.14,22
27.04678,-31.53440,steep,70.6,-0.735,0.994,-0.955,0.20,8
29.19424,-32.02178,steep,20446.2,-0.913,0.046,-0.968,2.03,22
29.74609,-27.34099,steep,0.0,-0.571,0.076,-1.126,1.65,22
30.57126,-29.07606,nan,95.4,-0.888,0.192,,3.17,20
29.73372,-30.01847,steep,20513.8,-0.800,0.020,-0.652,1.99,22
32.01722,-27.94011,nan,,,,-1.188,,3
29.38314,-27.26125,flat,,-0.275,0.316,-0.484,2.68,16
28.96072,-30.84344,steep,204227.3,-0.719,0.062,-1.142,1.56,22
28.93435,-29.25899,steep,29779720.1,-1.093,0.054,-2.104,4.18,22
33.21601,-30.87930,steep,5888.1,-1.378,0.240,-0.812,1.54,17
30.00856,-29.01245,steep,40.8,-0.731,0.116,-2.649,6.30,21
29.47880,-27.61128,steep,7335.4,-1.017,0.024,-1.135,1.80,22
30.84334,-32.04030,steep,2.1,-0.681,0.013,-0.953,8.47,22
30.13921,-30.01028,steep,85352.3,-1.122,0.157,-1.116,1.77,20
28.18539,-31.04466,steep,56184.0,-0.886,0.062,-1.173,1.10,22
30.77853,-28.00906,steep,42.1,-0.692,0.186,-1.565,1.49,20
32.57874,-30.05601,steep,152.4,-0.536,0.619,-1.678,0.97,10
32.21252,-30.35465,uss,0.0,-1.200,0.025,-1.840,1.97,22
31.82583,-29.03146,nan,,,,,,1
31.60552,-31.52875,steep,50.1,-0.755,0.217,-1.664,2.32,19
27.76526,-29.79569,steep,,-0.771,0.071,-0.994,4.21,22
26.95446,-30.89542,steep,12368.4,-1.015,0.052,-0.873,1.30,22
31.83001,-32.41083,nan,793.7,-0.771,0.383,,0.85,14
32.22494,-31.24507,steep,,-0.751,0.046,-1.298,0.99,22
31.22942,-32.59429,steep,209198.0,-0.989,0.099,-1.126,1.54,22
28.76376,-28.54203,steep,,-0.677,0.029,-1.073,1.23,22
28.64122,-30.16939,steep,,-0.591,0.034,-0.727,0.95,22
31.60676,-30.62109,steep,0.0,-0.899,0.005,-1.086,8.63,22
33.26990,-29.65395,steep,0.1,-1.009,0.040,-2.799,4.39,22
32.18971,-29.75467,flat,1958.2,-1.467,0.183,-0.327,0.50,18
31.37884,-29.14515,steep,1.9,-0.543,1.044,-0.601,0.54,7
30.79426,-27.42983,steep,260.5,-0.719,0.232,-4.674,9.89,20
29.56131,-30.57960,flat,19.0,-0.382,0.113,-0.748,0.63,21
28.31849,-31.40598,uss,106811.2,-1.202,0.104,-1.523,2.45,22
29.78469,-29.18039,steep,,-0.944,0.049,-1.370,2.38,22
28.88238,-29.37022,uss,,-1.262,0.012,-1.312,6.60,22
31.11343,-30.93978,steep,,-1.173,0.110,-2.162,3.20,22
27.47231,-28.35995,uss,,-1.235,0.018,-1.598,2.56,21
29.30388,-27.76042,nan,23.4,-0.766,0.188,,1.51,19
28.68166,-27.25425,steep,0.0,-0.722,0.104,-1.505,1.67,22
27.19766,-30.96627,flat,206.2,0.063,1.385,-1.092,0.97,6
30.35967,-28.70410,extended,145.5,0.155,5.345,-1.027,0.08,6
32.38719,-28.64044,peaked,386.7,0.272,0.634,-0.951,0.40,12
31.13524,-28.61441,nan,891.4,-1.591,0.652,,0.67,8
28.65450,-31.41264,steep,9312.4,-1.246,0.038,-0.828,2.23,22
32.97095,-29.56959,steep,183.8,-0.978,1.518,-1.321,0.38,7
30.79725,-28.28403,steep,1774.3,-1.442,0.138,-0.674,1.26,22
32.87442,-31.30771,uss,0.2,-1.219,0.233,-1.455,2.07,18
32.85119,-30.35181,steep,8.1,-0.912,0.221,-1.313,0.95,19
27.00666,-30.02397,flat,50.0,-0.417,0.162,-0.854,2.92,20
30.55354,-27.78108,steep,4870.5,-0.964,0.166,-0.868,1.70,20
31.09441,-32.15145,steep,,-0.919,0.107,-1.244,1.08,22
32.21003,-28.23259,flat,15.5,-0.460,0.139,-0.947,1.72,22
31.11006,-30.36258,steep,,-0.825,0.004,-1.110,13.22,22
30.89947,-30.53921,steep,124031.3,-0.762,0.048,-0.661,1.52,22
30.31023,-31.72844,steep,,-0.525,0.052,-0.730,0.70,22
27.36445,-31.49135,steep,554621.8,-1.074,0.010,-0.832,4.27,22
29.09740,-27.90963,steep,739279911.7,-0.689,0.117,-1.024,1.34,22
31.42639,-32.33830,nan,0.0,-1.062,0.007,,4.88,20
30.25554,-30.12342,nan,,,,-1.372,,3
29.33601,-31.46427,steep,0.2,-0.652,0.043,-0.815,0.96,22
28.37585,-30.55083,steep,,-0.768,0.080,-0.995,1.23,21
29.22995,-28.83758,steep,104.5,-0.909,0.336,-1.586,2.51,11
28.81962,-30.93600,steep,5504.8,-0.915,0.103,-0.719,1.30,22
27.09934,-30.13814,steep,60206.3,-0.760,0.044,-0.853,0.89,22
29.13853,-27.35852,nan,2973.0,-0.933,0.180,,1.17,20
29.89636,-29.91935,steep,0.0,-0.586,0.081,-1.200,1.83,22
28.24319,-30.30693,steep,0.2,-0.989,0.057,-1.905,2.55,22
30.53526,-32.58496,steep,,-1.081,0.064,-1.574,1.64,22
29.42849,-27.11999,uss,10674.6,-1.270,0.019,-1.434,6.27,22
29.31367,-32.47160,flat,305.9,-1.570,0.401,-0.055,2.04,15
30.63558,-28.58860,nan,,,,,,2
32.24623,-29.77440,nan,1398.1,-1.525,0.273,,0.91,5
31.00192,-32.07120,uss,,-1.426,0.166,-1.941,4.28,18
28.10938,-31.90673,steep,25174.8,-1.313,0.226,-0.938,2.12,14
31.79772,-29.78839,steep,,-1.041,0.038,-0.729,3.15,22
28.49228,-29.69898,steep,0.2,-0.915,0.543,-0.870,0.78,8
32.43839,-31.16221,steep,,-0.667,0.081,-1.281,1.73,22
30.13768,-31.23039,steep,0.1,-0.842,0.145,-1.214,1.65,21
32.39659,-30.53554,steep,,-0.615,0.004,-0.863,13.76,22
32.36747,-30.11165,flat,,-0.641,0.109,-0.125,5.65,21
33.14460,-31.26776,steep,12234.4,-0.783,0.104,-0.922,1.73,22
32.64600,-28.85887,steep,233432355.8,-0.920,0.017,-1.043,1.85,22
27.25380,-31.56259,nan,,,,,,1
28.41031,-32.29525,flat,286.8,-1.160,0.329,-0.411,4.67,8
29.84820,-29.41078,peaked,134.0,1.063,0.549,-0.824,1.76,13
30.33479,-31.80866,flat,199.0,-0.014,0.205,-1.364,0.87,18
30.67327,-28.95607,steep,,-0.998,0.007,-1.153,3.97,22
27.47409,-31.97761,steep,2640.3,-0.905,0.095,-0.549,1.32,22
32.63523,-30.15775,flat,3359.7,-0.304,0.084,-0.516,1.48,22
28.58856,-28.70562,steep,,-0.958,0.009,-1.112,3.50,22
28.48006,-29.57867,steep,,-0.569,0.030,-0.916,1.83,22
32.43695,-29.92205,steep,32398009.4,-0.854,0.004,-0.670,5.78,22
30.57443,-31.83299,nan,2446.1,-1.352,1.182,,0.58,7
32.18040,-27.84270,nan,,-0.972,0.021,,2.78,20
30.87848,-27.39854,steep,16914196.2,-0.760,0.040,-0.863,1.15,22
28.63783,-27.90012,steep,,-1.132,0.029,-1.842,2.87,22
30.08021,-28.53284,steep,24.7,-1.591,0.542,-1.146,2.23,6
29.40860,-31.34733,steep,0.1,-0.951,0.050,-1.148,1.31,22
31.92819,-29.12771,nan,,,,,,2
30.32428,-29.98474,nan,1611.4,-1.298,0.009,,202.72,20
27.66186,-28.62473,steep,9.4,-0.701,0.138,-1.713,2.72,21
26.74168,-29.25094,steep,604168621.5,-1.136,0.013,-1.133,2.28,22
30.43529,-27.66548,steep,,-0.753,0.016,-1.075,2.73,22
27.62187,-28.17296,steep,,-0.996,0.262,-0.925,2.07,16
31.68236,-29.81846,nan,135512.0,0.077,0.646,,2.56,7
32.17231,-30.95449,steep,0.0,-0.881,0.006,-1.277,5.90,22
27.55226,-29.84924,steep,0.0,-1.068,0.020,-1.370,3.23,22
30.75060,-30.15754,nan,,,,,,1
29.58658,-28.19500,steep,15535823.8,-0.676,0.124,-0.981,1.77,21
26.65452,-30.24970,steep,11560.0,-0.684,0.087,-0.606,1.42,21
29.38032,-30.32297,nan,,,,-0.555,,3
31.77113,-29.71170,flat,38.2,-0.493,0.267,-1.021,0.55,18
32.85280,-31.72295,nan,6275544.6,-1.501,0.217,,3.76,15
30.88802,-31.95088,steep,45790.9,-0.852,0.046,-0.915,2.14,22
29.01216,-29.46347,steep,190.3,-0.741,0.567,-1.644,0.90,8
32.44674,-29.46870,nan,,,,-1.317,,3
29.97186,-32.41643,steep,32.1,-0.804,0.197,-1.453,2.03,19
31.37260,-30.49858,steep,159.3,-0.971,0.370,-1.372,1.78,14
32.21483,-31.07647,steep,8818.6,-0.700,0.022,-0.718,2.18,22
31.79402,-31.86525,steep,41.7,-0.720,0.276,-1.833,2.27,8
31.10163,-31.42676,steep,438248.8,-0.997,0.032,-1.219,1.77,22
28.81648,-32.51166,nan,876.7,-1.152,0.141,,0.94,19
29.24012,-31.05187,steep,,-1.027,0.064,-1.688,1.73,22
29.28246,-29.28123,steep,234.7,-0.964,0.526,-1.490,1.27,12
27.94632,-31.13833,steep,,-0.738,0.009,-0.869,3.76,22
28.55952,-28.20462,flat,317.6,-0.228,0.242,-0.612,1.80,17
29.30979,-32.32554,flat,,-0.030,0.880,-0.532,0.26,9
29.27607,-32.53759,steep,6154.2,-1.117,0.036,-0.874,1.47,22
33.19014,-30.69980,steep,,-1.137,0.087,-1.563,1.27,22
28.91943,-27.61670,steep,6579.9,-1.204,0.111,-0.822,1.17,22
31.70933,-28.17265,nan,15.2,-0.599,0.101,,2.73,21
31.08360,-29.06256,flat,769.6,-1.098,0.574,-0.007,1.06,12
31.53119,-32.45220,steep,,-0.845,0.131,-0.988,1.19,22
29.12234,-32.09011,steep,8960.9,-1.255,0.108,-0.810,2.23,22
29.39993,-27.43659,steep,0.0,-0.676,0.056,-1.800,2.38,22
27.21054,-31.58777,steep,28840.4,-0.790,0.121,-0.812,1.66,22
32.08520,-30.65947,steep,,-1.070,0.001,-1.267,261.92,22
32.27796,-31.10844,steep,121.2,-0.783,0.779,-0.847,1.02,9
29.68580,-30.74433,nan,,,,-0.320,,3
31.68301,-29.91859,nan,0.0,-0.857,0.068,,2.50,21
31.04249,-32.69066,steep,68617782.2,-0.732,0.091,-1.489,4.41,22
30.71988,-31.57576,steep,298561808.1,-0.808,0.117,-0.813,3.22,20
29.05714,-29.06171,nan,551453.7,-0.911,0.800,,0.35,6
27.52172,-31.22409,nan,,,,-0.445,,3
30.44834,-28.72658,steep,67194732.0,-0.911,0.183,-1.064,1.93,19
30.67592,-28.57043,nan,,,,,,1
30.47533,-32.45406,steep,,-0.769,0.013,-1.348,1.83,22
32.61646,-28.89324,steep,24680.7,-0.850,0.065,-1.194,5.56,22
32.34219,-30.85831,steep,124921.2,-0.956,0.028,-0.829,0.81,22
29.76286,-32.27712,steep,3467602.6,-0.682,0.201,-0.759,1.36,19
32.18244,-28.79020,nan,13.5,-0.640,0.078,,2.24,21
27.17412,-30.20468,flat,378.0,-0.483,1.247,-2.077,0.53,9
31.45209,-30.87633,steep,235138.7,-0.603,0.007,-0.640,9.81,22
26.86322,-29.44151,peaked,427.7,0.384,0.058,-0.332,1.82,22
31.07051,-31.75009,steep,2274.9,-0.589,0.046,-0.544,1.59,22
28.73830,-30.87927,steep,1104993.7,-0.885,0.006,-0.794,4.61,22
29.68300,-32.12499,steep,27.5,-0.874,0.249,-1.571,1.69,14
33.07018,-29.16223,steep,232110.8,-0.781,0.073,-0.945,1.14,22
27.92014,-28.87882,steep,,-0.935,0.034,-1.043,1.25,22
32.03227,-28.04439,steep,,-0.792,0.017,-1.004,1.71,22
29.12548,-31.91868,nan,,,,,,2
30.36229,-29.40497,flat,236.4,-0.006,0.768,-1.213,1.55,8
27.24456,-28.86985,flat,95.2,-0.278,0.202,-0.903,2.01,20
30.69017,-27.14700,steep,18.6,-0.567,0.185,-1.253,2.12,19
29.18217,-28.58917,flat,2801.3,-0.705,0.215,-0.397,1.23,19
28.76086,-32.02784,steep,189.6,-0.519,0.680,-1.461,0.79,8
27.98944,-30.95365,steep,361186.2,-0.992,0.093,-0.642,1.34,22
28.60313,-29.60411,flat,1667.8,-0.470,0.342,0.084,0.82,15
31.35029,-32.32635,nan,3036.1,-0.864,0.035,,5.23,20
31.49556,-31.27917,steep,1627856.4,-0.868,0.113,-0.770,1.64,22
29.38728,-27.58795,steep,412.3,-0.570,0.409,-0.778,1.16,14
29.98016,-29.52040,steep,,-0.992,0.107,-1.821,2.39,22
28.69710,-32.34578,steep,189.2,-1.058,0.708,-1.419,0.68,11
30.96749,-31.07224,steep,179.4,-1.052,0.450,-1.209,2.67,12
30.03991,-31.93894,steep,14387.8,-0.764,0.116,-0.752,1.43,22
28.66115,-27.45796,steep,4691.5,-0.831,0.062,-0.611,1.14,22
31.24149,-29.68150,steep,0.0,-0.693,0.039,-0.879,6.86,22
31.01528,-27.60254,steep,2782.7,-1.358,0.219,-0.605,1.33,19
27.12782,-31.63144,steep,1.5,-0.566,0.125,-1.147,1.17,22
27.69981,-30.83330,nan,,,,,,1
29.75753,-28.49670,nan,176.1,-1.077,0.702,,0.95,7
29.57320,-27.88707,nan,,,,-1.176,,3
26.59835,-29.92659,steep,,-1.032,0.036,-3.142,8.57,22
32.19491,-30.64995,steep,425973399.3,-0.679,0.047,-0.894,1.01,22
31.81572,-27.72768,uss,0.0,-1.684,0.247,-1.796,3.88,15
31.19077,-31.11495,steep,607945.3,-0.881,0.004,-0.694,12.93,22
28.88931,-28.16437,steep,,-0.826,0.005,-0.994,13.83,22
30.23606,-29.13048,steep,497334.9,-0.893,0.124,-1.236,1.71,22
28.86089,-28.67477,uss,58.1,-1.569,0.356,-1.702,4.53,10
28.07617,-28.53396,flat,,-0.476,0.118,-1.393,3.63,22
27.10280,-28.69339,steep,,-0.797,0.095,-1.754,2.47,22
28.55979,-28.53403,nan,3.0,-0.915,0.089,,3.77,21
31.21719,-29.69754,steep,53625036.4,-0.939,0.010,-1.043,4.71,22
30.13115,-32.87560,nan,12.9,-1.105,0.163,,3.66,21
29.08910,-30.39861,nan,1409.5,-0.772,0.172,,0.57,18
32.31263,-31.49404,steep,,-0.771,0.004,-0.814,10.82,22
32.73438,-31.59810,flat,197.1,-0.183,0.378,-1.218,1.16,15
27.42951,-30.53935,peaked,442.3,0.376,0.151,-0.807,1.03,18
32.01264,-31.76463,steep,49.6,-0.740,0.276,-1.486,0.82,18
28.97117,-30.18092,steep,,-0.835,0.060,-1.136,1.73,22
32.43912,-30.53451,steep,33828.2,-0.849,0.472,-0.652,0.59,6
29.98444,-27.00516,steep,,-0.940,0.003,-1.293,21.85,22
31.66614,-30.29704,steep,29748695.1,-0.831,0.007,-0.816,7.50,22
30.76789,-28.24444,steep,296.2,-0.585,0.974,-2.177,8.74,6
33.36269,-30.55845,steep,113.6,-0.851,0.541,-1.173,0.48,14
28.21712,-30.86412,nan,231.2,-0.630,0.504,,1.10,10
29.85773,-30.07639,nan,132938098.1,-0.883,0.148,,0.86,20
30.17200,-28.63309,flat,2166.8,-1.070,0.326,-0.189,0.70,14
33.36028,-30.58642,steep,,-0.681,0.029,-0.842,2.11,22
29.17044,-32.73871,nan,2917.4,-0.705,0.058,,2.30,21
32.24181,-32.10109,steep,,-0.830,0.074,-1.206,1.24,22
29.80152,-30.47320,steep,,-0.976,0.011,-1.234,1.93,22
31.30785,-29.07800,steep,94514.5,-1.244,0.176,-0.939,1.03,21
27.98992,-30.53432,steep,24650.2,-0.914,0.016,-0.714,1.62,22
30.53271,-29.25961,steep,,-0.950,0.085,-2.408,4.70,22
32.36815,-29.26363,steep,0.0,-0.986,0.063,-1.953,1.81,22
30.75498,-29.15842,steep,,-1.063,0.083,-1.231,2.37,22
30.60220,-28.66808,nan,,-1.151,0.025,,2.65,20
32.25344,-31.63461,nan,65122.4,-1.204,0.123,,1.59,20
28.14518,-29.83583,steep,140339.7,-1.268,0.018,-0.534,2.48,22
27.81352,-32.11527,steep,50.0,-0.661,0.203,-1.400,2.37,19
29.31627,-32.86888,steep,72292.7,-0.999,0.083,-1.932,3.02,22
31.18368,-30.36529,steep,4444581.5,-0.592,0.178,-0.624,1.62,19
31.08859,-27.84069,nan,23.6,0.063,1.499,,0.13,6
27.72254,-30.50841,steep,21.1,-0.937,0.168,-2.091,4.43,20
29.49100,-32.53342,nan,0.0,-0.945,0.876,,0.36,6
31.74239,-31.83745,nan,1.4,-0.856,0.105,,2.58,21
32.11659,-32.21231,steep,19.0,-1.527,1.078,-0.879,2.26,7
29.80284,-28.99816,nan,18.5,,,-0.799,2.78,5
30.89272,-27.55508,steep,13009948.8,-0.862,0.016,-1.074,2.72,22
26.76040,-31.01886,steep,45.2,-0.571,0.257,-1.322,1.25,17
33.32484,-29.47077,steep,179381288.1,-0.868,0.160,-1.224,2.73,19
31.27392,-29.62948,steep,328088.7,-0.903,0.011,-1.666,4.91,22
31.36522,-31.49089,steep,,-0.825,0.007,-0.777,7.02,22
29.78398,-29.65983,nan,,,,-0.307,,3
30.75340,-29.24452,steep,1329709.4,-0.978,0.050,-1.234,2.41,22
27.12085,-28.90425,steep,1793.8,-0.873,0.111,-0.646,2.38,22
29.39675,-32.64422,steep,86.8,-0.961,0.447,-1.496,0.98,15
29.10070,-27.78348,nan,47.2,,,-0.650,0.06,4
27.64251,-29.28994,steep,7878.4,-0.961,0.007,-0.883,14.39,22
30.94231,-27.29593,steep,,-0.846,0.008,-1.192,1.70,22
31.29126,-29.33555,steep,39717.0,-0.998,0.054,-0.908,1.25,22
27.77335,-30.47878,steep,173.6,-0.707,0.276,-1.474,1.71,19
27.81613,-30.87361,nan,,,,-0.474,,3
31.28364,-27.52287,steep,,-0.892,0.166,-1.091,1.08,20
29.63994,-29.03620,steep,175463.0,-0.918,0.030,-0.993,2.39,22
31.80664,-28.96288,nan,,,,,,2
30.38716,-28.66795,peaked,124.5,2.527,2.948,-1.200,1.94,6
27.85312,-30.96138,steep,5156.8,-0.774,0.096,-0.903,1.71,22
27.86876,-32.12475,steep,10743.4,-1.382,0.268,-0.874,1.93,11
31.40308,-28.81683,steep,,-0.760,0.002,-0.864,29.38,22
32.10988,-30.73968,steep,,-0.767,0.045,-0.944,1.71,22
27.71484,-30.75953,nan,,,,-0.615,,3
30.61778,-28.78839,steep,15.8,-1.085,0.285,-1.262,1.42,16
31.17083,-30.53494,nan,85.4,-0.793,0.350,,0.84,12
31.72333,-30.78994,nan,,,,-0.475,,3
32.67367,-31.41921,nan,,,,,,3
32.35523,-31.60729,steep,,-0.714,0.008,-0.931,9.54,22
30.17829,-28.41546,inverted,548.8,-0.772,0.457,0.390,0.65,14
31.05544,-30.68433,steep,0.1,-0.671,0.002,-0.896,42.70,22
31.56834,-28.49553,steep,,-0.876,0.023,-1.391,2.30,22
29.88614,-28.50778,steep,52.9,-0.599,0.131,-1.993,2.45,22
32.83912,-28.65523,flat,71.3,-0.447,0.499,-1.217,1.60,11
30.88960,-31.77238,steep,14.5,-0.612,0.127,-1.171,1.56,22
30.05025,-30.89062,steep,,-0.784,0.000,-0.840,2476.49,22
32.79902,-28.29861,nan,,,,-1.372,,3
27.19302,-31.02418,steep,,-1.041,0.023,-1.515,1.49,22
29.54200,-27.28720,steep,665804990.0,-0.679,0.107,-1.117,1.71,22
27.64492,-28.31740,peaked,204.8,0.149,0.461,-0.714,1.17,13
31.19225,-27.69026,steep,22381.6,-0.717,0.189,-0.735,2.19,20
27.33504,-28.16964,steep,4450.8,-0.779,0.091,-0.539,1.24,22
28.85549,-29.07807,nan,953.6,-1.037,0.127,,0.91,20
31.72342,-30.22538,steep,,-0.914,0.008,-1.040,5.00,22
29.36321,-27.34042,steep,41.8,-0.562,0.115,-1.549,0.52,22
31.17305,-28.92742,steep,,-0.834,0.006,-0.979,8.94,22
30.88355,-28.16167,steep,23113.2,-1.007,0.038,-0.858,2.11,22
30.28870,-31.93439,steep,969222.4,-1.296,0.407,-0.711,2.35,8
28.88227,-28.78207,steep,30.3,-0.559,0.074,-1.669,3.61,22
26.79102,-29.12050,steep,0.0,-0.956,0.151,-1.449,1.89,21
28.06219,-27.86992,steep,16495897.7,-0.881,0.067,-1.301,1.42,22
32.93761,-30.34618,steep,38971499.4,-0.984,0.071,-1.380,1.21,22
31.17411,-32.70287,steep,26.6,-0.883,0.065,-4.607,18.11,22
30.84568,-30.84019,flat,101.1,-0.259,0.155,-0.922,2.25,20
30.64967,-27.54210,flat,,-0.416,0.015,-0.737,4.30,22
30.71229,-30.69768,flat,2694.1,-1.285,0.355,-0.404,1.12,13
33.07136,-28.68293,steep,13.1,-0.997,0.295,-1.134,1.78,16
29.94338,-28.70399,nan,,,,,,1
30.89194,-31.64797,uss,225.4,-1.246,0.552,-1.749,4.78,10
28.29732,-30.44396,nan,1096.1,,,,0.03,4
30.72366,-32.62232,nan,223753726.1,-0.802,0.032,,1.60,20
29.00758,-32.23550,flat,190.4,-0.459,0.303,-1.175,1.60,14
27.07119,-30.94843,nan,2632.8,-1.194,0.308,,0.19,13
29.48669,-27.22904,steep,,-1.090,0.005,-1.578,6.60,22
28.72779,-30.23159,steep,0.3,-0.580,0.167,-0.879,1.05,20
30.68390,-32.56990,steep,234.2,-1.350,1.546,-1.106,1.78,7
27.79378,-31.82382,nan,10160.8,-1.162,0.256,,0.57,12
32.22580,-32.30741,nan,46.4,-0.657,0.073,,4.29,21
26.73227,-30.13117,inverted,1890.4,0.554,2.456,0.297,0.14,7
31.15788,-29.41225,steep,0.1,-0.952,0.504,-0.826,0.28,10
29.09935,-31.13012,uss,59.7,-1.629,0.345,-1.632,5.19,10
29.06446,-29.52974,steep,,-1.032,0.126,-1.834,4.17,21
30.41997,-27.10195,nan,,,,-0.939,,3
31.71963,-31.10039,steep,54.4,-0.785,0.238,-1.758,1.61,18
27.34850,-28.59705,steep,950.1,-0.959,0.005,-0.920,111.74,22
28.57315,-29.10093,uss,,-1.254,0.003,-1.253,18.01,22
32.91188,-31.64291,steep,,-0.689,0.003,-0.902,20.50,22
30.52943,-29.83484,steep,943633.5,-0.911,0.034,-1.132,1.15,22
29.07972,-30.45489,flat,1801.8,-0.518,0.177,-0.120,0.90,20
31.25310,-28.16383,flat,8944.6,-0.896,0.338,-0.440,0.55,14
27.48072,-31.05303,steep,4.3,-0.684,0.313,-0.980,0.97,15
29.63431,-27.39771,nan,310.9,,,-0.751,4.65,4
28.38931,-31.92478,steep,,-0.819,0.026,-1.026,1.60,22
28.89570,-29.11650,flat,1373.8,-1.393,0.170,-0.467,1.07,18
31.62536,-28.61891,steep,1007068.5,-0.790,0.067,-1.084,1.60,22
27.51574,-28.23143,steep,0.0,-0.565,0.023,-0.963,0.89,22
26.81801,-30.67122,nan,0.1,-0.424,0.083,,1.69,20
32.20031,-28.37140,steep,2.3,-1.094,0.118,-2.621,4.87,22
28.70931,-30.91598,steep,33422865.3,-1.063,0.055,-2.914,7.48,22
28.77415,-29.99844,steep,189.9,-0.574,0.406,-2.381,1.80,11
32.39379,-30.74343,flat,88.4,-0.228,0.241,-0.802,0.99,19
28.19455,-29.15036,steep,17.5,-0.634,0.148,-1.603,2.19,21
30.01219,-31.67777,nan,565.6,,,0.148,0.46,4
30.44095,-30.07839,steep,,-0.744,0.142,-1.168,2.26,21
29.65703,-31.74983,steep,,-0.850,0.046,-2.051,2.81,22
27.06385,-29.55747,steep,39.4,-0.957,0.316,-1.115,1.06,17
29.17598,-31.54498,steep,34.9,-0.692,0.143,-2.268,7.70,21
33.40938,-29.81405,steep,35264.1,-1.284,0.272,-0.741,0.96,14
28.61955,-29.52622,steep,,-0.881,0.004,-1.152,8.14,22
31.21719,-29.92890,steep,709143.3,-0.890,0.027,-1.102,1.77,22
30.36775,-32.58017,flat,37.4,-0.253,0.080,-0.749,1.16,22
30.85863,-32.37116,nan,81094.1,-1.122,0.026,,0.86,20
29.43179,-27.43496,uss,8.4,-1.404,0.240,-1.738,4.02,15
27.62411,-32.00443,nan,1000.5,-0.878,0.241,,0.99,18
31.80977,-30.98953,nan,15890.4,-1.085,0.221,,0.40,15
28.62925,-31.47331,steep,6452.2,-0.863,0.015,-0.812,1.89,22
31.88940,-28.17766,flat,1538.6,-1.253,0.253,-0.269,0.82,16
28.32552,-28.28714,inverted,1668.3,-0.645,0.018,0.123,6.62,22
29.52974,-28.35712,steep,6952.6,-0.970,0.051,-0.889,2.77,22
33.42109,-29.70822,steep,12.4,-0.707,0.075,-1.312,1.54,22
27.89471,-31.68699,flat,481.6,-0.108,0.411,-0.682,1.00,14
32.08946,-29.71512,steep,230128.7,-0.742,0.123,-0.571,0.62,22
28.32858,-28.71527,steep,46826.1,-1.216,0.104,-0.603,1.50,22
27.84657,-28.42915,extended,344.4,0.940,1.497,-1.804,0.11,6
28.58342,-31.59210,flat,564.8,-0.615,0.199,-0.437,1.72,19
29.85891,-29.78227,steep,225388.9,-1.021,0.068,-1.597,2.66,22
29.93283,-27.48998,steep,33.8,-0.953,0.313,-0.974,1.97,17
26.90199,-29.14409,steep,28821.9,-1.077,0.014,-1.143,2.54,22
30.93837,-29.72680,nan,0.1,-0.823,0.027,,2.36,20
29.92115,-27.87017,steep,1.6,-0.588,0.068,-1.105,1.46,22
32.11969,-30.59554,steep,4193.9,-1.560,0.232,-0.906,3.71,9
32.04510,-28.07714,steep,1.8,-0.752,0.151,-1.208,1.42,20
28.92969,-31.45926,steep,63.7,-0.785,0.135,-3.079,8.70,22
26.74148,-30.09446,steep,,-0.763,0.010,-1.012,4.28,22
28.56330,-29.67381,steep,97.3,-0.624,0.639,-1.306,0.38,12
27.67107,-30.34771,steep,14485.0,-1.023,0.149,-0.896,1.67,21
30.03936,-28.22438,steep,,-0.863,0.030,-1.313,2.90,22
29.89256,-27.59367,steep,860.4,-1.622,0.069,-0.805,6.08,22
31.78912,-28.92608,nan,,,,-1.138,,3
31.23242,-27.77683,steep,127.6,-1.092,0.385,-1.731,1.25,14
29.80744,-29.40988,steep,,-0.575,0.004,-0.922,9.34,22
27.21127,-30.61960,nan,1041.3,-1.251,0.181,,0.98,18
29.18362,-32.89713,steep,1760.0,-0.881,0.040,-0.832,5.53,22
28.11946,-31.33404,steep,14013060.5,-0.974,0.037,-1.025,1.22,22
31.68021,-30.41613,peaked,1067.7,0.663,0.006,-0.362,11.27,22
27.60474,-31.85695,flat,9632.1,-1.001,0.087,-0.491,1.83,22
26.73726,-29.21235,flat,4604.0,-1.017,0.058,-0.367,3.75,22
31.44235,-31.35490,steep,12.7,-0.543,0.078,-2.054,3.28,22
32.55038,-29.39493,nan,,,,-3.921,,2
30.71189,-27.30812,flat,66.7,-0.412,0.006,-1.364,17.61,22
31.96368,-30.95135,steep,,-0.892,0.007,-1.047,6.67,22
31.21687,-29.81059,steep,8.5,-0.726,0.200,-1.151,0.81,20
31.21162,-31.67349,nan,16889.0,-0.934,0.086,,1.17,20
28.31208,-27.65918,flat,76.1,-0.335,0.117,-1.287,1.61,21
28.53916,-29.75653,flat,241.6,-0.406,0.380,-1.882,1.67,13
30.14243,-31.86497,flat,352231.5,-0.515,0.083,-0.435,2.06,22
30.51649,-28.75378,steep,0.1,-0.990,0.116,-1.624,2.44,22
31.20864,-29.99088,steep,56.6,-0.595,0.141,-1.698,1.09,21
29.47127,-32.00168,flat,86.6,-0.206,0.130,-0.844,0.82,20
31.09768,-27.62149,uss,8.1,-1.215,0.225,-1.761,2.57,17
31.91232,-30.99991,nan,706.7,-0.408,1.377,,0.58,5
31.74038,-32.24111,steep,,-0.699,0.070,-0.827,1.04,22
32.87746,-30.13409,steep,1764732.9,-0.986,0.056,-1.255,1.61,22
27.34015,-28.22475,steep,693727.1,-0.727,0.017,-1.014,2.46,22
28.29454,-31.44609,steep,113.0,-0.680,0.304,-1.306,1.68,16
32.01158,-28.98197,extended,106.8,0.545,1.081,-1.285,1.78,7
29.22594,-32.16424,steep,12872.2,-0.770,0.038,-0.818,2.25,22
28.53985,-31.57378,steep,41.5,-0.872,0.302,-1.314,0.85,15
27.79497,-28.31202,steep,,-0.781,0.048,-1.623,2.89,22
28.56363,-27.51115,steep,63456.1,-0.960,0.165,-0.795,1.66,20
28.97118,-28.00709,flat,4973.7,-0.895,0.192,-0.413,1.49,21
26.61634,-30.22152,nan,3598.4,-0.984,0.015,,15.82,20
31.99716,-30.99827,steep,,-0.973,0.142,-1.213,2.02,21
29.34466,-29.19791,steep,47951.3,-0.844,0.030,-0.667,1.61,22
31.81817,-31.68479,inverted,800.2,-0.957,0.383,0.189,0.89,13
28.72136,-27.59881,steep,933297.8,-1.012,0.016,-1.157,3.07,22
28.94041,-32.12475,nan,3339.7,-0.860,0.092,,1.85,21
29.93552,-30.28472,peaked,206.9,0.065,0.033,-0.572,1.03,22
27.65878,-31.73632,nan,15037.7,-0.899,0.047,,1.49,20
32.20841,-30.12809,steep,1052096.1,-0.934,0.030,-1.183,1.95,22
32.12013,-30.86103,flat,221.3,0.082,0.839,-1.676,2.79,10
27.24182,-29.97212,steep,1.2,-0.572,0.052,-1.162,1.92,22
32.73242,-28.72939,steep,0.1,-0.832,0.046,-0.807,1.58,22
31.71083,-28.80102,steep,11.9,-0.961,1.124,-0.865,1.01,9
32.48860,-30.98232,extended,54.3,2.182,1.769,-0.809,2.12,6
30.83988,-31.13702,steep,8441450.5,-0.586,0.110,-0.748,1.72,22
28.23257,-31.14722,steep,127033.3,-1.281,0.147,-1.089,2.94,21
30.91045,-31.49869,steep,9140.7,-0.713,0.055,-0.637,1.37,22
28.01149,-30.47899,steep,7474.8,-0.886,0.045,-0.813,1.78,22
28.16480,-29.97405,steep,2392.6,-1.440,0.151,-0.963,2.77,21
33.23042,-29.00688,nan,3975.1,-1.419,0.534,,0.45,8
32.23541,-30.58460,steep,10232.2,-0.841,0.038,-0.793,1.65,22
27.86682,-32.09318,steep,3956.4,-2.171,0.183,-1.133,6.12,14
31.67532,-31.34411,steep,,-1.151,0.290,-1.316,2.12,12
27.63166,-27.91529,steep,177.5,-0.721,0.262,-1.032,1.84,17
31.24683,-30.20885,flat,2887.8,-0.655,0.502,-0.121,2.36,10
28.40495,-28.14185,steep,,-0.825,0.149,-0.875,1.83,21
33.14100,-30.58628,steep,2.7,-1.101,0.126,-2.633,4.58,22
30.92114,-27.88347,flat,2287.0,-0.734,0.370,-0.160,0.43,15
31.95654,-28.61387,nan,,,,-0.937,,3
33.22814,-30.18407,nan,18581071.0,-0.970,0.010,,4.18,20
29.13516,-32.72946,nan,22202878.9,-0.888,0.119,,1.69,19
30.69304,-32.70947,flat,1301.1,-0.829,0.850,-0.076,1.26,10
31.09066,-29.67583,steep,94356.3,-0.833,0.175,-0.851,1.43,19
31.66691,-32.33827,nan,,,,-1.954,,3
27.92412,-28.49259,nan,695143.2,-0.954,0.025,,2.38,20
26.96111,-30.73146,inverted,954.2,1.697,3.028,0.316,3.32,6
30.81285,-31.94151,steep,,-0.695,0.009,-0.761,4.21,22
27.77556,-29.98163,steep,53.1,-0.719,0.270,-1.448,1.33,15
28.21711,-29.86844,uss,400.2,-1.238,3.450,-1.918,3.07,6
28.29596,-29.49409,steep,,-0.918,0.012,-1.273,1.92,22
29.69994,-31.21116,steep,41801.5,-1.005,0.037,-1.500,2.84,22
28.15175,-31.42872,steep,,-0.607,0.026,-0.923,3.86,22
28.62997,-30.67127,steep,,-0.924,0.002,-0.930,22.22,22
27.72191,-31.39009,steep,0.3,-0.572,0.003,-0.698,35.92,22
27.76034,-27.93064,nan,,,,-1.376,,3
32.51082,-29.17621,steep,,-0.904,0.005,-1.040,8.87,22
30.52873,-30.79786,steep,821615.7,-0.939,0.087,-1.245,2.25,22
31.81775,-29.92891,steep,0.0,-1.058,0.024,-0.967,1.34,22
33.22076,-29.80169,steep,287.5,-0.704,0.934,-1.905,0.77,6
31.42536,-30.82647,steep,,-1.148,0.018,-1.259,1.59,22
28.52242,-31.25884,flat,1482.5,-1.309,0.285,0.028,0.92,13
28.16561,-32.50953,nan,,,,-1.077,,3
28.86837,-28.19986,steep,247.7,-0.779,0.429,-1.963,6.50,14
32.74739,-28.62473,steep,,-0.523,0.031,-1.262,3.26,22
29.90127,-30.47369,steep,30264.0,-1.164,0.070,-1.331,2.57,22
30.51136,-28.94614,steep,6985.5,-0.830,0.127,-0.746,1.02,22
33.32330,-30.54761,flat,71.1,-0.434,0.128,-1.713,1.29,21
32.59845,-31.96438,steep,168490.5,-1.117,0.014,-1.090,2.06,22
31.58436,-28.95144,steep,,-0.751,0.022,-0.947,1.49,22
27.63315,-29.88233,nan,757.3,-0.759,0.051,,1.78,20
29.64569,-31.86316,steep,52.9,-0.645,0.340,-0.925,1.57,17
29.76400,-32.31073,steep,,-0.578,0.180,-0.590,1.12,20
29.90335,-29.26967,nan,4.4,0.645,1.065,,1.29,5
32.77697,-29.93908,steep,,-0.652,0.067,-1.019,1.70,22
30.75757,-27.93795,steep,2222.5,-1.888,0.161,-0.877,1.56,19
30.48990,-28.44125,steep,,-1.148,0.087,-2.523,4.62,21
27.37608,-28.64014,steep,0.0,-0.830,0.001,-1.086,294.78,22
27.12504,-31.69918,steep,27406.4,-1.111,0.301,-0.697,1.43,14
28.10121,-31.51915,steep,179.2,-0.679,0.392,-1.068,2.07,14
33.37577,-29.74289,steep,0.0,-0.914,0.009,-1.232,3.07,22
30.67245,-32.82154,steep,2600.0,-1.095,0.076,-1.127,3.06,22
26.67024,-30.63335,steep,72.9,-0.767,0.376,-1.038,0.62,14
31.92082,-29.65527,steep,,-0.824,0.029,-1.199,1.86,22
27.59398,-31.68295,steep,28.9,-0.745,0.165,-1.778,2.31,21
28.65093,-31.70919,steep,19794.7,-1.126,0.057,-1.226,2.12,22
29.15867,-29.78702,uss,18.9,-1.510,0.423,-1.579,1.50,8
30.14181,-27.36466,nan,,,,,,2
29.67018,-27.67488,steep,19169026.6,-0.749,0.079,-0.977,1.58,22
27.99517,-31.05672,steep,,-0.738,0.120,-0.523,1.89,22
28.56717,-30.42313,steep,23.7,-0.716,0.195,-1.382,1.81,20
29.92710,-29.33837,steep,16.7,-0.647,0.124,-1.538,1.90,22
30.56165,-32.76215,nan,6271.4,-0.910,0.047,,1.80,20
28.60271,-30.47134,steep,,-0.988,0.045,-1.496,2.93,22
32.65040,-30.92554,peaked,385452.7,1.146,0.722,-0.163,2.54,8
28.20752,-29.53114,steep,,-0.684,0.078,-1.020,1.25,22
30.09346,-32.55434,extended,10.0,0.429,0.775,-0.884,1.20,9
31.78560,-28.01071,steep,106.4,-0.674,0.405,-0.911,0.78,14
30.68599,-28.62497,nan,,,,,,1
30.29755,-32.17422,steep,,-0.953,0.007,-1.177,3.45,22
28.56099,-28.58142,steep,33.1,-1.010,0.452,-1.111,1.10,11
30.71468,-28.26001,steep,,-0.715,0.004,-0.843,10.32,22
30.75337,-30.42836,steep,,-0.860,0.190,-1.181,1.82,19
32.09287,-27.72473,nan,,,,0.541,,3
29.28712,-27.18283,steep,12.5,-1.075,0.197,-1.863,1.81,18
33.32017,-30.03497,extended,9.7,0.423,0.533,-0.743,1.42,12
33.31818,-29.72393,inverted,153.2,0.009,0.034,0.522,2.43,22
27.58047,-30.87042,nan,,,,,,2
27.39179,-29.70013,steep,,-1.378,0.348,-1.075,1.60,15
27.11403,-30.28936,nan,213510.1,-1.158,0.143,,1.02,21
31.53243,-27.87871,steep,0.0,-0.834,0.117,-1.418,1.52,21
31.38447,-28.42363,nan,0.9,-0.750,0.204,,1.86,15
32.84329,-30.37817,steep,4.2,-0.617,0.056,-1.759,2.10,22
29.93061,-32.44006,nan,0.1,-1.253,0.017,,7.12,21
29.81462,-30.78929,steep,9122.1,-0.641,0.037,-1.026,2.05,22
27.54190,-30.68038,nan,,,,,,1
26.54990,-30.27865,steep,16961205.3,-0.814,0.169,-0.991,1.82,22
28.53126,-31.64516,steep,,-0.930,0.117,-1.630,2.68,22
31.56461,-30.00435,nan,3315583.4,-1.390,0.107,,2.10,21
31.14324,-28.10356,steep,,-1.171,0.131,-2.118,3.90,22
29.08078,-30.11680,flat,819.5,-0.617,0.465,-0.433,2.03,8
29.67115,-28.56948,nan,0.9,-1.022,0.268,,0.98,12
29.73433,-31.09928,steep,444893.2,-0.997,0.051,-1.245,1.22,22
30.94408,-30.12451,steep,4514.2,-1.083,0.175,-0.636,0.96,20
27.76674,-30.96451,steep,1.4,-0.941,0.166,-1.418,2.49,21
28.37122,-29.55816,nan,,-1.289,0.199,,3.17,16
33.16233,-30.29262,nan,,,,-1.004,,3
27.78879,-29.38264,steep,,-0.813,0.026,-0.997,1.35,22
30.51859,-32.59952,steep,8930.3,-1.197,0.123,-0.903,1.65,22
31.11606,-28.99898,steep,11667812.4,-1.019,0.042,-1.133,1.40,22
32.84678,-29.48321,steep,182.3,-1.163,0.870,-1.507,4.20,7
27.44222,-30.01472,steep,7.0,-0.730,0.095,-1.298,0.71,22
32.80715,-28.55147,steep,1302050.0,-0.903,0.061,-1.209,2.73,22
29.10440,-30.34627,nan,536.5,-1.131,0.186,,0.68,17
28.34847,-27.62955,steep,21405.4,-1.014,0.009,-0.522,5.66,22
32.53779,-28.54253,steep,,-1.074,0.062,-2.158,4.46,22
32.73091,-31.36951,steep,32206.8,-0.885,0.031,-0.832,2.22,22
29.71357,-28.32993,steep,48.5,-0.683,0.137,-2.011,1.61,21
32.20366,-29.59324,flat,2425.5,-0.201,0.937,-0.346,1.10,6
30.70374,-32.85693,nan,108245.1,-0.826,0.016,,2.69,21
29.43803,-31.09858,steep,0.0,-0.929,0.003,-1.923,7.63,22
30.06969,-32.10766,nan,6.8,-0.507,0.162,,1.61,21
29.93764,-28.94445,steep,0.7,-0.991,0.072,-3.322,9.91,22
31.44653,-31.82983,nan,,,,,,2
31.58025,-27.73679,steep,,-0.874,0.005,-1.234,5.64,22
28.49107,-27.90902,steep,,-0.749,0.050,-0.858,2.42,22
27.89765,-30.40542,flat,0.3,-0.489,0.090,-0.761,1.00,22
29.29780,-30.53940,steep,,-0.796,0.049,-1.472,2.61,22
32.34276,-31.62924,flat,122.6,-0.083,0.020,-0.727,3.02,22
30.16461,-29.81572,steep,7.5,-0.616,0.329,-1.037,1.44,13
30.00681,-29.12402,steep,0.1,-0.677,0.004,-0.880,20.95,22
29.67734,-27.95149,steep,,-0.618,0.171,-0.720,0.65,21
31.24700,-30.53839,steep,16003.5,-1.054,0.268,-0.794,1.45,14
31.88420,-32.33680,steep,,-1.054,0.123,-1.247,1.39,21
31.22103,-30.36736,steep,241.3,-0.663,0.353,-1.999,2.20,14
31.53571,-28.88155,steep,325135037.9,-0.900,0.124,-0.912,1.22,22
29.07007,-31.01560,steep,,-0.783,0.002,-1.064,74.02,22
30.54725,-32.90739,steep,228.0,-1.110,0.415,-1.552,2.34,12
27.97376,-30.29229,steep,6766090.7,-1.153,0.027,-1.482,1.15,22
30.74430,-31.20301,steep,231.5,-0.750,0.253,-2.676,4.93,18
28.73280,-28.17155,steep,,-0.694,0.046,-1.029,0.61,22
31.67854,-31.23323,steep,93.2,-0.847,0.349,-1.484,1.86,14
32.69840,-29.02940,steep,,-1.033,0.021,-1.041,1.39,22
26.89158,-30.25878,nan,2210.1,-2.836,0.049,,19.91,14
33.33817,-29.78840,flat,138.6,-0.369,0.602,-1.384,1.29,8
31.07629,-30.56476,steep,156936.6,-0.884,0.059,-1.247,1.88,22
27.99900,-31.28315,steep,91.6,-0.531,0.241,-1.401,1.54,17
28.31517,-32.57948,nan,,,,-0.936,,3
28.16127,-28.58796,flat,187.1,-0.444,0.342,-2.096,0.82,15
28.26414,-27.90710,flat,56.8,-0.480,0.246,-0.957,1.18,16
29.69674,-28.25111,nan,,-0.949,0.003,,24.47,21
27.46250,-31.92745,flat,276.1,0.011,0.584,-1.294,0.55,12
29.97547,-30.19722,steep,,-0.951,0.016,-1.158,2.09,22
31.22938,-30.12228,steep,43174.9,-0.819,0.100,-0.786,0.65,22
27.77007,-31.58860,steep,9.2,-0.615,0.185,-1.101,1.57,20
27.92525,-30.75411,steep,,-0.870,0.098,-0.979,1.81,22
29.53197,-29.21552,steep,,-0.716,0.005,-0.939,8.90,22
32.96542,-31.01433,flat,117.2,-0.449,0.227,-1.225,1.70,17
32.49346,-29.37500,nan,,,,0.263,,3
33.34618,-30.77825,steep,2.6,-0.687,0.155,-1.161,0.93,21
32.22630,-31.38604,peaked,523.7,0.699,0.193,-0.635,1.68,18
29.78283,-29.12086,steep,18103.3,-1.271,0.178,-1.057,0.98,20
29.18594,-28.50053,steep,0.0,-0.835,0.093,-1.505,3.53,22
31.17602,-28.80937,steep,1791748.6,-0.884,0.037,-0.810,2.24,22
29.18070,-30.01106,nan,1556.3,-1.591,0.174,,1.86,19
29.55941,-28.91458,steep,1.4,-0.603,0.004,-1.111,12.23,22
32.36555,-28.26094,steep,,-0.690,0.130,-0.965,1.70,21
29.80889,-31.69180,steep,,-0.807,0.081,-1.657,1.81,22
28.35105,-27.41048,flat,1668715.4,-0.464,0.078,-0.767,1.81,22
32.15386,-30.52056,steep,31211502.4,-0.981,0.015,-1.495,2.78,22
28.72023,-29.44821,steep,5915.7,-0.959,0.315,-0.511,1.46,13
29.16988,-30.41527,steep,522532.9,-0.776,0.031,-0.845,1.24,22
29.17498,-28.16261,steep,73.0,-0.730,0.254,-1.499,1.57,17
30.74484,-32.34513,steep,,-0.850,0.005,-0.859,8.29,22
28.20354,-28.98337,steep,,-0.661,0.031,-1.039,1.62,22
31.23495,-29.90994,nan,3133871.6,-0.471,0.120,,2.40,20
28.98035,-28.30962,steep,422546.0,-0.819,0.008,-1.126,2.94,22
27.42501,-30.31589,steep,20.9,-0.602,0.176,-1.210,0.83,20
29.46231,-29.19171,steep,0.0,-0.816,0.104,-1.246,1.32,22
28.85927,-31.66429,steep,,-0.875,0.106,-1.206,1.01,21
30.93446,-31.71348,steep,33.2,-0.682,0.330,-1.149,3.14,12
28.07212,-28.39699,nan,2.5,-0.521,0.041,,2.00,21
31.00014,-27.44996,steep,435006.5,-0.630,0.056,-0.731,1.35,22
30.73097,-27.15273,nan,288658.8,-0.831,0.183,,1.53,18
30.04211,-28.20114,steep,47968.9,-0.902,0.022,-1.053,1.78,22
29.67703,-30.58544,nan,39.1,-0.739,0.064,,7.78,21
30.91094,-29.80077,steep,,-0.929,0.116,-1.544,2.90,22
30.18777,-31.05183,steep,2310461.1,-0.927,0.014,-0.641,6.17,22
28.14863,-28.29299,steep,0.2,-0.830,0.039,-0.950,1.86,22
29.38048,-28.60047,flat,530.5,-0.032,0.878,-1.019,0.79,9
31.96961,-31.30019,flat,38.5,-0.451,0.073,-1.141,1.17,22
29.79806,-30.43029,steep,2710697.0,-0.937,0.035,-0.911,1.75,22
30.61681,-28.88111,steep,154.7,-0.795,0.226,-2.623,3.16,20
32.65307,-30.07095,nan,,-1.350,0.240,,2.13,13
30.02185,-27.89193,flat,3191.8,-0.426,0.828,-0.185,0.14,9
31.22255,-28.97613,steep,1.5,-0.613,0.090,-1.027,1.18,22
32.96841,-30.50537,steep,,-0.987,0.050,-1.553,1.87,22
32.27084,-28.16131,steep,0.4,-0.745,0.059,-1.202,4.20,22
26.96389,-31.23571,peaked,119.3,0.363,1.840,-0.646,1.19,7
33.32379,-30.39355,steep,138056.0,-0.590,0.033,-0.735,1.42,22
31.49248,-29.97294,steep,2972339.0,-0.882,0.151,-0.713,1.12,21
31.86081,-32.12228,steep,2638.9,-1.476,0.256,-0.624,1.07,12
31.10228,-31.07228,steep,2.2,-0.939,0.146,-1.751,2.84,22
27.28447,-30.24730,flat,2387.5,-0.821,0.158,-0.487,1.70,22
30.28387,-29.00222,steep,19841171.6,-0.772,0.023,-0.838,2.46,22
28.85824,-31.26380,flat,217.8,-0.189,0.247,-1.438,1.68,17
31.59649,-29.82876,steep,0.0,-0.820,0.103,-1.266,2.04,22
30.80744,-32.58714,flat,910.6,-0.807,0.129,-0.500,1.37,21
27.75574,-31.78119,peaked,408.0,0.828,0.471,-0.979,0.93,14
26.87365,-29.98560,nan,2394732.8,-0.914,0.086,,1.34,20
31.65470,-30.69251,steep,,-1.038,0.003,-1.118,21.55,22
28.18665,-30.88872,steep,0.5,-0.820,0.058,-1.075,0.79,22
30.40486,-29.65015,steep,10.2,-0.729,0.306,-0.922,1.00,14
28.67436,-32.08074,flat,306.2,-0.387,0.353,-1.412,1.97,16
30.23354,-29.91752,uss,237404959.7,-1.226,0.010,-1.276,3.55,22
29.78535,-27.34834,steep,,-0.708,0.048,-1.083,2.25,22
32.56164,-28.79940,steep,6.8,-1.002,0.350,-1.109,1.35,10
31.02075,-27.27425,nan,677.0,-0.881,0.393,,0.52,10
27.83360,-29.42225,steep,541481.7,-0.955,0.008,-0.817,2.93,22
32.24193,-28.50314,steep,8418756.5,-0.823,0.040,-0.956,1.42,22
28.87209,-31.03201,steep,173.1,-1.106,0.836,-1.107,0.65,9
30.65468,-29.82813,peaked,618.3,1.390,1.416,-1.092,0.47,7
29.54048,-27.83173,nan,,,,-0.890,,3
31.08476,-27.74638,uss,,-1.320,0.015,-1.600,1.62,22
28.95651,-27.37317,steep,3.0,-0.848,0.133,-1.534,1.31,22
32.64096,-29.36447,nan,,,,-1.228,,3
31.03993,-32.07881,steep,,-1.137,0.023,-2.643,4.96,22
28.74014,-30.35940,steep,26.4,-0.619,0.127,-1.838,3.09,22
30.81643,-31.89874,steep,2761353.2,-0.957,0.056,-0.712,2.21,22
32.69480,-31.38993,nan,2866.1,,,-0.194,2.32,5
32.02292,-29.24202,steep,3438.8,-0.923,0.136,-0.751,2.03,21
27.97636,-28.43023,nan,0.2,-0.901,0.057,,1.66,21
27.93609,-27.67571,steep,,-0.704,0.034,-1.238,1.19,22
29.94038,-28.54768,flat,3871.5,-0.473,0.100,-0.898,1.60,21
27.56919,-31.93821,peaked,1606.6,1.761,2.884,-0.205,1.90,7
31.77433,-27.44558,steep,2.9,-0.610,0.082,-1.392,1.60,22
30.03018,-28.04875,steep,0.7,-1.066,0.252,-1.268,0.96,17
28.79447,-28.36616,steep,42.9,-0.585,0.645,-1.081,0.41,11
32.97089,-28.90700,nan,,,,-0.114,,3
28.69840,-29.55669,nan,,-1.087,0.011,,2.27,21
31.83938,-32.47342,steep,40761478.3,-0.890,0.079,-0.863,0.92,22
30.41804,-28.83479,inverted,735.8,-0.487,1.651,0.621,1.48,6
31.85520,-30.58531,steep,,-0.908,0.018,-1.002,1.94,22
28.68478,-27.36156,steep,95.2,-0.689,0.260,-1.249,2.36,18
31.48519,-31.97232,steep,2.1,-0.954,0.078,-2.571,3.19,22
31.97165,-32.18679,steep,8.4,-0.735,0.208,-1.206,1.20,18
28.34962,-31.64655,steep,13123.9,-0.952,0.042,-0.954,1.72,22
28.04009,-32.13786,steep,24133867.1,-0.592,0.054,-0.802,1.76,22
28.32364,-30.54863,steep,0.0,-0.811,0.006,-1.760,4.83,22
28.37832,-30.73182,steep,1.7,-1.180,0.247,-1.379,1.45,19
32.44306,-31.36261,steep,48.1,-0.603,0.252,-1.234,0.86,18
32.07395,-29.00474,steep,1350599.4,-1.137,0.300,-0.853,1.13,16
31.31199,-28.85684,flat,43.3,-0.243,0.071,-0.907,1.16,22
32.03530,-30.63581,flat,607.7,-4.690,0.074,-0.160,15.43,17
30.23391,-32.60948,uss,,-1.223,0.194,-1.307,1.75,19
32.37890,-27.96830,steep,32591.9,-0.667,0.025,-1.101,1.20,22
29.66601,-30.06306,steep,,-0.740,0.018,-0.998,1.34,22
30.84414,-29.01322,steep,34338.7,-0.676,0.658,-0.669,3.82,8
28.54828,-31.33832,steep,237041974.3,-0.878,0.008,-0.965,4.89,22
30.70426,-27.95682,steep,,-0.972,0.040,-1.466,1.46,22
28.52770,-28.54152,steep,7590.6,-1.028,0.038,-0.661,1.91,22
27.99824,-30.81312,flat,42134.1,-0.530,0.203,-0.316,1.14,18
30.76013,-27.95928,flat,1397.8,-0.873,1.147,-0.009,0.78,8
27.33302,-30.57360,nan,3113045.7,-1.238,0.183,,0.60,18
30.61041,-32.85677,flat,20950.7,-0.295,0.527,-0.384,0.84,12
27.26291,-30.92878,flat,4751.5,-1.225,1.013,-0.488,0.39,8
29.53791,-29.64698,steep,29430.8,-0.784,0.058,-1.035,2.46,22
32.52184,-31.53489,nan,903.6,-1.130,0.198,,0.66,16
29.96849,-32.06488,steep,8.3,-0.729,0.186,-1.197,2.32,19
31.20085,-32.33741,peaked,119.4,0.289,0.606,-0.862,0.58,12
29.05056,-31.87586,nan,,,,-0.845,,3
28.80890,-31.22342,nan,292.0,0.485,1.793,,0.57,4
33.24562,-29.19233,steep,43.6,-1.049,0.311,-1.887,1.30,13
32.69206,-29.41626,nan,,,,-1.068,,3
29.78459,-32.42560,steep,,-0.771,0.020,-1.071,1.94,22
32.51196,-31.74978,steep,186014.5,-0.807,0.069,-0.822,0.92,22
30.22225,-28.83903,steep,0.0,-1.092,0.281,-1.171,1.73,13
29.43123,-30.56651,nan,281.4,,,-1.296,0.43,5
27.18587,-31.56252,nan,2722.0,-1.145,0.578,,0.43,7
28.73568,-28.67037,nan,3.9,-0.321,0.318,,0.90,14
32.66530,-30.25434,steep,,-0.819,0.049,-1.400,1.16,22
30.62123,-27.29180,steep,,-0.852,0.033,-2.015,3.93,22
29.79718,-28.24766,steep,2286718.4,-0.826,0.032,-1.081,1.97,22
32.82469,-30.74554,steep,536492.6,-0.597,0.029,-0.882,1.68,22
30.95165,-31.63621,flat,6418.7,-0.705,0.158,-0.383,1.32,20
32.29800,-30.77714,extended,535.8,-1.102,0.165,0.644,0.84,20
30.66133,-29.39514,flat,11298.1,-0.749,0.046,-0.355,1.37,22
32.54652,-31.31817,nan,9979.7,-1.242,0.115,,1.51,20
30.60968,-31.61338,steep,0.2,-0.991,0.048,-1.830,1.76,22
29.06308,-28.63325,steep,14976531.1,-0.910,0.011,-0.864,2.71,22
28.52285,-27.96849,flat,921.2,-1.119,0.225,0.012,0.36,17
27.54472,-31.20926,nan,,,,-1.469,,3
28.34481,-29.07140,steep,,-0.693,0.069,-0.916,1.92,22
31.54015,-29.26869,steep,1263.2,-1.223,0.150,-0.644,1.53,22
28.66123,-30.33584,steep,77.2,-0.504,0.279,-1.114,1.32,17
30.93411,-28.22125,steep,,-1.103,0.061,-1.287,1.42,22
27.83428,-29.33314,steep,76.7,-0.731,0.138,-2.540,3.58,22
32.48509,-30.07623,steep,,-0.816,0.032,-1.467,1.52,22
31.54912,-31.24363,steep,4.0,-0.647,0.075,-1.481,1.81,22
27.67322,-29.31358,steep,3.9,-0.514,0.006,-0.775,23.75,22
31.31496,-27.77636,nan,267.1,0.697,0.745,,0.28,8
32.95064,-28.93990,nan,,,,-1.317,,3
27.68405,-29.73427,flat,8.3,-0.472,0.104,-0.121,2.91,22
30.99137,-30.87197,flat,10554.7,-0.336,0.023,-0.169,3.17,22
31.77457,-27.79065,steep,11586.5,-0.784,0.013,-0.597,2.58,22
30.15460,-32.43714,steep,,-0.869,0.018,-1.094,1.51,22
30.84496,-27.37880,nan,859.4,-0.676,0.138,,0.59,19
28.60073,-31.95640,nan,,,,-0.255,,3
28.50102,-32.01762,steep,12816668.1,-0.861,0.037,-1.036,1.28,22
31.62117,-29.52110,nan,146.5,-0.089,0.366,,1.30,14
27.86208,-28.99937,steep,,-0.732,0.018,-0.941,2.11,22
27.91349,-29.00182,steep,2.5,-1.051,0.009,-1.665,7.86,22
29.58888,-28.44097,uss,1.3,-1.284,0.222,-1.529,2.21,18
30.22405,-27.57138,peaked,331.4,0.118,0.139,-0.801,1.85,19
31.92504,-31.92487,nan,254.6,-0.558,0.482,,1.97,11
28.81822,-31.48299,steep,8702.4,-1.100,0.069,-1.146,1.30,22
29.43967,-31.26315,nan,,-1.258,0.129,,4.10,20
29.10813,-31.33564,steep,7851976.9,-0.959,0.010,-1.079,4.30,22
27.88853,-29.48657,steep,14063011.1,-0.685,0.035,-0.871,0.96,22
30.33437,-27.26162,steep,,-0.755,0.044,-1.147,1.66,21
33.12495,-30.43000,flat,245.5,-0.480,0.741,-1.327,3.02,8
30.71173,-31.59954,steep,32888.8,-0.785,0.035,-0.883,2.19,22
26.54630,-30.08399,nan,13708.2,-0.905,0.873,,0.01,5
26.90519,-31.09348,flat,107.6,-0.092,0.646,-0.965,0.32,12
28.52239,-30.94631,steep,616649.7,-0.698,0.034,-0.896,1.48,22
31.10759,-28.21336,steep,53.7,-0.652,0.230,-1.583,1.71,17
29.38023,-31.32384,steep,10799.8,-0.904,0.037,-0.847,0.99,22
29.40344,-31.23761,steep,138240.7,-1.360,0.306,-0.894,2.72,11
29.00074,-28.28871,uss,24.6,-2.187,0.319,-1.763,7.25,15
32.98953,-30.27587,nan,,,,-0.908,,3
27.12253,-31.31043,steep,181894836.6,-0.955,0.067,-1.050,0.92,22
31.80594,-30.94371,steep,2.1,-0.647,0.187,-0.976,1.44,20
32.81312,-31.48866,steep,,-0.750,0.008,-0.911,5.67,22
30.54255,-30.46797,uss,6197.7,-1.360,0.027,-1.329,3.88,22
32.73614,-30.70715,steep,0.1,-0.928,0.002,-1.141,23.33,22
27.76214,-30.42433,steep,,-0.787,0.022,-1.076,2.03,22
27.56321,-28.50051,steep,2967.5,-0.934,0.096,-0.604,1.41,22
26.86570,-30.10728,nan,8556.9,-1.013,0.182,,0.95,18
33.24950,-29.91073,flat,47.7,-0.326,0.025,-1.029,1.25,22
30.91438,-32.11857,steep,,-0.924,0.021,-1.015,4.04,22
28.42975,-32.40521,flat,3.3,-0.349,0.086,-0.856,1.70,22
28.23375,-28.15490,nan,,,,-1.036,,3
31.91538,-31.96734,uss,77.8,-1.250,0.398,-1.711,1.24,14
31.75710,-29.49026,steep,18.0,-0.632,0.188,-1.186,2.49,19
31.04622,-29.83524,steep,,-1.013,0.010,-1.108,3.74,22
31.34308,-28.58405,nan,2118.5,-1.847,0.064,,2.11,20
28.80597,-28.97508,steep,,-0.656,0.168,-0.751,0.55,20
30.22053,-31.73314,flat,25940.8,-0.994,0.156,-0.310,1.46,21
27.21204,-30.70783,flat,1411.6,-1.201,0.674,-0.098,0.07,7
28.30068,-27.81872,steep,41278.8,-1.006,0.008,-1.019,2.55,22
30.95786,-28.13479,steep,479316.9,-1.071,0.008,-1.097,2.48,22
30.69239,-31.83577,steep,,-0.789,0.005,-0.851,10.30,22
27.84488,-27.78582,nan,,,,-1.612,,3
30.99457,-28.60898,flat,193.5,-0.036,0.325,-1.025,0.59,16
28.70153,-28.14797,steep,1.3,-0.708,0.079,-1.670,1.81,22
32.25539,-31.37758,steep,220889756.5,-0.676,0.070,-1.101,1.00,22
29.26547,-32.64806,steep,7.4,-0.704,0.076,-1.292,2.54,22
30.78202,-32.72635,steep,1.5,-0.707,0.113,-1.289,1.09,22
27.55983,-28.87215,nan,1487.4,-0.783,0.132,,1.47,20
28.22533,-32.56608,nan,,,,-0.576,,3
30.34582,-27.42571,nan,,,,-1.819,,3
29.48245,-28.00666,steep,10.8,-0.638,0.170,-1.257,1.02,20
31.73653,-27.73895,uss,10569.6,-1.257,0.058,-1.232,3.53,22
28.49820,-32.33158,nan,3.4,-0.511,0.418,,0.37,12
29.30576,-28.89983,steep,,-1.173,0.009,-1.246,4.46,22
31.18784,-31.35447,steep,1362676.2,-0.580,0.025,-0.544,1.76,22
27.94820,-31.58008,flat,101.4,-0.130,0.011,-0.738,6.18,22
29.41126,-29.17203,steep,105.7,-1.016,0.279,-2.061,3.64,14
27.60777,-29.95923,flat,37.3,-0.467,0.137,-1.312,1.62,20
32.81134,-28.88228,flat,0.3,-0.491,0.067,-0.732,0.93,22
28.00405,-29.68330,steep,,-0.698,0.001,-1.005,551.58,22
31.94829,-32.22963,steep,88450.8,-0.934,0.149,-1.008,1.82,21
33.23089,-30.31583,nan,,,,,,1
29.74039,-31.02207,steep,22823446.3,-1.006,0.047,-0.861,1.38,22
31.42320,-27.44523,steep,16493429.8,-0.661,0.039,-0.788,1.11,22
32.76075,-30.61045,flat,75221.6,-0.453,0.537,-0.611,0.76,12
32.19256,-28.55746,peaked,462.1,0.869,0.051,-0.633,1.20,22
31.31124,-28.79878,steep,12291.4,-1.001,0.169,-0.803,1.26,21
28.83407,-32.09318,peaked,744.3,0.133,0.061,0.141,0.91,22
31.23554,-29.06419,nan,0.4,,,-0.461,1.00,5
31.15500,-30.59907,flat,1828.2,-0.750,0.259,-0.092,1.14,17
29.06466,-31.38407,steep,58675.7,-0.823,0.016,-1.230,3.15,22
32.48914,-31.45093,nan,,-0.071,0.343,,2.93,12
31.72787,-29.69223,nan,5792.0,-0.946,0.032,,1.40,20
30.06918,-27.51689,steep,430047876.6,-0.883,0.056,-0.590,1.48,22
29.87108,-32.51868,steep,98330.0,-1.003,0.086,-1.576,2.31,22
26.87290,-30.81586,steep,0.1,-0.688,0.169,-0.822,0.92,20
27.24337,-31.41911,nan,891.0,-1.432,0.172,,0.87,16
30.50640,-29.42904,steep,,-0.911,0.019,-1.111,1.20,22
28.36646,-30.17082,steep,9963.3,-0.688,0.120,-0.738,2.78,21
27.63410,-28.12686,steep,16.3,-0.714,0.084,-1.996,1.68,22
29.76979,-29.95192,steep,0.0,-1.080,0.097,-1.908,1.50,22
28.62973,-31.74756,steep,121997.8,-0.948,0.007,-0.846,4.03,22
30.89533,-27.94024,steep,0.0,-0.695,0.142,-1.353,1.90,22
28.73397,-31.75811,flat,6215.6,-1.165,0.126,-0.057,1.43,21
29.49064,-30.26825,steep,,-0.733,0.042,-0.813,1.54,22
31.24608,-29.85543,flat,238.8,0.047,0.960,-0.496,0.20,11
32.96854,-29.51152,nan,111.9,-0.749,0.625,,0.89,7
32.27292,-31.57248,flat,263.1,-0.103,0.275,-0.943,1.30,15
29.58251,-29.70249,nan,110.5,,,-1.177,3.84,5
31.94488,-29.55973,flat,12297.5,-1.406,0.078,-0.392,1.61,22
31.20458,-30.64916,steep,77.6,-0.617,0.307,-1.329,1.41,16
29.25093,-27.52007,flat,,-0.784,0.032,-0.295,3.01,22
28.61164,-29.75632,flat,55.2,-0.397,0.937,-0.485,2.75,7
31.52525,-27.56245,nan,8590.0,-0.990,0.010,,2.80,20
30.16925,-31.31777,steep,9110.5,-0.790,0.041,-0.637,2.13,22
31.61700,-28.85489,flat,32.0,-0.418,0.149,-1.107,1.08,21
29.67659,-30.20290,steep,,-0.760,0.072,-1.098,1.47,22
28.50122,-28.17350,steep,46580.1,-0.885,0.145,-0.727,1.07,21
28.92113,-29.32891,steep,,-0.924,0.135,-1.830,6.28,21
29.78690,-32.67153,flat,4473.5,-1.005,0.470,-0.285,1.59,10
30.50353,-31.42397,steep,24394595.9,-0.933,0.070,-0.528,1.31,22
32.87026,-29.37058,steep,266.6,-0.527,0.623,-1.865,0.80,10
28.67022,-28.74959,uss,169.3,-1.928,0.581,-2.025,4.47,8
30.56917,-27.80992,nan,3135.3,-1.147,0.141,,0.59,20
26.92373,-30.62842,steep,37.0,-1.149,0.259,-1.722,2.45,14
28.87676,-29.25836,peaked,222.0,0.189,0.267,-0.711,0.62,17
26.75539,-30.80083,steep,,-0.939,0.063,-1.101,1.33,22
32.33408,-29.41403,nan,,,,-0.720,,3
27.45679,-30.43660,steep,0.5,-0.997,0.141,-2.313,6.38,22
27.61837,-30.68219,nan,,,,-0.368,,3
29.46882,-27.13818,steep,234146.8,-0.993,0.014,-1.168,5.59,22
29.21863,-32.87210,steep,0.1,-1.041,0.002,-1.658,48.72,22
33.14757,-31.14971,flat,154.6,-0.077,0.187,-1.141,1.73,18
27.21892,-29.86141,steep,,-1.100,0.037,-1.329,0.87,22
27.14178,-28.89652,flat,880.6,-0.733,0.111,-0.396,2.08,22
32.10248,-32.08828,nan,256747.9,-0.711,0.026,,1.72,20
32.65827,-29.49611,steep,10.5,-0.542,0.090,-1.037,1.12,22
32.47429,-31.22739,steep,1358819.3,-0.856,0.655,-0.538,0.41,8
31.14469,-28.12521,steep,5.7,-0.608,0.077,-1.315,1.22,22
28.80499,-32.39954,nan,2524.2,-0.770,0.419,,0.55,10
29.77054,-32.36952,steep,48199.9,-0.902,0.127,-0.788,1.19,22
29.35523,-28.57291,flat,2371.0,-0.677,0.309,-0.233,0.36,14
32.79828,-29.85559,nan,197526294.3,-0.791,0.028,,2.64,20
26.82054,-29.01514,peaked,141.6,-0.055,0.034,-0.677,1.73,22
28.62061,-29.32975,steep,17620.6,-1.288,0.328,-0.574,2.89,13
32.04313,-30.72171,flat,13612.5,-0.681,0.127,-0.449,0.88,20
32.32273,-29.96922,steep,,-1.112,0.179,-1.502,1.38,18
31.41457,-31.38503,peaked,211.1,0.299,0.092,-1.401,1.45,21
28.57423,-32.51126,peaked,145.0,1.491,1.682,-1.280,3.50,7
27.54056,-31.69659,nan,31.7,-0.890,0.479,,0.47,10
31.32588,-30.93630,steep,,-0.828,0.031,-1.840,2.13,21
30.88500,-28.71975,steep,3.3,-0.988,0.138,-2.087,2.84,21
30.22165,-30.41819,steep,180.4,-0.545,0.588,-1.196,0.51,14
31.66424,-29.78560,steep,12944655.6,-0.688,0.017,-0.837,1.08,22
29.08920,-27.63227,steep,,-0.723,0.049,-1.537,2.08,22
30.77919,-27.59375,steep,,-0.922,0.166,-1.054,0.88,21
28.55566,-31.78224,nan,272.3,0.422,0.882,,0.15,7
27.71335,-30.80711,nan,,,,-1.102,,3
31.00092,-30.46104,steep,,-0.748,0.006,-0.720,7.78,22
28.35926,-28.93814,steep,5042538.5,-0.665,0.012,-0.852,2.46,22
29.37107,-27.39260,steep,11909.3,-1.171,0.059,-0.919,0.87,22
30.21667,-28.77960,nan,,-1.104,0.263,,1.59,12
27.04484,-29.71739,steep,,-0.752,0.054,-1.364,2.68,22
31.48424,-27.90917,flat,1710730.9,0.079,0.805,-0.624,0.38,11
32.90919,-29.27899,nan,402.9,-0.221,1.037,,1.02,9
30.70993,-28.59089,nan,,,,,,2
28.01366,-29.12275,steep,302426386.5,-0.692,0.075,-0.766,1.33,22
30.35722,-30.19712,steep,241155462.5,-0.903,0.015,-1.052,2.30,22
28.13184,-31.54371,flat,314570.8,-0.808,0.138,-0.396,1.23,21
30.39980,-28.44319,steep,,-1.071,0.004,-1.475,13.89,22
29.21541,-27.14298,steep,,-0.997,0.008,-1.159,7.06,22
30.06974,-27.54072,steep,1985.4,-0.841,0.185,-0.572,1.95,18
27.98146,-29.57483,steep,,-0.680,0.021,-0.936,3.55,22
29.02932,-31.62927,steep,0.1,-0.740,0.115,-1.533,2.35,22
27.10607,-31.19662,steep,4669.2,-1.233,0.176,-0.647,1.42,19
30.24654,-28.69491,flat,167.7,-0.475,0.880,-0.444,0.55,9
28.88616,-30.65058,steep,5.7,-0.865,0.093,-2.312,3.77,22
32.15615,-30.33545,nan,474.9,,,-0.653,1.06,4
29.68630,-28.67261,steep,3285.0,-0.947,0.235,-0.531,0.83,16
28.28659,-28.25159,uss,9845.3,-1.539,0.097,-1.835,5.47,20
29.89391,-29.05891,extended,1182.3,-0.747,0.452,0.459,8.35,12
27.19738,-28.46538,uss,0.2,-1.555,0.259,-1.615,5.44,10
29.17195,-30.44576,steep,,-0.842,0.034,-1.536,1.84,22
29.78543,-32.53006,uss,15740.4,-1.337,0.129,-1.472,2.41,22
29.35753,-31.77615,steep,,-0.825,0.005,-1.030,8.25,22
32.55909,-29.71775,steep,0.0,-0.880,0.080,-1.131,1.02,22
31.86235,-31.59901,steep,,-1.006,0.051,-2.275,4.62,22
31.89742,-27.88466,steep,,-0.643,0.013,-0.760,1.23,22
28.11439,-30.63258,flat,5783.1,-0.979,0.469,-0.236,7.11,8
31.08752,-31.70315,steep,182528.2,-0.897,0.072,-1.182,2.00,22
30.95731,-32.18040,flat,263.5,-0.021,2.974,-0.688,0.53,6
32.02578,-32.28960,steep,10.8,-0.786,0.281,-1.021,1.99,17
29.56801,-28.04288,steep,3940.4,-0.818,0.036,-0.580,1.26,22
27.67604,-31.85350,steep,31444812.7,-0.792,0.228,-1.067,6.14,17
30.64288,-32.40419,steep,0.0,-0.768,0.110,-0.893,1.31,22
28.07070,-31.31040,flat,311.3,-0.948,0.223,-0.410,2.83,16
31.83865,-29.48096,steep,757890.3,-0.797,0.030,-0.766,2.04,22
29.44117,-32.51595,nan,3684224.3,-1.008,0.037,,1.76,20
33.37448,-30.25185,nan,23999.4,-0.547,0.246,,0.90,16
28.09758,-28.76383,steep,,-0.732,0.084,-1.514,2.61,22
26.83484,-30.33215,steep,85343.0,-0.875,0.070,-1.660,3.61,22
27.57540,-31.46090,steep,4123556.6,-1.056,0.040,-1.894,2.27,22
29.31634,-31.98383,steep,3788807.6,-0.727,0.023,-0.885,0.96,22
30.68875,-27.07248,steep,,-0.849,0.097,-1.330,1.45,22
28.13881,-29.71369,steep,26635.6,-1.021,0.003,-0.523,26.36,22
29.32137,-29.99444,steep,37.9,-1.155,0.601,-1.003,0.95,9
32.40959,-30.32748,flat,82.2,-0.413,1.239,-0.925,12.86,8
32.79263,-30.19062,steep,,-0.986,0.504,-0.781,0.10,11
31.39381,-31.28601,steep,72.6,-0.526,0.365,-0.824,0.90,15
29.45717,-30.60782,flat,4584.3,-1.175,0.073,-0.463,1.50,22
28.95222,-30.22775,nan,0.3,-0.748,0.134,,1.02,20
30.18672,-28.88012,steep,2301.3,-1.376,0.172,-0.975,2.12,18
28.89475,-31.17866,steep,2044740.4,-0.842,0.010,-1.026,2.71,22
29.37442,-31.18989,steep,2.7,-1.101,0.062,-3.807,7.78,21
28.01154,-30.41638,steep,640818.9,-1.016,0.072,-1.084,1.96,22
27.15586,-29.06609,flat,134.0,-0.527,0.243,-0.346,2.41,17
31.54473,-27.60305,flat,87.0,-0.276,0.370,-0.532,1.01,15
29.55281,-28.57259,steep,3574419.0,-0.780,0.024,-1.016,1.56,22
27.78899,-32.17989,flat,12.6,-0.340,0.167,-0.690,0.87,21
32.32257,-32.09762,steep,,-0.521,0.061,-0.752,1.36,22
31.59759,-29.14167,steep,6.8,-1.032,0.302,-1.455,2.09,13
33.26781,-30.22358,peaked,127.7,0.848,1.121,-0.714,0.26,9
32.13327,-29.51671,nan,1417.8,-1.124,0.249,,1.19,17
31.75088,-28.07156,steep,497729.4,-0.809,0.054,-1.023,1.27,22
28.01609,-31.20434,flat,212.2,-0.152,0.305,-1.089,1.04,17
27.78188,-32.26561,steep,,-1.041,0.013,-1.277,1.98,22
29.17170,-28.37063,steep,25.7,-0.665,0.108,-2.222,2.55,22
31.65447,-30.03852,nan,1273.2,-0.709,0.991,,0.40,5
28.34362,-31.19599,steep,0.1,-0.893,0.001,-1.122,76.23,22
32.40216,-28.42292,steep,165726628.7,-0.886,0.250,-0.757,0.54,16
27.51353,-30.05860,uss,,-1.413,0.024,-2.194,2.14,22
30.83519,-32.40091,flat,90.2,-0.319,0.238,-1.269,0.79,19
32.40670,-28.38591,steep,,-0.646,0.018,-0.941,2.33,22
26.56275,-29.95015,steep,12041.3,-1.033,0.032,-1.974,4.47,22
27.19020,-29.08288,steep,,-1.009,0.079,-0.921,0.85,22
32.08088,-31.22868,nan,0.2,,,-0.605,0.66,5
26.67113,-30.07191,steep,0.2,-1.089,0.244,-1.323,1.15,18
28.66620,-29.15121,uss,,-1.772,0.247,-1.780,4.16,14
30.84339,-30.68385,steep,,-0.749,0.003,-0.868,17.87,22
28.06406,-29.92118,steep,,-0.565,0.246,-0.511,2.45,17
29.90029,-28.69226,nan,,,,,,2
28.81188,-31.94733,steep,,-0.867,0.003,-0.977,24.22,22
30.38587,-28.33125,steep,,-0.836,0.121,-1.360,1.60,22
32.62567,-29.39653,nan,,,,-1.466,,3
29.21517,-30.71952,flat,745.7,-0.759,0.022,0.007,2.29,22
31.94468,-31.03379,flat,45.1,-0.456,0.138,-1.418,1.41,21
30.21716,-30.20102,steep,78.2,-1.109,0.389,-1.144,1.91,10
29.20381,-28.42337,steep,36535801.1,-1.016,0.046,-2.177,3.77,22
31.55631,-29.94258,flat,20.3,-0.260,0.487,-0.732,0.66,11
29.13628,-31.11389,steep,10771029.3,-1.119,0.023,-1.514,3.19,22
29.62828,-27.98636,steep,25.1,-0.511,1.165,-0.701,1.27,6
27.52746,-30.24380,steep,134892.4,-0.736,0.077,-0.784,1.25,22
31.68378,-30.60562,steep,0.1,-0.801,0.008,-1.109,5.61,22
32.32048,-32.14289,nan,2383.5,-0.932,0.122,,2.04,19
31.82039,-31.13864,flat,164.5,-0.212,0.337,-1.190,3.20,15
28.66832,-27.77878,steep,260863.5,-0.855,0.013,-1.019,1.77,22
29.83892,-28.25135,steep,,-0.842,0.041,-1.278,2.14,22
32.75890,-29.10685,steep,269070.4,-0.725,0.025,-0.899,1.52,22
28.26097,-30.77434,nan,183.2,-0.983,0.373,,2.55,12
28.34769,-28.09628,flat,14.9,-0.612,0.468,-0.443,0.69,14
27.69093,-28.67245,steep,,-0.932,0.044,-2.106,4.74,22
31.73163,-29.72187,nan,3481.6,-1.141,0.060,,2.87,20
30.92613,-29.97207,uss,,-1.207,0.047,-2.228,5.61,22
30.07886,-28.83005,steep,,-1.067,0.052,-1.292,1.76,22
31.38448,-30.96638,steep,7127.9,-1.664,0.300,-0.898,1.81,14
31.51244,-28.64772,flat,149.6,-0.060,0.067,-1.236,1.72,22
28.81858,-27.53736,steep,1091606.8,-0.937,0.033,-1.269,2.05,22
30.11562,-31.04590,steep,,-0.786,0.002,-0.919,32.20,22
29.25338,-32.59156,flat,35008562.8,-0.328,0.065,-0.406,1.25,22
30.38010,-27.46492,nan,,,,-1.238,,3
30.56591,-30.46222,steep,,-0.660,0.042,-1.466,6.23,22
27.89017,-27.94047,steep,,-0.930,0.007,-1.085,3.84,22
30.82102,-28.98052,steep,76117.5,-0.863,0.112,-1.205,1.76,22
33.12706,-31.32572,nan,1.7,-0.771,0.113,,1.82,21
29.85343,-28.78091,steep,,-0.792,0.081,-0.910,0.83,22
28.65970,-32.10489,flat,7.5,-0.375,0.013,-0.647,5.43,22
30.03657,-31.60724,flat,3450.7,-0.312,0.513,-0.167,0.93,12
28.61143,-31.64188,steep,152633.0,-1.031,0.024,-0.868,2.71,22
28.18695,-29.01620,steep,152.0,-0.532,1.222,-0.806,0.52,9
32.91813,-31.10204,peaked,388.0,0.316,0.064,-0.775,1.40,22
29.75165,-31.49598,steep,243009043.7,-0.731,0.026,-0.882,1.38,22
29.14264,-31.75210,steep,324.2,-0.551,0.666,-2.165,2.39,13
28.83103,-29.61488,peaked,370.0,0.198,0.390,-0.817,0.86,16
29.60737,-29.45169,steep,,-1.048,0.037,-2.386,4.90,22
29.04530,-27.95278,steep,487529.2,-0.971,0.109,-0.694,1.26,22
27.66410,-32.09676,nan,6133.2,-0.991,0.150,,1.31,20
29.86905,-28.11261,flat,796.2,-0.045,0.219,-0.287,1.24,17
29.92727,-28.15442,steep,94806.8,-0.773,0.024,-0.980,1.44,22
31.46029,-31.55186,steep,20.0,-1.106,0.221,-1.662,1.99,18
27.96226,-28.04265,steep,50197.9,-0.924,0.086,-1.406,1.70,22
27.09777,-28.93575,steep,400.2,-1.080,1.045,-1.790,2.78,9
30.97677,-30.74369,steep,62176.2,-0.812,0.081,-1.213,1.51,22
32.52158,-28.37893,peaked,48.2,0.159,0.364,-0.629,2.24,14
31.45343,-29.83801,steep,33524.3,-0.702,0.080,-0.917,1.25,22
29.87107,-32.14923,steep,66879.1,-0.867,0.009,-0.783,3.32,22
29.67151,-29.04657,flat,1992.7,-0.822,0.316,-0.212,0.50,14
30.17279,-28.95235,steep,,-0.631,0.111,-0.863,1.68,22
29.27029,-28.48214,steep,,-0.979,0.012,-1.777,2.62,22
27.97570,-28.32601,steep,22753.5,-0.798,0.068,-0.850,1.84,22
30.58259,-27.07456,flat,308324.4,-0.603,0.101,-0.488,0.78,22
32.96781,-30.76418,nan,154.8,-0.256,0.648,,0.67,6
29.45570,-32.33421,flat,152.3,-0.261,0.426,-2.114,2.56,14
29.61042,-30.73621,nan,,,,-1.660,,3
32.41905,-31.06725,steep,4598381.0,-0.925,0.412,-0.758,1.49,13
28.07960,-31.54249,flat,5.4,-0.397,0.132,-0.864,1.13,22
27.43192,-29.83514,inverted,1390.2,-0.977,0.163,0.121,1.44,20
31.88181,-31.42300,nan,,-1.033,0.083,,2.06,21
