ra,dec,imag,z,has_cutout,has_control,detected_excluded
176.72979,25.38356,18.78,1.055,1,1,0
176.73115,25.16936,19.70,1.649,1,1,0
176.76973,24.56500,20.14,1.397,1,1,0
176.77364,24.98446,19.90,1.938,1,1,0
176.79126,25.29575,18.36,0.564,1,1,1
176.87495,24.80386,19.07,1.942,1,1,0
176.89518,26.00091,19.66,0.565,1,1,0
176.90284,25.37106,21.64,2.169,1,1,0
176.91277,24.93006,18.95,0.941,1,1,0
176.92797,26.09547,19.64,1.760,1,1,0
176.94717,24.41270,19.60,0.523,1,1,0
176.95161,26.07436,20.39,2.513,1,1,0
176.95322,25.91749,19.74,1.499,1,1,0
176.95753,26.01030,19.60,0.562,1,1,0
176.98889,23.82083,19.73,1.073,1,1,0
176.99034,24.88524,18.95,1.922,1,1,0
176.99289,24.92431,21.39,2.472,1,1,0
176.99603,24.69938,20.02,1.805,1,1,0
177.00671,25.47798,20.42,1.790,1,1,1
177.02523,25.79608,19.29,0.511,1,1,0
177.03486,25.70526,19.21,0.434,1,1,0
177.04961,26.00661,20.09,2.336,1,1,0
177.05754,25.58004,18.83,2.321,1,1,0
177.06105,25.13256,19.88,1.152,1,1,0
177.08094,25.08262,18.83,1.003,1,1,0
177.08187,23.62717,18.96,0.387,1,1,0
177.08489,25.73148,18.37,2.134,1,1,0
177.08531,24.32902,19.55,2.073,1,1,0
177.08608,25.05936,21.39,2.592,1,1,0
177.10029,25.92999,19.18,1.922,1,1,0
177.10502,23.63709,19.24,1.956,1,1,0
177.10543,23.98136,19.08,1.230,1,1,0
177.10979,26.36724,21.84,2.403,1,1,0
177.13409,24.76972,20.81,2.434,1,1,0
177.13693,24.81419,19.76,1.607,1,1,0
177.14822,25.26374,18.65,1.195,1,1,0
177.15744,24.83086,19.93,1.015,1,1,0
177.15893,23.76115,19.69,1.322,1,1,0
177.16428,26.41760,18.65,1.262,1,1,0
177.16605,24.74878,20.10,2.730,1,1,0
177.19211,23.71740,19.10,0.364,1,1,0
177.19327,23.66393,19.94,0.657,1,1,0
177.20011,25.59298,21.62,2.370,1,1,1
177.20194,25.19001,19.02,2.470,1,1,0
177.21550,24.01783,20.88,0.839,1,1,0
177.21903,25.36483,20.34,0.949,1,1,0
177.21941,24.23969,20.02,0.849,1,1,0
177.21949,24.95440,19.90,0.854,1,1,0
177.21961,25.90872,21.26,0.902,1,1,0
177.21999,24.61155,19.58,2.767,1,1,0
177.22089,24.76941,19.64,2.646,1,1,0
177.22731,25.47131,19.79,3.119,1,1,0
177.22781,24.58001,18.58,1.502,1,1,0
177.23456,25.81221,19.24,1.616,1,1,0
177.23517,26.29711,21.49,2.133,1,1,0
177.23745,26.34669,20.55,2.223,1,1,0
177.24130,25.02621,19.09,1.718,1,1,0
177.24159,25.60991,19.51,0.640,1,1,0
177.24179,24.46319,19.65,3.198,1,1,0
177.24201,25.53030,18.37,2.891,1,1,0
177.24245,25.56554,19.22,2.674,1,1,0
177.24991,25.41672,18.86,1.904,1,1,0
177.25982,26.14907,19.33,1.496,1,1,0
177.26194,23.48586,21.33,2.460,1,1,0
177.27386,26.13500,19.39,0.431,1,1,0
177.27606,25.89926,18.76,1.632,1,1,0
177.28349,26.24276,21.26,3.235,1,1,0
177.29554,23.53429,20.28,2.898,1,1,0
177.30465,25.90842,18.63,3.012,1,1,0
177.30489,26.66731,19.37,0.579,1,1,0
177.31095,25.59396,21.30,2.348,1,1,0
177.32852,26.59721,20.76,2.607,1,1,0
177.32891,26.65081,18.47,2.861,1,1,0
177.32920,23.64818,18.77,2.825,1,1,0
177.33063,24.73081,20.55,2.459,1,1,0
177.34497,26.29169,21.71,2.062,1,1,0
177.34862,26.47863,19.18,0.913,1,1,0
177.35484,23.61102,20.33,0.739,1,1,0
177.36079,24.10986,21.11,0.753,1,1,0
177.36704,25.13562,18.41,0.683,1,1,0
177.36778,25.44798,20.73,0.934,1,1,0
177.36801,24.29538,21.37,2.655,1,1,0
177.37893,25.24236,18.56,0.596,1,1,1
177.41282,25.55298,21.07,2.363,1,1,0
177.41397,24.34659,19.38,0.404,1,1,0
177.41873,25.83981,20.05,1.645,1,1,0
177.42248,23.70152,18.48,1.497,1,1,0
177.43001,23.88191,19.68,1.407,1,1,0
177.43227,25.91726,21.83,2.298,1,1,0
177.43956,26.81790,20.78,3.190,1,1,0
177.44872,23.96038,20.26,2.794,1,1,0
177.45355,23.96562,21.47,2.283,1,1,0
177.46034,25.37111,21.40,2.212,1,1,0
177.47402,25.34128,18.89,1.994,1,1,0
177.48534,26.40778,20.99,2.890,1,1,0
177.49558,24.94011,19.09,1.713,1,1,0
177.49749,26.09269,19.36,2.830,1,1,0
177.49970,25.38402,20.06,1.725,1,1,0
177.50174,25.56891,19.63,1.890,1,1,0
177.50790,23.69204,19.98,1.093,1,1,0
177.51217,24.28830,20.48,2.540,1,1,0
177.52437,26.49112,19.54,1.063,1,1,0
177.53694,23.66663,20.07,0.875,1,1,0
177.53857,25.66242,19.21,0.648,1,1,0
177.54084,24.55405,18.44,0.933,1,1,0
177.54390,25.75930,20.47,0.902,1,1,0
177.54592,24.12499,18.27,0.417,1,1,0
177.55547,26.03995,19.24,1.331,1,1,0
177.55786,23.76726,18.54,0.355,1,1,0
177.57390,26.25828,21.22,2.860,1,1,0
177.57957,23.71561,20.67,2.414,1,1,0
177.58006,24.29828,15.77,1.335,1,1,1
177.58201,24.90845,20.64,2.593,1,1,1
177.59251,25.74097,19.94,0.683,1,1,0
177.59365,26.88003,18.60,1.540,1,1,0
177.59739,23.80521,20.19,2.710,1,1,0
177.60097,26.01914,19.68,2.803,1,1,0
177.60409,25.86154,20.35,2.325,1,1,0
177.60483,24.40819,18.66,0.998,1,1,1
177.60560,23.90353,18.39,3.246,1,1,1
177.61784,25.90262,20.57,2.889,1,1,0
177.62268,25.33712,18.61,2.057,1,1,0
177.62962,24.72899,20.17,3.173,1,1,0
177.63066,26.91322,20.09,0.751,1,1,0
177.64443,23.59801,18.38,2.650,1,1,0
177.64567,26.75745,19.34,0.744,1,1,0
177.65289,26.32568,21.69,3.268,1,1,0
177.66839,26.12915,19.95,2.801,1,1,0
177.67595,23.96849,20.04,2.674,1,1,0
177.67889,25.47563,17.91,1.793,1,1,0
177.68803,25.92597,19.50,1.410,1,1,0
177.69482,23.40981,21.57,2.302,1,1,0
177.71604,24.97680,20.42,2.850,1,1,0
177.71814,24.64778,20.33,2.193,1,1,0
177.72063,23.62902,19.68,1.668,1,1,0
177.72146,24.37505,19.85,4.044,1,1,0
177.72306,24.35678,18.95,0.799,1,1,0
177.72715,26.08769,18.58,0.317,1,1,0
177.72728,24.55737,18.50,2.430,1,1,0
177.73069,24.50327,21.84,2.803,1,1,0
177.73199,25.45110,18.63,1.546,1,1,0
177.74523,25.52937,21.54,2.557,1,1,1
177.75536,24.58169,21.39,2.342,1,1,0
177.75715,25.15555,20.00,2.410,1,1,0
177.75745,25.67341,18.87,1.691,1,1,0
177.75997,25.02635,19.01,2.068,1,1,1
177.76234,23.90936,19.95,1.428,1,1,0
177.76596,23.43977,20.08,2.994,1,1,0
177.77804,23.35778,18.66,0.981,1,1,1
177.77964,27.21030,20.09,2.539,1,1,0
177.78055,24.80852,18.60,2.513,1,1,0
177.79057,24.67233,20.91,0.847,1,1,0
177.79220,26.63718,21.53,2.180,1,1,0
177.79302,24.69679,20.63,0.847,1,1,0
177.79381,24.71538,21.01,2.515,1,1,0
177.79717,23.72549,20.31,2.609,1,1,0
177.81267,26.86963,21.54,2.349,1,1,0
177.81355,25.09610,20.20,2.427,1,1,0
177.81504,23.58338,20.71,2.623,1,1,0
177.81524,22.81539,20.78,2.477,1,1,0
177.83929,24.66656,20.24,2.183,1,1,0
177.83955,23.66439,18.45,1.066,1,1,0
177.84899,24.90482,21.22,2.197,1,1,0
177.85852,27.14547,20.09,1.463,1,1,0
177.86129,26.12467,19.98,2.150,1,1,0
177.86722,23.45271,18.67,1.212,1,1,0
177.87003,26.33347,18.63,0.543,1,1,1
177.88812,23.79615,17.78,1.119,1,1,1
177.89728,26.09817,19.38,2.786,1,1,0
177.90870,23.18078,20.33,0.852,1,1,0
177.91178,25.47115,20.36,2.246,1,1,0
177.91289,25.58597,19.43,2.467,1,1,0
177.91987,23.67544,18.03,2.188,1,1,0
177.92062,25.90262,19.12,1.063,1,1,0
177.92170,24.90948,18.59,1.436,1,1,0
177.92592,23.48325,19.78,0.764,1,1,0
177.93161,26.41836,19.88,0.692,1,1,0
177.94333,25.06405,20.45,0.916,1,1,0
177.95306,23.51672,18.50,0.987,1,1,0
177.96490,24.25538,20.77,2.421,1,1,0
177.96500,27.30001,20.88,2.721,1,1,0
177.96540,22.70302,18.06,3.828,1,1,0
177.97510,26.06428,19.90,2.984,1,1,0
177.97670,25.72294,18.96,1.178,1,1,0
177.98340,25.78893,18.49,0.621,1,1,0
177.98826,26.67280,20.11,1.160,1,1,0
177.99296,25.11872,21.64,2.893,1,1,0
178.00008,23.14222,18.34,2.737,1,1,0
178.00542,24.01386,19.06,2.395,1,0,1
178.00555,24.01787,21.01,2.466,1,1,0
178.00579,27.29506,20.10,2.244,1,1,0
178.00945,23.08476,20.49,1.796,1,1,0
178.01604,25.46155,20.61,2.297,1,1,0
178.01790,26.67968,19.40,2.807,1,1,0
178.01794,24.04089,20.54,2.365,1,1,0
178.01969,22.64031,18.76,1.364,1,1,0
178.02312,23.76481,19.35,0.454,1,1,0
178.02827,26.65576,18.65,0.472,1,1,0
178.02899,26.69493,19.75,0.649,1,1,0
178.03408,24.01747,18.76,1.859,1,1,0
178.04065,24.36867,21.63,2.107,1,1,0
178.04171,25.13254,21.52,2.964,1,1,0
178.04333,25.35661,19.31,2.207,1,1,0
178.05050,25.42252,19.28,2.842,1,1,0
178.05548,24.41745,20.46,2.428,1,1,0
178.07550,23.05028,17.72,1.468,1,1,0
178.07688,23.07762,18.92,1.138,1,1,0
178.08212,23.95608,21.04,2.537,1,1,0
178.08661,25.94157,20.54,1.520,1,1,0
178.09077,24.42998,19.88,2.847,1,1,0
178.09103,27.26135,21.56,3.084,1,1,1
178.09685,25.37486,21.06,2.713,1,1,0
178.09699,24.98359,20.78,3.235,1,1,0
178.11222,23.50647,19.26,1.350,1,1,0
178.11470,24.19640,21.64,1.523,1,1,0
178.11558,25.60167,21.08,2.304,1,1,0
178.12338,25.78435,20.19,2.606,1,1,0
178.13006,22.61608,18.49,1.347,1,1,0
178.14184,25.93119,20.21,0.813,1,1,0
178.15108,24.73043,20.97,2.297,1,1,0
178.15243,23.99856,19.95,3.031,1,1,0
178.15844,23.55943,18.01,1.803,1,1,1
178.16697,25.78324,20.23,3.001,1,1,0
178.18049,23.74985,19.09,2.086,1,1,0
178.20233,23.87116,19.69,0.994,1,1,0
178.21185,26.02382,19.79,1.650,1,1,0
178.21272,24.99806,20.61,2.305,1,1,0
178.22733,26.13707,19.08,1.694,1,1,0
178.22816,23.14691,22.23,2.992,1,1,0
178.23352,24.46927,20.62,3.071,1,1,0
178.25498,25.07373,20.13,1.976,1,1,0
178.25570,25.17511,18.68,1.397,1,1,0
178.26904,22.96865,21.36,2.332,1,1,0
178.27168,25.70399,20.33,2.236,1,1,1
178.27297,27.56311,18.32,0.545,1,1,0
178.27337,27.06331,20.61,4.146,1,1,0
178.27353,24.68474,19.82,2.619,1,1,0
178.27795,22.60823,17.47,0.210,1,1,0
178.27862,25.01390,19.79,2.583,1,0,0
178.28248,25.63987,19.17,1.276,1,1,0
178.30020,27.52496,19.37,1.833,1,1,0
178.31288,25.24449,19.65,1.038,1,1,0
178.32156,24.49954,21.00,2.295,1,1,0
178.32367,23.47694,18.24,1.922,1,1,0
178.32531,23.68709,19.47,0.990,1,1,1
178.32935,26.78823,18.93,1.030,1,1,0
178.33237,26.23465,19.12,0.907,1,1,0
178.33258,25.27705,19.80,1.044,1,1,0
178.34655,26.21054,20.27,2.513,1,1,0
178.34687,26.31140,19.29,1.723,1,1,0
178.34747,22.44326,21.87,2.523,1,1,0
178.35041,22.41320,20.76,1.035,1,1,0
178.35503,25.80297,21.57,2.270,1,1,0
178.35639,24.43154,21.54,0.754,1,1,0
178.35807,25.26985,19.66,1.035,1,1,0
178.36419,24.54347,20.13,3.166,1,1,0
178.36554,25.38424,20.09,2.302,1,1,0
178.36756,23.26397,20.18,1.122,1,1,0
178.37296,24.50256,21.59,2.306,1,1,0
178.37950,26.12739,19.62,2.539,1,1,0
178.38518,27.25974,19.68,1.061,1,1,0
178.38629,25.10401,20.42,3.126,1,1,0
178.38640,26.55145,20.95,2.263,1,1,0
178.38841,26.94450,18.18,2.063,1,1,0
178.39823,27.06260,19.09,0.701,1,1,0
178.40079,26.81485,21.59,2.553,1,1,0
178.41072,25.42232,20.92,2.438,1,1,0
178.41397,27.02837,20.78,0.760,1,1,0
178.41444,25.66481,20.88,0.510,1,1,0
178.41484,26.08170,19.32,1.732,1,1,0
178.42129,23.48234,18.21,3.049,1,1,0
178.42397,23.75177,19.85,1.398,1,1,0
178.42692,25.29402,21.32,2.385,1,1,0
178.43095,24.28105,20.27,2.344,1,1,0
178.43383,27.26836,19.88,1.883,1,1,0
178.43387,24.25848,20.33,2.075,1,1,0
178.43505,23.39987,19.84,2.071,1,1,0
178.43580,26.07500,18.88,1.014,1,1,0
178.44332,24.30818,18.81,0.752,1,1,0
178.45465,23.84918,20.89,2.285,1,1,0
178.46723,23.61664,19.50,1.041,1,1,0
178.46785,23.42696,20.79,1.689,1,1,0
178.47715,22.55809,18.73,1.712,1,1,1
178.47978,25.65970,19.49,1.978,1,1,0
178.48279,27.21348,20.16,2.018,1,1,0
178.48819,26.41879,21.55,2.193,1,1,0
178.49078,25.84946,21.80,2.261,1,1,0
178.49191,25.89949,20.59,2.443,1,1,0
178.49327,23.51147,19.78,1.775,1,1,0
178.49731,23.89944,19.27,2.943,1,1,0
178.50378,23.84529,20.13,0.826,1,1,0
178.50436,24.42571,21.51,2.625,1,1,0
178.51071,24.40008,19.37,1.560,1,1,0
178.52033,23.67710,18.79,1.156,1,1,0
178.52338,22.90389,18.73,1.095,1,1,0
178.52564,23.56464,20.74,3.059,1,1,0
178.52795,24.90313,18.68,0.377,1,1,0
178.53309,25.36259,17.67,0.337,1,1,0
178.54522,26.64192,19.62,1.334,1,1,0
178.54600,24.46307,19.49,0.474,1,1,0
