triple,ra1,dec1,t1,row1,ra2,dec2,t2,row2,ra3,dec3,t3,row3,mu_ra,mu_dec,mu,resid_sigma,flux1,flux2,flux3,snr1,snr2,snr3,size1,size2,size3,gaia,catwise,gaia_sep,gaia_pmra,gaia_pmde,gaia_gmag,pm_diff,pm_agree
E1-E2-E3,314.1357942929721,-32.6139322562983,2019.5159670305366,974028,314.13464058641324,-32.614492934556125,2022.106265981735,2621936,314.13378466737873,-32.61500432753257,2024.743603360997,1219397,-1.3505927938859674,-0.7792311876754393,1.55926333207152,1.43931149449984,0.9960614306041,1.07373383321225,1.0254992053321499,6.284432154416695,8.405204762833659,7.2602887915707734,2.914593729588,0.0,3.0798184199039995,0,0,,,,,,
E1-E2-E3,170.91381493094582,76.82460646527065,2017.7065674443493,1446415,170.91285583013178,76.82364199540736,2020.6722216530054,1422077,170.9099063941988,76.82313662914268,2023.1731304899613,182141,-0.26538022584282384,-1.1707674811560107,1.2004678917825242,1.83478391198967,1.0173510744454999,0.90153106877625,0.76704233716412,7.020614699913522,5.603235995102272,6.116158892454248,2.770832655324,6.195833486532,7.048790413199999,0,1,,,,,,
E1-E2-E3,195.7911502136483,-39.24740156223899,2019.5342386201485,1770787,195.79154665196864,-39.24863441319375,2022.0915956478311,1629532,195.7912054992273,-39.25020812816182,2024.7265424580767,1780690,0.4321756143972693,-1.735488392540847,1.788489788151912,1.1432375637567056,1.7467555331048994,2.1008111145115,1.01779957676701,8.953909758460457,14.19134420827626,5.872736470016301,7.93599964758,7.496925521256001,11.809140408971999,0,0,,,,,,
E1-E2-E3,29.815392731373787,-5.8821088985873695,2017.9212414740298,1973309,29.8162804706909,-5.88281622766494,2020.5999912482923,247808,29.81682350583769,-5.8833854057498,2023.3520784137577,906650,1.1867599253566126,-0.9505869879002644,1.5205310723552248,0.737471189204887,1.4898048652307998,2.3748335102442497,0.84641881076753,8.26852698071725,13.168788829662942,4.997913264036602,4.040787935448,7.438872775428001,9.684722834712,0,1,,,,,,
E1-E2-E3,199.41224123794163,-39.054073374061296,2019.5342413027968,2471204,199.41243315836968,-39.05503415527519,2022.0915983304794,1661072,199.41212077391492,-39.05574640391129,2024.726545295745,1291660,0.20979723267781744,-1.352494912742681,1.3686699265469753,1.463013849125593,1.5258304590645,3.3237739318367496,2.00144463830798,7.559096153810226,22.067631551267347,10.799010204621602,11.946478846068,3.568299425028,8.38352270394,0,0,,,,,,
E1-E2-E3,198.1380632679385,-39.142065835876,2019.53424050371,3234230,198.1384026468103,-39.14315307104377,2022.091597331621,1649994,198.13811668959127,-39.14398728883966,2024.7265442975702,1522355,0.37052796584154557,-1.530504684080847,1.5747176132450182,2.73556952248099,4.8350514614465,12.674193516651249,5.67590559041639,23.331024131952777,89.1615066597537,27.58523847808197,3.2183145924839995,0.0,8.648759908656,0,0,,,,,,
E1-E2-E4,202.1065752889049,-35.057218770753,2018.121780386701,2087369,202.10593220186783,-35.05596507067584,2020.8299272256374,1683201,202.1053434160506,-35.05543226233047,2026.0644063212983,608251,-0.6997838101131104,1.666571477181893,1.8075281102800749,2.283433832422028,0.9221155058881998,0.905651936635,0.7295258379899999,6.578968473396684,6.354433020726455,4.556851010677914,0.0,8.011676818403998,7.136139210335999,1,1,4.588945386292483,nan,nan,20.72396,,
E1-E3-E4,38.204206820523225,-30.74295976390234,2018.1149645333905,1833917,38.20306692132325,-30.74279501422816,2023.458343158225,1148935,38.20370228635275,-30.7414648806791,2026.1013259753593,120466,-0.6600604412459813,0.11099696815282366,0.6693281056678843,2.8948848082202887,0.7918363625052999,0.7783480509416799,1.00173938727,5.563925559075486,4.656265260821353,5.790580557680705,2.545770223116,12.155027449212,2.72519620398,0,0,,,,,,
E1-E3-E4,275.63653430937666,64.99754436091146,2017.693819784532,2933509,275.6343379866046,64.99630583691027,2023.1049163244354,494169,275.63501593293887,64.99718487499634,2025.6822869538557,836550,-0.6176061637312857,-0.8239894393719756,1.0297552960171743,2.833622836217405,1.1317460298959998,1.10209058237389,0.9058708504,5.531159782036133,4.443547032110739,4.412540580065101,3.4000338608639997,15.474424279464001,4.878681798312,0,1,,,,,,
E2-E3-E4,24.77612683663293,-17.94704491342479,2020.8312440659154,206758,24.77870667561926,-17.94667199060265,2023.4199584402807,1041064,24.78123411451604,-17.94645706412443,2026.0684335073008,81102,3.4130917707621484,0.5186057500208534,3.452266988458307,1.7902589447411659,2.006488422565,11.32384892601401,1.15880386075,12.662409135298518,76.16991038941107,8.537882532520875,1.165974412356,0.0,2.921760905868,3,0,0.8378107086307643,nan,nan,10.869107,,
E2-E3-E4,102.19527224964892,-37.93653419755776,2020.8372128586066,841327,102.196211922188,-37.93609966280794,2023.442428751711,1128563,102.19634309151176,-37.93681762566808,2026.0717422142368,313682,1.0241042378755547,0.6004589114852801,1.1871564321591144,2.706311221787621,1.6530267121324997,0.9483616700516999,1.21661422201,11.296825992997432,5.237296817416125,7.354957825852665,7.42541342616,7.233538597164,0.0,0,1,,,,,,
