name,type,obs_id,band,epoch_mjd,i_mjy,e_i,v_mjy,e_v,offset_arcsec,note
J0007-6959,polar,ASKAP-21199,mid,59226.4,-0.1775,0.1661,0.2565,0.1522,1.01,
J0007-6959,polar,ASKAP-21638,mid,59234.4,-0.5743,0.4843,-0.2563,0.4735,0.85,
J0007-6959,polar,ASKAP-35971,mid,59595.4,0.2488,0.6780,0.3870,0.6670,0.88,
J0007-6959,polar,ASKAP-36518,mid,59605.4,0.1905,0.1509,0.1257,0.1512,0.42,
J0007-6959,polar,ASKAP-40514,low,59711.0,-0.2280,0.2757,0.1385,0.2487,0.87,
J0007-6959,polar,ASKAP-40636,low,59714.1,0.1486,0.1711,0.0757,0.1489,0.88,
J0007-6959,polar,ASKAP-56561,low,60311.4,-0.1065,0.3193,-0.0150,0.2669,1.38,
J0007-6959,polar,ASKAP-57191,low,60321.4,0.1057,0.1566,0.0488,0.1237,1.02,
J0007-6959,polar,ASKAP-57251,low,60322.4,nan,nan,nan,nan,nan,
J0007-6959,polar,ASKAP-73177,mid,60790.0,-0.1782,0.5170,-0.5398,0.4934,0.85,
J0007-6959,polar,ASKAP-75767,mid,60900.8,0.1321,0.1563,0.1002,0.1496,1.01,
J0141-6753,polar,ASKAP-21311,mid,59228.5,0.2008,0.1691,0.2653,0.1674,0.83,
J0141-6753,polar,ASKAP-21312,mid,59228.5,0.8622,1.1118,2.3126,0.9869,0.83,
J0141-6753,polar,ASKAP-21590,mid,59233.4,nan,nan,nan,nan,nan,
J0141-6753,polar,ASKAP-21641,mid,59234.4,nan,nan,nan,nan,nan,
J0141-6753,polar,ASKAP-36414,mid,59603.5,nan,nan,nan,nan,nan,
J0141-6753,polar,ASKAP-36576,mid,59606.4,0.0966,0.1695,-0.0277,0.1649,0.38,
J0141-6753,polar,ASKAP-40028,low,59699.2,nan,nan,nan,nan,nan,
J0141-6753,polar,ASKAP-40305,low,59706.1,-0.0615,0.1447,0.1025,0.1184,1.26,
J0141-6753,polar,ASKAP-57140,low,60320.5,nan,nan,nan,nan,nan,
J0141-6753,polar,ASKAP-57192,low,60321.4,0.1657,0.1747,-0.1181,0.1620,0.79,
J0141-6753,polar,ASKAP-57193,low,60321.4,0.5448,0.3939,0.3952,0.3558,1.15,
J0141-6753,polar,ASKAP-57194,low,60321.4,nan,nan,nan,nan,nan,
J0141-6753,polar,ASKAP-57196,low,60321.5,nan,nan,nan,nan,nan,
J0141-6753,polar,ASKAP-57197,low,60321.5,0.0963,0.3902,0.3935,0.3756,1.07,
J0141-6753,polar,ASKAP-72572,mid,60769.3,nan,nan,nan,nan,nan,
J0141-6753,polar,ASKAP-72573,mid,60769.3,0.8394,0.9775,-0.4760,0.9048,0.86,
J0141-6753,polar,ASKAP-73214,mid,60791.2,nan,nan,nan,nan,nan,
J0141-6753,polar,ASKAP-75632,mid,60898.9,-0.3746,0.1597,-0.0052,0.1435,0.82,
J0141-6753,polar,ASKAP-75685,mid,60899.9,-0.2364,0.1769,0.2659,0.1482,0.83,
J0156-8358,CV,ASKAP-21818,mid,59237.4,-0.2424,0.4215,0.3476,0.3904,0.77,
J0156-8358,CV,ASKAP-21820,mid,59237.4,0.1914,0.1814,0.1408,0.1780,0.73,
J0156-8358,CV,ASKAP-36415,mid,59603.5,0.1251,0.1656,-0.2199,0.1722,0.71,
J0156-8358,CV,ASKAP-36723,mid,59609.3,1.4936,0.6782,0.2373,0.6871,0.49,
J0156-8358,CV,ASKAP-40030,low,59699.2,0.1147,0.1652,0.2220,0.1281,0.69,
J0156-8358,CV,ASKAP-40582,low,59712.1,nan,nan,nan,nan,nan,
J0156-8358,CV,ASKAP-57199,low,60321.5,0.1024,0.1864,-0.2921,0.1579,1.09,
J0156-8358,CV,ASKAP-57201,low,60321.5,-0.4303,0.5059,0.1917,0.4289,0.91,
J0156-8358,CV,ASKAP-57276,low,60323.4,0.8217,0.3049,-0.1236,0.2692,0.49,
J0156-8358,CV,ASKAP-57277,low,60323.4,-1.0992,0.5885,-0.9822,0.5953,0.99,
J0156-8358,CV,ASKAP-72794,mid,60777.3,-0.0973,0.1791,0.1411,0.1678,0.71,
J0156-8358,CV,ASKAP-75842,mid,60901.7,0.1903,0.5503,-0.3441,0.5185,0.73,
J0156-8358,CV,ASKAP-75843,mid,60901.7,nan,nan,nan,nan,nan,
J0350-2048,YSO,ASKAP-20431,mid,59210.6,0.0434,0.3415,-0.3767,0.2876,1.18,
J0350-2048,YSO,ASKAP-21824,mid,59237.5,0.2099,0.1772,0.0317,0.1624,1.13,
J0350-2048,YSO,ASKAP-35661,mid,59589.6,-0.1226,0.1725,0.2818,0.1772,0.32,
J0350-2048,YSO,ASKAP-36121,mid,59598.5,-0.0270,0.3638,0.4228,0.3520,0.57,
J0350-2048,YSO,ASKAP-39501,low,59685.3,-0.1503,0.1623,-0.0224,0.1433,0.97,
J0350-2048,YSO,ASKAP-56492,low,60310.6,-0.1285,0.1791,0.0016,0.1450,0.68,
J0350-2048,YSO,ASKAP-56710,low,60313.6,nan,nan,nan,nan,nan,
J0350-2048,YSO,ASKAP-56763,low,60314.6,-0.0101,0.2545,-0.1991,0.2366,0.58,
J0350-2048,YSO,ASKAP-69490,mid,60662.6,-0.0808,0.2245,-0.3440,0.1986,1.15,
J0350-2048,YSO,ASKAP-71122,mid,60726.4,0.3752,0.3568,-0.1222,0.3538,1.20,
J0354-1652,CV,ASKAP-20921,mid,59220.6,-0.6277,5.7207,0.7865,0.6518,0.81,
J0354-1652,CV,ASKAP-21824,mid,59237.5,0.0362,6.0900,-0.1409,0.1437,0.31,
J0354-1652,CV,ASKAP-35661,mid,59589.6,0.0168,3.8022,-0.2409,0.1565,0.44,
J0354-1652,CV,ASKAP-39501,low,59685.3,-0.1449,13.4164,-0.0645,0.1448,1.25,
J0354-1652,CV,ASKAP-56492,low,60310.6,0.2524,12.8168,0.0338,0.1454,0.31,
J0354-1652,CV,ASKAP-56493,low,60310.6,nan,nan,nan,nan,nan,
J0354-1652,CV,ASKAP-56576,low,60311.6,-0.4120,12.5335,0.3435,0.3177,0.59,
J0354-1652,CV,ASKAP-69490,mid,60662.6,0.3643,5.5737,0.1523,0.1811,0.32,
J0354-1652,CV,ASKAP-70903,mid,60720.5,-1.3517,5.8421,-0.3989,0.8197,0.78,
J0357+1029,polar,ASKAP-20775,mid,59217.6,-0.0159,0.2256,-0.2226,0.1499,0.34,
J0357+1029,polar,ASKAP-35465,mid,59586.6,-0.1215,0.2313,0.1102,0.1587,0.68,
J0357+1029,polar,ASKAP-39059,low,59676.3,0.1020,0.3718,-0.1412,0.2061,0.61,
J0357+1029,polar,ASKAP-39294,low,59681.3,-1.2977,0.7201,0.1108,0.5880,0.97,
J0357+1029,polar,ASKAP-55844,low,60302.6,nan,nan,nan,nan,nan,
J0357+1029,polar,ASKAP-55845,low,60302.6,nan,nan,nan,nan,nan,
J0357+1029,polar,ASKAP-56189,low,60306.6,-0.0591,0.3303,0.1525,0.1431,0.34,
J0357+1029,polar,ASKAP-67780,mid,60624.7,nan,nan,nan,nan,nan,
J0357+1029,polar,ASKAP-68097,mid,60630.7,0.0182,0.2388,0.0538,0.1544,0.34,
J0428-3300,polar,ASKAP-20971,mid,59221.6,0.0211,0.1459,-0.0120,0.1392,0.47,
J0428-3300,polar,ASKAP-36195,mid,59599.6,-0.0444,0.1759,0.0552,0.1630,0.71,
J0428-3300,polar,ASKAP-39620,low,59688.3,-0.2442,0.1884,-0.1515,0.1762,0.93,
J0428-3300,polar,ASKAP-39621,low,59688.3,-0.3393,0.2039,0.0720,0.1949,0.94,
J0428-3300,polar,ASKAP-56839,low,60315.6,0.1121,0.1547,0.2444,0.1442,0.66,
J0428-3300,polar,ASKAP-56841,low,60315.6,-0.3060,0.4825,-0.4886,0.4326,1.02,
J0428-3300,polar,ASKAP-56920,low,60316.6,nan,nan,nan,nan,nan,
J0428-3300,polar,ASKAP-71424,mid,60733.4,0.0467,0.1629,0.1132,0.1362,0.47,
J0435-7527,polar,ASKAP-22024,mid,59240.5,0.1495,0.1993,-0.0359,0.1907,1.33,
J0435-7527,polar,ASKAP-22025,mid,59240.5,0.2506,0.3204,0.0001,0.3168,0.08,
J0435-7527,polar,ASKAP-22026,mid,59240.5,-0.0986,1.0933,-2.0452,1.0186,0.66,
J0435-7527,polar,ASKAP-36423,mid,59603.6,nan,nan,nan,nan,nan,
J0435-7527,polar,ASKAP-36461,mid,59604.5,-0.1276,0.2262,-0.0293,0.2149,0.66,
J0435-7527,polar,ASKAP-36527,mid,59605.5,0.4985,0.4683,-0.4111,0.4521,0.09,
J0435-7527,polar,ASKAP-40079,low,59700.3,nan,nan,nan,nan,nan,
J0435-7527,polar,ASKAP-40080,low,59700.3,-0.1584,0.1974,-0.0166,0.1533,0.81,
J0435-7527,polar,ASKAP-40081,low,59700.3,nan,nan,nan,nan,nan,
J0435-7527,polar,ASKAP-57142,low,60320.5,nan,nan,nan,nan,nan,
J0435-7527,polar,ASKAP-57146,low,60320.6,-0.1018,0.2156,-0.1848,0.1664,1.15,
J0435-7527,polar,ASKAP-57148,low,60320.6,-0.4708,0.4422,0.1123,0.4233,1.26,
J0435-7527,polar,ASKAP-57200,low,60321.5,-0.1798,0.2883,0.0521,0.2279,0.78,
J0435-7527,polar,ASKAP-57255,low,60322.6,0.3324,0.5092,-0.6030,0.5192,0.83,
J0435-7527,polar,ASKAP-71095,mid,60725.5,nan,nan,nan,nan,nan,
J0435-7527,polar,ASKAP-71853,mid,60749.4,-0.3364,0.8652,-0.2632,0.9080,0.66,
J0435-7527,polar,ASKAP-75525,mid,60896.0,-0.1964,0.3652,0.2861,0.3552,0.08,
J0435-7527,polar,ASKAP-75526,mid,60896.0,-0.1453,0.1838,0.0040,0.1916,1.36,
J0452+3017,IP,ASKAP-20387,mid,59209.6,-0.2372,0.2789,0.1191,0.2324,0.60,
J0452+3017,IP,ASKAP-20523,mid,59213.6,nan,nan,nan,nan,nan,
J0452+3017,IP,ASKAP-20524,mid,59213.6,-0.1237,0.3161,0.3874,0.2653,0.53,
J0452+3017,IP,ASKAP-34830,mid,59575.7,-0.3393,0.3582,0.2713,0.3193,0.17,
J0452+3017,IP,ASKAP-34950,mid,59577.6,-0.5606,0.4123,0.6172,0.3815,0.56,
J0452+3017,IP,ASKAP-38718,low,59668.4,-0.7213,0.7089,-0.8998,0.5989,0.86,
J0452+3017,IP,ASKAP-38873,low,59673.3,-0.1435,0.2107,0.1882,0.1562,1.19,
J0452+3017,IP,ASKAP-40242,low,59704.2,0.0080,0.2547,0.1463,0.1634,1.20,
J0452+3017,IP,ASKAP-55703,low,60300.7,-0.3554,0.3306,0.1690,0.1805,1.59,
J0452+3017,IP,ASKAP-55704,low,60300.7,0.2748,0.9211,0.2856,0.7305,1.41,
J0452+3017,IP,ASKAP-55767,low,60301.6,-0.6961,1.1682,-0.4020,0.8159,0.97,
J0452+3017,IP,ASKAP-55768,low,60301.6,-0.2481,0.2752,0.2747,0.1928,0.78,
J0452+3017,IP,ASKAP-67316,mid,60613.8,-0.4136,0.2917,0.2712,0.2560,0.50,
J0452+3017,IP,ASKAP-67317,mid,60613.8,nan,nan,nan,nan,nan,
J0452+3017,IP,ASKAP-73792,mid,60811.2,nan,nan,nan,nan,nan,failed: RuntimeError
J0503-2823,IP,ASKAP-20575,mid,59214.6,-0.2016,0.1524,0.0907,0.1314,0.82,
J0503-2823,IP,ASKAP-35737,mid,59590.6,0.5025,0.1753,0.1148,0.1669,0.64,
J0503-2823,IP,ASKAP-39506,low,59685.3,-0.0509,0.2249,-0.0452,0.2159,1.14,
J0503-2823,IP,ASKAP-39507,low,59685.4,-0.1651,0.1911,0.0445,0.1817,0.34,
J0503-2823,IP,ASKAP-56647,low,60312.6,nan,nan,nan,nan,nan,
J0503-2823,IP,ASKAP-56841,low,60315.6,nan,nan,nan,nan,nan,
J0503-2823,IP,ASKAP-56842,low,60315.6,0.3547,0.1520,0.1664,0.1359,0.19,
J0503-2823,IP,ASKAP-66830,mid,60602.8,0.2325,0.1658,-0.1867,0.1461,0.82,
J0530+0148,YSO,ASKAP-21603,mid,59233.6,nan,nan,nan,nan,nan,
J0530+0148,YSO,ASKAP-21651,mid,59234.5,0.5503,0.9710,-0.7033,1.0341,0.16,
J0530+0148,YSO,ASKAP-21652,mid,59234.5,-0.2215,0.2273,0.1498,0.2120,0.30,
J0530+0148,YSO,ASKAP-21653,mid,59234.6,nan,nan,nan,nan,nan,
J0530+0148,YSO,ASKAP-35469,mid,59586.6,0.1199,0.2166,0.5110,0.1946,0.73,
J0530+0148,YSO,ASKAP-39066,low,59676.4,-0.3301,0.2446,0.0661,0.1801,0.99,
J0530+0148,YSO,ASKAP-56195,low,60306.7,0.6916,0.8518,-0.8117,0.6800,0.61,
J0530+0148,YSO,ASKAP-56269,low,60307.6,0.8652,0.4069,-0.2314,0.3498,0.58,
J0530+0148,YSO,ASKAP-56270,low,60307.7,-0.0454,0.2100,-0.0253,0.1662,0.63,
J0530+0148,YSO,ASKAP-56271,low,60307.7,-1.1941,0.5220,0.0563,0.4654,0.63,
J0530+0148,YSO,ASKAP-67605,mid,60620.8,-0.1502,1.0274,-0.2658,0.9155,0.18,
J0530+0148,YSO,ASKAP-67675,mid,60621.8,-0.2156,0.2019,0.0509,0.2080,0.31,
J0530+0148,YSO,ASKAP-67676,mid,60621.8,nan,nan,nan,nan,nan,
J0530+0148,YSO,ASKAP-74102,mid,60815.3,nan,nan,nan,nan,nan,failed: RuntimeError
J0531-4624,polar,ASKAP-21898,mid,59238.5,0.0673,0.2506,-0.0309,0.2410,0.72,
J0531-4624,polar,ASKAP-22326,mid,59246.5,0.2066,0.1804,-0.2726,0.1573,0.99,
J0531-4624,polar,ASKAP-35803,mid,59591.6,-0.3824,0.3843,0.4512,0.3835,0.72,
J0531-4624,polar,ASKAP-35804,mid,59591.6,0.2973,0.1961,0.2285,0.2190,0.57,
J0531-4624,polar,ASKAP-39674,low,59689.3,0.1212,0.1573,-0.0236,0.1410,1.28,
J0531-4624,polar,ASKAP-39675,low,59689.3,0.1020,0.4018,0.1648,0.3546,0.59,
J0531-4624,polar,ASKAP-56923,low,60316.6,0.1320,0.2503,0.0466,0.2512,0.29,
J0531-4624,polar,ASKAP-56924,low,60316.6,-0.3283,0.1818,-0.1279,0.1514,0.97,
J0531-4624,polar,ASKAP-68103,mid,60630.8,0.0248,0.1843,0.0877,0.1811,0.97,
J0531-4624,polar,ASKAP-75528,mid,60896.0,-0.0731,0.3038,-0.0588,0.2978,0.72,
J0531+0242,YSO,ASKAP-21603,mid,59233.6,-0.2586,0.3062,0.0976,0.3225,0.18,
J0531+0242,YSO,ASKAP-21651,mid,59234.5,0.2951,0.2882,0.5019,0.2570,0.57,
J0531+0242,YSO,ASKAP-21652,mid,59234.5,-0.0755,0.9042,0.8370,0.9331,0.46,
J0531+0242,YSO,ASKAP-21653,mid,59234.6,nan,nan,nan,nan,nan,
J0531+0242,YSO,ASKAP-35263,mid,59582.7,0.2405,0.5192,0.0483,0.4897,0.66,
J0531+0242,YSO,ASKAP-35409,mid,59585.6,-0.3261,0.3066,-0.2032,0.2773,0.59,
J0531+0242,YSO,ASKAP-35410,mid,59585.7,nan,nan,nan,nan,nan,
J0531+0242,YSO,ASKAP-35469,mid,59586.6,nan,nan,nan,nan,nan,
J0531+0242,YSO,ASKAP-38997,low,59675.4,-0.5099,0.5605,0.4534,0.3678,0.24,
J0531+0242,YSO,ASKAP-39066,low,59676.4,-0.3174,0.2456,-0.1482,0.1736,0.15,
J0531+0242,YSO,ASKAP-56195,low,60306.7,0.4924,0.3106,0.2488,0.2793,1.19,
J0531+0242,YSO,ASKAP-56269,low,60307.6,-0.0875,0.2774,-0.0961,0.1959,1.25,
J0531+0242,YSO,ASKAP-56270,low,60307.7,-0.0492,0.3500,-0.0015,0.3108,0.67,
J0531+0242,YSO,ASKAP-56271,low,60307.7,0.7848,0.5047,-0.9600,0.4977,1.15,
J0531+0242,YSO,ASKAP-67605,mid,60620.8,0.0319,0.2656,-0.2064,0.2317,0.60,
J0531+0242,YSO,ASKAP-67675,mid,60621.8,0.5443,0.7507,1.2559,0.6115,0.44,
J0531+0242,YSO,ASKAP-67676,mid,60621.8,-0.0819,0.3351,-0.0808,0.3182,0.18,
J0531+0242,YSO,ASKAP-74102,mid,60815.3,nan,nan,nan,nan,nan,failed: RuntimeError
J0537-0711,YSO,ASKAP-21058,mid,59223.6,-0.1213,0.2942,0.3594,0.2714,0.79,
J0537-0711,YSO,ASKAP-21654,mid,59234.6,0.1255,0.2489,-0.0743,0.2189,0.69,
J0537-0711,YSO,ASKAP-35470,mid,59586.6,-0.2521,0.4448,-0.0905,0.4136,0.88,
J0537-0711,YSO,ASKAP-35609,mid,59588.6,-0.2278,0.2132,0.3848,0.1896,0.77,
J0537-0711,YSO,ASKAP-39299,low,59681.4,0.0278,0.1574,-0.1684,0.1444,1.48,
J0537-0711,YSO,ASKAP-56415,low,60309.6,nan,nan,nan,nan,nan,
J0537-0711,YSO,ASKAP-56416,low,60309.7,0.8648,0.8511,-1.9052,0.8160,1.20,
J0537-0711,YSO,ASKAP-56417,low,60309.7,-0.0611,0.3136,-0.0647,0.2191,1.34,
J0537-0711,YSO,ASKAP-56716,low,60313.6,-0.1411,0.2024,-0.2072,0.1830,1.20,
J0537-0711,YSO,ASKAP-74101,mid,60815.3,nan,nan,nan,nan,nan,failed: RuntimeError
J0537-0711,YSO,ASKAP-74103,mid,60815.3,nan,nan,nan,nan,nan,failed: RuntimeError
J0539+0824,YSO,ASKAP-21540,mid,59232.6,0.0561,0.1937,0.1469,0.1339,1.10,
J0539+0824,YSO,ASKAP-35127,mid,59580.7,-0.1484,0.2187,-0.3488,0.1891,0.41,
J0539+0824,YSO,ASKAP-38997,low,59675.4,-0.1185,0.1854,0.1598,0.1394,1.14,
J0539+0824,YSO,ASKAP-56193,low,60306.7,nan,nan,nan,nan,nan,
J0539+0824,YSO,ASKAP-56194,low,60306.7,-0.1424,0.1881,0.0458,0.1319,1.22,
J0539+0824,YSO,ASKAP-56195,low,60306.7,nan,nan,nan,nan,nan,
J0539+0824,YSO,ASKAP-56269,low,60307.6,nan,nan,nan,nan,nan,
J0539+0824,YSO,ASKAP-67604,mid,60620.8,nan,nan,nan,nan,nan,
J0539+0824,YSO,ASKAP-67606,mid,60620.8,0.0499,0.1829,0.2099,0.1589,1.10,
J0540-0247,YSO,ASKAP-21058,mid,59223.6,-0.1975,0.1992,0.0413,0.1778,0.71,
J0540-0247,YSO,ASKAP-21653,mid,59234.6,-0.1240,1.0192,-0.8115,0.5844,0.63,
J0540-0247,YSO,ASKAP-35410,mid,59585.7,nan,nan,nan,nan,nan,
J0540-0247,YSO,ASKAP-35470,mid,59586.6,-0.2043,0.2216,0.0160,0.2025,0.54,
J0540-0247,YSO,ASKAP-39066,low,59676.4,0.6298,0.5375,0.2412,0.1965,1.30,
J0540-0247,YSO,ASKAP-39299,low,59681.4,0.1843,0.5203,-0.9192,0.4108,1.47,
J0540-0247,YSO,ASKAP-56271,low,60307.7,1.1313,0.7489,0.2082,0.3339,1.38,
J0540-0247,YSO,ASKAP-56417,low,60309.7,0.2472,0.3146,0.1781,0.1718,1.10,
J0540-0247,YSO,ASKAP-74101,mid,60815.3,nan,nan,nan,nan,nan,failed: RuntimeError
J0540-0247,YSO,ASKAP-74102,mid,60815.3,nan,nan,nan,nan,nan,failed: RuntimeError
J0541+0918,YSO,ASKAP-21540,mid,59232.6,-0.1816,0.1798,0.1782,0.1439,1.21,
J0541+0918,YSO,ASKAP-35127,mid,59580.7,-0.4255,0.2333,-0.1601,0.1920,0.75,
J0541+0918,YSO,ASKAP-38994,low,59675.4,-0.8248,0.5395,-0.2807,0.4730,1.31,
J0541+0918,YSO,ASKAP-38995,low,59675.4,0.2732,0.4867,-0.0852,0.4178,0.83,
J0541+0918,YSO,ASKAP-38997,low,59675.4,0.0115,0.2446,0.1052,0.1942,1.37,
J0541+0918,YSO,ASKAP-56193,low,60306.7,nan,nan,nan,nan,nan,
J0541+0918,YSO,ASKAP-56194,low,60306.7,0.0003,0.1734,0.0132,0.1372,0.51,
J0541+0918,YSO,ASKAP-67606,mid,60620.8,0.3591,0.1896,-0.1651,0.1753,1.21,
J0542-0308,YSO,ASKAP-21058,mid,59223.6,nan,nan,nan,nan,nan,failed: RuntimeError
J0542-0308,YSO,ASKAP-35470,mid,59586.6,nan,nan,nan,nan,nan,failed: RuntimeError
J0542-0308,YSO,ASKAP-39066,low,59676.4,nan,nan,nan,nan,nan,failed: RuntimeError
J0542-0308,YSO,ASKAP-39299,low,59681.4,nan,nan,nan,nan,nan,failed: RuntimeError
J0542-0308,YSO,ASKAP-56271,low,60307.7,nan,nan,nan,nan,nan,failed: RuntimeError
J0542-0308,YSO,ASKAP-56417,low,60309.7,nan,nan,nan,nan,nan,failed: RuntimeError
J0542-0308,YSO,ASKAP-74101,mid,60815.3,nan,nan,nan,nan,nan,failed: RuntimeError
J0551+0752,YSO,ASKAP-21540,mid,59232.6,nan,nan,nan,nan,nan,failed: RuntimeError
J0551+0752,YSO,ASKAP-21541,mid,59232.6,nan,nan,nan,nan,nan,failed: RuntimeError
J0551+0752,YSO,ASKAP-35127,mid,59580.7,nan,nan,nan,nan,nan,failed: RuntimeError
J0551+0752,YSO,ASKAP-38996,low,59675.4,nan,nan,nan,nan,nan,failed: RuntimeError
J0551+0752,YSO,ASKAP-38997,low,59675.4,nan,nan,nan,nan,nan,failed: RuntimeError
J0551+0752,YSO,ASKAP-56194,low,60306.7,nan,nan,nan,nan,nan,failed: RuntimeError
J0551+0752,YSO,ASKAP-56195,low,60306.7,nan,nan,nan,nan,nan,failed: RuntimeError
J0551+0752,YSO,ASKAP-56196,low,60306.7,nan,nan,nan,nan,nan,failed: RuntimeError
J0551+0752,YSO,ASKAP-56272,low,60307.7,nan,nan,nan,nan,nan,failed: RuntimeError
J0551+0752,YSO,ASKAP-67606,mid,60620.8,nan,nan,nan,nan,nan,failed: RuntimeError
J0551+0752,YSO,ASKAP-67676,mid,60621.8,nan,nan,nan,nan,nan,failed: RuntimeError
J0551+0752,YSO,ASKAP-67677,mid,60621.8,nan,nan,nan,nan,nan,failed: RuntimeError
J0551+0752,YSO,ASKAP-67678,mid,60621.8,nan,nan,nan,nan,nan,failed: RuntimeError
J0657-0615,YSO,ASKAP-21061,mid,59223.7,nan,nan,nan,nan,nan,failed: RuntimeError
J0657-0615,YSO,ASKAP-21062,mid,59223.7,nan,nan,nan,nan,nan,failed: RuntimeError
J0657-0615,YSO,ASKAP-35413,mid,59585.7,-0.3462,0.2253,0.2285,0.2178,0.22,
J0657-0615,YSO,ASKAP-35414,mid,59585.7,1.9706,1.5138,2.8507,1.3814,0.86,
J0657-0615,YSO,ASKAP-39069,low,59676.4,-0.2323,0.1768,-0.3422,0.1504,1.25,
J0657-0615,YSO,ASKAP-56421,low,60309.7,-0.1862,0.1903,-0.2955,0.1630,0.46,
J0657-0615,YSO,ASKAP-56587,low,60311.7,-0.4913,0.6791,-0.5471,0.5811,0.92,
J0657-0615,YSO,ASKAP-56588,low,60311.7,-0.9587,0.2783,0.0691,0.2798,0.57,
J0657-0615,YSO,ASKAP-56720,low,60313.7,nan,nan,nan,nan,nan,
J0657-0615,YSO,ASKAP-66877,mid,60603.9,nan,nan,nan,nan,nan,
J0657-0615,YSO,ASKAP-66878,mid,60603.9,nan,nan,nan,nan,nan,failed: RuntimeError
J0657-0615,YSO,ASKAP-67789,mid,60624.8,0.1615,0.2133,-0.0644,0.1996,0.79,
J0657-0615,YSO,ASKAP-67791,mid,60624.9,nan,nan,nan,nan,nan,
J0706+0324,polar,ASKAP-21475,mid,59231.6,0.1965,0.1854,-0.2614,0.1437,1.04,
J0706+0324,polar,ASKAP-35202,mid,59581.7,0.5664,0.2403,0.0867,0.2316,0.47,
J0706+0324,polar,ASKAP-38882,low,59673.5,-0.4475,0.2383,0.2011,0.1939,0.49,
J0706+0324,polar,ASKAP-38938,low,59674.5,-0.5991,0.3347,0.1554,0.2642,0.37,
J0706+0324,polar,ASKAP-40163,low,59702.4,-0.2089,0.2777,-0.2861,0.1893,0.49,
J0706+0324,polar,ASKAP-56199,low,60306.7,nan,nan,nan,nan,nan,
J0706+0324,polar,ASKAP-56275,low,60307.7,nan,nan,nan,nan,nan,
J0706+0324,polar,ASKAP-56276,low,60307.7,-0.2376,0.1784,0.0285,0.1248,1.17,
J0706+0324,polar,ASKAP-56422,low,60309.7,nan,nan,nan,nan,nan,
J0706+0324,polar,ASKAP-67611,mid,60620.9,-0.0189,0.1894,0.0397,0.1568,1.04,
J0706+0324,polar,ASKAP-67682,mid,60621.9,nan,nan,nan,nan,nan,
J0759-4412,YSO,ASKAP-22038,mid,59240.7,-0.3260,0.2714,0.5055,0.2463,1.01,
J0759-4412,YSO,ASKAP-22039,mid,59240.7,0.3220,0.6018,-0.4730,0.5663,1.03,
J0759-4412,YSO,ASKAP-22040,mid,59240.7,0.2921,0.2400,-0.0218,0.2179,1.35,
J0759-4412,YSO,ASKAP-35747,mid,59590.8,-0.8458,1.2322,-0.2827,1.2695,0.31,
J0759-4412,YSO,ASKAP-36133,mid,59598.7,-0.0590,0.2627,-0.0334,0.2454,0.39,
J0759-4412,YSO,ASKAP-36134,mid,59598.7,-0.5105,0.2772,-0.1652,0.2578,0.54,
J0759-4412,YSO,ASKAP-39309,low,59681.5,-0.0401,0.9126,-0.4701,0.8660,0.77,
J0759-4412,YSO,ASKAP-39403,low,59683.5,-0.1072,0.1644,-0.1631,0.1376,1.24,
J0759-4412,YSO,ASKAP-56851,low,60315.7,nan,nan,nan,nan,nan,
J0759-4412,YSO,ASKAP-56932,low,60316.7,0.0839,0.2390,-0.1350,0.2188,0.65,
J0759-4412,YSO,ASKAP-56933,low,60316.7,0.1293,0.2069,0.0561,0.1881,0.57,
J0759-4412,YSO,ASKAP-56934,low,60316.7,-0.0852,0.2787,-0.2549,0.2553,0.76,
J0759-4412,YSO,ASKAP-67474,mid,60617.9,nan,nan,nan,nan,nan,
J0759-4412,YSO,ASKAP-67475,mid,60617.9,0.0186,0.3221,-0.1464,0.2486,1.35,
J0759-4412,YSO,ASKAP-67858,mid,60625.9,0.0679,0.2507,-0.0208,0.2399,0.98,
J0759-4412,YSO,ASKAP-67859,mid,60625.9,-0.3484,0.6317,0.2819,0.6308,0.99,
J0759-4412,YSO,ASKAP-69324,mid,60658.8,0.3607,0.2359,0.0488,0.2409,1.32,
J0808-0935,unclear,ASKAP-21611,mid,59233.7,-0.0241,0.1703,0.2026,0.1404,0.54,
J0808-0935,unclear,ASKAP-35478,mid,59586.8,-0.2259,0.1681,-0.0032,0.1462,0.34,
J0808-0935,unclear,ASKAP-38941,low,59674.5,-0.1098,0.2933,-0.1502,0.2585,1.42,
J0808-0935,unclear,ASKAP-39073,low,59676.5,-0.2623,0.3080,0.1718,0.2207,0.57,
J0808-0935,unclear,ASKAP-56591,low,60311.8,nan,nan,nan,nan,nan,
J0808-0935,unclear,ASKAP-56726,low,60313.8,0.2894,0.2129,0.0037,0.1354,1.59,
J0808-0935,unclear,ASKAP-67440,mid,60616.9,-0.1800,0.1731,0.0808,0.1409,0.54,
J0808-0935,unclear,ASKAP-67685,mid,60621.9,nan,nan,nan,nan,nan,
J0815-1903,polar,ASKAP-21837,mid,59237.6,0.2539,0.3212,0.1052,0.3081,0.96,
J0815-1903,polar,ASKAP-21838,mid,59237.7,0.1620,0.1679,0.4276,0.1452,0.34,
J0815-1903,polar,ASKAP-35477,mid,59586.7,0.2021,0.4741,0.1882,0.4608,0.77,
J0815-1903,polar,ASKAP-35551,mid,59587.8,-0.1596,0.1624,0.1979,0.1687,0.85,
J0815-1903,polar,ASKAP-39074,low,59676.5,0.1254,0.1811,0.1597,0.1515,1.14,
J0815-1903,polar,ASKAP-56725,low,60313.7,-0.4017,0.3102,0.2156,0.2464,0.71,
J0815-1903,polar,ASKAP-56776,low,60314.8,0.1518,0.2149,-0.2795,0.1940,0.18,
J0815-1903,polar,ASKAP-67284,mid,60612.9,0.2361,0.3290,0.1020,0.3151,0.99,
J0815-1903,polar,ASKAP-67715,mid,60622.9,-0.3702,0.2059,0.0466,0.2126,0.34,
J0815-1903,polar,ASKAP-69369,mid,60659.8,-0.0551,0.1819,-0.0213,0.1714,0.34,
J0842-4811,YSO,ASKAP-22335,mid,59246.7,1.0366,1.0906,0.2613,1.2102,0.57,
J0842-4811,YSO,ASKAP-22336,mid,59246.7,0.1566,0.1576,0.1442,0.1482,0.78,
J0842-4811,YSO,ASKAP-22338,mid,59246.7,nan,nan,nan,nan,nan,
J0842-4811,YSO,ASKAP-35748,mid,59590.8,0.1200,0.1923,-0.3575,0.2032,0.81,
J0842-4811,YSO,ASKAP-39404,low,59683.5,-0.1072,0.1665,-0.3163,0.1496,0.68,
J0842-4811,YSO,ASKAP-56934,low,60316.7,nan,nan,nan,nan,nan,
J0842-4811,YSO,ASKAP-56936,low,60316.8,0.1380,0.1767,0.1189,0.1456,0.45,
J0842-4811,YSO,ASKAP-56937,low,60316.8,-0.4195,0.5881,0.5021,0.5249,1.05,
J0842-4811,YSO,ASKAP-57057,low,60318.7,0.4164,0.5696,0.0491,0.4420,1.17,
J0842-4811,YSO,ASKAP-57968,low,60335.6,-0.1032,0.1528,-0.1323,0.1356,0.45,
J0842-4811,YSO,ASKAP-67797,mid,60624.9,-0.0997,0.1845,-0.0496,0.1726,0.76,
J0842-4811,YSO,ASKAP-67798,mid,60624.9,nan,nan,nan,nan,nan,
J0842-4811,YSO,ASKAP-67860,mid,60625.9,0.5501,0.9255,2.2840,0.8717,0.55,
J0842-4811,YSO,ASKAP-75706,mid,60900.1,-0.1982,0.1604,0.1041,0.1649,0.76,
J1125+5012,unclear,ASKAP-57653,low,60327.8,nan,nan,nan,nan,nan,
J1125+5012,unclear,ASKAP-57654,low,60327.8,nan,nan,nan,nan,nan,
J1125+5012,unclear,ASKAP-66382,mid,60589.1,nan,nan,nan,nan,nan,
J1201-7835,YSO,ASKAP-22116,mid,59242.0,0.2001,0.4022,1.0041,0.3965,0.63,
J1201-7835,YSO,ASKAP-22469,mid,59250.8,0.2809,0.1835,0.1087,0.1757,0.66,
J1201-7835,YSO,ASKAP-36474,mid,59604.8,-0.2470,0.6150,-1.3424,0.6189,0.52,
J1201-7835,YSO,ASKAP-36593,mid,59606.8,0.2591,0.1972,0.2153,0.1945,0.58,
J1201-7835,YSO,ASKAP-38322,low,59656.7,-0.1786,0.2576,-0.2201,0.2050,1.20,
J1201-7835,YSO,ASKAP-39314,low,59681.6,0.3537,0.2932,-0.0574,0.2920,0.58,
J1201-7835,YSO,ASKAP-57520,low,60325.8,0.5393,0.2518,-0.0807,0.2326,0.62,
J1201-7835,YSO,ASKAP-57522,low,60325.8,nan,nan,nan,nan,nan,
J1201-7835,YSO,ASKAP-57525,low,60325.9,0.1624,0.2458,-0.0215,0.2024,1.19,
J1201-7835,YSO,ASKAP-68122,mid,60631.0,-0.0118,0.3576,0.3928,0.3256,0.60,
J1201-7835,YSO,ASKAP-68298,mid,60635.0,0.0033,0.1765,-0.0018,0.1869,0.66,
J1226-2304,unclear,ASKAP-21495,mid,59231.9,0.0094,0.1516,-0.2262,0.1343,1.03,
J1226-2304,unclear,ASKAP-21563,mid,59232.9,0.4627,0.7863,0.4199,0.7953,0.77,
J1226-2304,unclear,ASKAP-35628,mid,59588.9,-0.1897,0.1608,-0.2507,0.1570,0.62,
J1226-2304,unclear,ASKAP-38897,low,59673.7,0.3048,0.2039,-0.0940,0.2182,0.68,
J1226-2304,unclear,ASKAP-38954,low,59674.7,0.0257,0.2851,-0.1039,0.2642,1.04,
J1226-2304,unclear,ASKAP-40178,low,59702.6,0.0944,0.2148,0.2244,0.2160,0.68,
J1226-2304,unclear,ASKAP-56670,low,60312.9,0.0768,0.1489,-0.0319,0.1376,1.36,
J1226-2304,unclear,ASKAP-56789,low,60314.9,-0.5690,0.4961,-1.4710,0.5346,1.04,
J1226-2304,unclear,ASKAP-67488,mid,60618.1,-0.0514,0.1951,-0.0193,0.1832,1.04,
J1226-2304,unclear,ASKAP-67698,mid,60622.1,-0.7595,1.0240,-0.3383,0.9913,0.73,
J1226-2304,unclear,ASKAP-69267,mid,60658.0,-0.2000,0.1614,-0.1603,0.1436,1.04,
J1301-4702,YSO,ASKAP-21856,mid,59237.9,0.1997,0.1584,0.2130,0.1424,0.28,
J1301-4702,YSO,ASKAP-21923,mid,59238.9,0.6819,0.4384,0.2124,0.4217,0.80,
J1301-4702,YSO,ASKAP-36482,mid,59604.9,0.2771,0.7674,-0.9009,0.7355,0.32,
J1301-4702,YSO,ASKAP-36652,mid,59607.9,-0.1688,0.1645,0.1462,0.1553,0.47,
J1301-4702,YSO,ASKAP-38321,low,59656.7,0.3912,0.2568,0.2920,0.2431,1.21,
J1301-4702,YSO,ASKAP-39137,low,59677.7,-0.4398,0.3932,-0.0842,0.1862,1.02,
J1301-4702,YSO,ASKAP-39138,low,59677.7,nan,nan,nan,nan,nan,
J1301-4702,YSO,ASKAP-40790,low,59719.5,-0.0609,0.2414,-0.0894,0.2129,1.02,
J1301-4702,YSO,ASKAP-40791,low,59719.5,-1.1561,1.1974,1.2576,1.1004,0.24,
J1301-4702,YSO,ASKAP-57072,low,60318.9,0.2211,0.2719,-0.1514,0.2642,1.01,
J1301-4702,YSO,ASKAP-57073,low,60318.9,nan,nan,nan,nan,nan,
J1301-4702,YSO,ASKAP-57135,low,60319.9,0.1321,0.1594,-0.2518,0.1665,1.24,
J1301-4702,YSO,ASKAP-57136,low,60320.0,nan,nan,nan,nan,nan,
J1301-4702,YSO,ASKAP-68065,mid,60630.1,-0.5000,0.4190,0.6674,0.4213,0.81,
J1301-4702,YSO,ASKAP-73821,mid,60811.6,nan,nan,nan,nan,nan,failed: RuntimeError
J1305-5502,YSO,ASKAP-22052,mid,59240.9,-0.2432,0.1734,-0.1079,0.1407,0.07,
J1305-5502,YSO,ASKAP-22053,mid,59240.9,nan,nan,nan,nan,nan,
J1305-5502,YSO,ASKAP-36544,mid,59605.9,-0.0219,0.1637,-0.0705,0.1559,0.78,
J1305-5502,YSO,ASKAP-39171,low,59678.6,-0.0042,0.1590,-0.1091,0.1456,1.15,
J1305-5502,YSO,ASKAP-57073,low,60318.9,nan,nan,nan,nan,nan,
J1305-5502,YSO,ASKAP-57074,low,60318.9,-0.0601,0.1740,-0.2104,0.1880,1.07,
J1305-5502,YSO,ASKAP-57136,low,60320.0,nan,nan,nan,nan,nan,
J1305-5502,YSO,ASKAP-57225,low,60321.9,-0.3722,0.5338,-0.7204,0.4705,1.66,
J1305-5502,YSO,ASKAP-68129,mid,60631.1,0.0120,0.1702,-0.0791,0.1650,0.06,
J1305-5502,YSO,ASKAP-68166,mid,60632.0,nan,nan,nan,nan,nan,
J1325+0600,YSO,ASKAP-20802,mid,59217.9,-0.6091,0.2302,0.2121,0.2242,1.23,
J1325+0600,YSO,ASKAP-21976,mid,59239.9,0.2087,0.2549,0.1890,0.2394,1.13,
J1325+0600,YSO,ASKAP-36220,mid,59599.9,-0.2668,0.4362,-0.4655,0.5011,0.36,
J1325+0600,YSO,ASKAP-36221,mid,59599.9,0.0018,0.4811,0.4929,0.4517,0.76,
J1325+0600,YSO,ASKAP-38684,low,59667.7,-0.4742,0.1993,0.0992,0.1277,1.18,
J1325+0600,YSO,ASKAP-56370,low,60309.0,nan,nan,nan,nan,nan,
J1325+0600,YSO,ASKAP-56525,low,60311.0,-0.2582,0.2539,-0.0883,0.1895,1.39,
J1325+0600,YSO,ASKAP-57077,low,60319.0,1.2160,1.0011,-0.8961,0.8770,1.46,
J1325+0600,YSO,ASKAP-57360,low,60323.9,-0.0292,0.3167,0.0596,0.2348,1.37,
J1325+0600,YSO,ASKAP-67302,mid,60613.1,nan,nan,nan,nan,nan,
J1325+0600,YSO,ASKAP-67345,mid,60614.1,0.1188,0.3114,-0.3391,0.2803,1.23,
J1325+0600,YSO,ASKAP-67408,mid,60616.2,0.0279,0.2752,-0.0504,0.2546,1.14,
J1409-4517,polar,ASKAP-22057,mid,59240.9,-0.0926,0.4984,-0.0519,0.1383,0.37,
J1409-4517,polar,ASKAP-36706,mid,59609.0,0.2638,0.4326,0.1184,0.2089,0.33,
J1409-4517,polar,ASKAP-39139,low,59677.7,-0.0022,1.4077,-0.1995,0.1578,0.68,
J1409-4517,polar,ASKAP-39175,low,59678.7,0.3677,1.5520,0.0244,0.5740,0.96,
J1409-4517,polar,ASKAP-40841,low,59720.6,0.1656,1.4268,-0.0133,0.1626,0.66,
J1409-4517,polar,ASKAP-57593,low,60326.9,nan,nan,nan,nan,nan,
J1409-4517,polar,ASKAP-57843,low,60330.9,nan,nan,nan,nan,nan,
J1409-4517,polar,ASKAP-57988,low,60335.9,-0.0498,1.2722,0.0479,0.1378,0.76,
J1409-4517,polar,ASKAP-57989,low,60335.9,nan,nan,nan,nan,nan,
J1409-4517,polar,ASKAP-68995,mid,60652.0,0.1413,0.6058,0.1706,0.1927,0.37,
J1425-6837,CV,ASKAP-33644,mid,59536.1,-0.0682,0.1637,-0.0970,0.1720,0.14,
J1425-6837,CV,ASKAP-36751,mid,59609.9,-0.1714,0.1905,-0.2729,0.1819,0.34,
J1425-6837,CV,ASKAP-37100,mid,59613.9,0.2433,0.1867,-0.0541,0.1770,0.07,
J1425-6837,CV,ASKAP-37889,mid,59642.8,0.1416,0.1626,-0.0099,0.1499,1.08,
J1425-6837,CV,ASKAP-39319,low,59681.7,-0.1272,0.1584,0.1123,0.1397,1.29,
J1425-6837,CV,ASKAP-39320,low,59681.7,0.2047,0.1571,0.0380,0.1341,1.39,
J1425-6837,CV,ASKAP-58063,low,60336.9,nan,nan,nan,nan,nan,
J1425-6837,CV,ASKAP-58064,low,60336.9,0.4462,0.1527,-0.2267,0.1460,0.98,
J1425-6837,CV,ASKAP-58065,low,60336.9,-0.3732,0.1632,0.2273,0.1249,1.04,
J1425-6837,CV,ASKAP-58227,low,60338.9,nan,nan,nan,nan,nan,
J1425-6837,CV,ASKAP-58912,low,60349.9,nan,nan,nan,nan,nan,
J1425-6837,CV,ASKAP-58913,low,60349.9,nan,nan,nan,nan,nan,
J1425-6837,CV,ASKAP-69341,mid,60659.0,-0.1486,0.1615,0.2656,0.1642,0.14,
J1425-6837,CV,ASKAP-69385,mid,60660.0,0.2169,0.1829,0.1898,0.1773,1.08,
J1453-5521,polar,ASKAP-22351,mid,59246.9,-0.0018,0.1817,-0.0749,0.1588,1.12,
J1453-5521,polar,ASKAP-23864,mid,59275.8,nan,nan,nan,nan,nan,
J1453-5521,polar,ASKAP-36602,mid,59607.0,-0.0783,0.1509,-0.0952,0.1550,0.32,
J1453-5521,polar,ASKAP-39217,low,59679.7,0.3530,0.4442,-0.1832,0.4272,0.63,
J1453-5521,polar,ASKAP-39418,low,59683.7,0.2153,0.1952,0.1188,0.1619,1.17,
J1453-5521,polar,ASKAP-58144,low,60337.9,-0.0362,0.1862,0.3075,0.1576,0.29,
J1453-5521,polar,ASKAP-58860,low,60348.9,-0.1921,0.4758,-0.6826,0.4998,1.21,
J1453-5521,polar,ASKAP-69388,mid,60660.0,-0.0863,0.1986,0.1601,0.1794,1.13,
J1453-5521,polar,ASKAP-75734,mid,60900.4,nan,nan,nan,nan,nan,
J1559-2236,YSO,ASKAP-21505,mid,59232.0,-0.0110,0.1556,0.1414,0.1445,0.43,
J1559-2236,YSO,ASKAP-36158,mid,59599.0,0.0851,0.1823,-0.0279,0.1929,0.81,
J1559-2236,YSO,ASKAP-39093,low,59676.8,nan,nan,nan,nan,nan,
J1559-2236,YSO,ASKAP-39094,low,59676.8,-1.0761,0.8477,0.0084,0.8125,0.39,
J1559-2236,YSO,ASKAP-39257,low,59680.7,0.0215,0.2160,-0.1715,0.2028,0.94,
J1559-2236,YSO,ASKAP-58154,low,60338.0,nan,nan,nan,nan,nan,
J1559-2236,YSO,ASKAP-58236,low,60339.0,nan,nan,nan,nan,nan,
J1559-2236,YSO,ASKAP-58237,low,60339.0,0.2618,0.1508,-0.0546,0.1325,1.19,
J1559-2236,YSO,ASKAP-68944,mid,60650.2,-0.2498,0.1665,0.0520,0.1542,0.43,
J1602-2231,YSO,ASKAP-21505,mid,59232.0,0.3147,0.1445,0.1467,0.1431,0.61,
J1602-2231,YSO,ASKAP-36158,mid,59599.0,0.0074,0.1817,-0.0065,0.1792,0.23,
J1602-2231,YSO,ASKAP-39094,low,59676.8,0.4772,0.5679,-0.8570,0.5977,1.00,
J1602-2231,YSO,ASKAP-39257,low,59680.7,-0.3614,0.2396,-0.0021,0.2172,0.71,
J1602-2231,YSO,ASKAP-39258,low,59680.8,0.0633,0.8027,-0.7888,0.6808,1.03,
J1602-2231,YSO,ASKAP-58154,low,60338.0,nan,nan,nan,nan,nan,
J1602-2231,YSO,ASKAP-58236,low,60339.0,nan,nan,nan,nan,nan,
J1602-2231,YSO,ASKAP-58237,low,60339.0,0.0327,0.1553,-0.0975,0.1413,0.51,
J1602-2231,YSO,ASKAP-68944,mid,60650.2,0.1307,0.1744,0.1027,0.1597,0.61,
J1606-2258,YSO,ASKAP-21505,mid,59232.0,0.1088,0.1502,0.1922,0.1386,0.11,
J1606-2258,YSO,ASKAP-36158,mid,59599.0,-0.0651,0.1540,-0.0807,0.1484,0.37,
J1606-2258,YSO,ASKAP-39257,low,59680.7,0.0661,0.5383,-0.7411,0.5113,1.28,
J1606-2258,YSO,ASKAP-39258,low,59680.8,0.0905,0.2609,-0.1648,0.2045,1.31,
J1606-2258,YSO,ASKAP-57598,low,60327.1,-0.3758,0.8226,-0.0008,0.7650,0.68,
J1606-2258,YSO,ASKAP-58237,low,60339.0,0.0612,0.2037,-0.3266,0.1528,0.62,
J1606-2258,YSO,ASKAP-68944,mid,60650.2,0.1492,0.1838,-0.1786,0.1714,0.13,
J1617-2509,YSO,ASKAP-21506,mid,59232.1,-0.0032,0.1620,0.0492,0.1345,1.11,
J1617-2509,YSO,ASKAP-21689,mid,59235.0,nan,nan,nan,nan,nan,
J1617-2509,YSO,ASKAP-36159,mid,59599.1,-0.0283,0.2030,-0.1169,0.1920,0.97,
J1617-2509,YSO,ASKAP-39258,low,59680.8,0.3275,0.1893,-0.1594,0.1445,1.44,
J1617-2509,YSO,ASKAP-56374,low,60309.1,0.1568,0.3838,0.2788,0.3224,1.00,
J1617-2509,YSO,ASKAP-56375,low,60309.1,nan,nan,nan,nan,nan,
J1617-2509,YSO,ASKAP-57598,low,60327.1,0.0224,0.1966,0.0725,0.1540,0.68,
J1617-2509,YSO,ASKAP-58237,low,60339.0,nan,nan,nan,nan,nan,
J1617-2509,YSO,ASKAP-66905,mid,60604.3,nan,nan,nan,nan,nan,
J1617-2509,YSO,ASKAP-68071,mid,60630.2,-0.5096,0.9734,-0.7355,0.9578,1.18,
J1617-2509,YSO,ASKAP-68072,mid,60630.2,-0.3895,0.1815,0.0466,0.1693,1.09,
J1657-2631,unclear,ASKAP-23925,mid,59277.0,0.2199,0.1498,0.3544,0.1341,0.78,
J1657-2631,unclear,ASKAP-35700,mid,59590.1,0.0627,0.1789,0.0559,0.1667,0.45,
J1657-2631,unclear,ASKAP-39095,low,59676.8,0.1587,0.2625,-0.3324,0.2184,0.98,
J1657-2631,unclear,ASKAP-39096,low,59676.8,0.1128,0.3196,0.0075,0.3273,1.31,
J1657-2631,unclear,ASKAP-56150,low,60306.2,0.9959,0.7261,1.4229,0.6256,1.07,
J1657-2631,unclear,ASKAP-56376,low,60309.1,nan,nan,nan,nan,nan,
J1657-2631,unclear,ASKAP-56377,low,60309.1,0.0081,0.1645,-0.1150,0.1511,0.97,
J1657-2631,unclear,ASKAP-66906,mid,60604.3,nan,nan,nan,nan,nan,
J1657-2631,unclear,ASKAP-66907,mid,60604.3,-0.0598,0.1689,-0.1018,0.1519,0.78,
J1657-2631,unclear,ASKAP-67813,mid,60625.3,nan,nan,nan,nan,nan,
J1800+0810,polar,ASKAP-21869,mid,59238.1,-0.0266,0.1636,0.0282,0.1529,0.58,
J1800+0810,polar,ASKAP-36233,mid,59600.1,-0.4153,0.2602,-0.0436,0.2449,0.69,
J1800+0810,polar,ASKAP-38913,low,59673.9,1.4636,0.8023,0.0966,0.1368,0.66,
J1800+0810,polar,ASKAP-40355,low,59707.8,0.0631,0.1922,-0.1568,0.1362,0.66,
J1800+0810,polar,ASKAP-56883,low,60316.2,nan,nan,nan,nan,nan,
J1800+0810,polar,ASKAP-57010,low,60318.2,nan,nan,nan,nan,nan,
J1800+0810,polar,ASKAP-57093,low,60319.1,nan,nan,nan,nan,nan,
J1800+0810,polar,ASKAP-57724,low,60329.1,-0.1552,0.2471,0.1486,0.1545,1.22,
J1800+0810,polar,ASKAP-68357,mid,60636.3,0.1501,0.1828,0.0432,0.1725,0.58,
J1828+2823,YSO,ASKAP-20818,mid,59218.2,nan,nan,nan,nan,nan,
J1828+2823,YSO,ASKAP-21625,mid,59234.1,-0.2424,0.1830,-0.1569,0.1396,0.71,
J1828+2823,YSO,ASKAP-35236,mid,59582.2,-0.1286,0.2087,0.0293,0.1831,0.98,
J1828+2823,YSO,ASKAP-38571,low,59663.9,0.1039,0.2802,-0.1197,0.2276,0.77,
J1828+2823,YSO,ASKAP-38572,low,59663.9,-0.7256,0.2986,-0.1446,0.2351,1.43,
J1828+2823,YSO,ASKAP-56154,low,60306.2,nan,nan,nan,nan,nan,
J1828+2823,YSO,ASKAP-56540,low,60311.2,0.1669,0.6826,0.5576,0.6078,0.19,
J1828+2823,YSO,ASKAP-56542,low,60311.2,-0.0536,0.2064,0.2353,0.1507,1.40,
J1828+2823,YSO,ASKAP-67421,mid,60616.3,nan,nan,nan,nan,nan,
J1828+2823,YSO,ASKAP-67459,mid,60617.4,0.0423,0.1721,0.0432,0.1640,0.70,
J1829+0015,YSO,ASKAP-21992,mid,59240.1,0.2050,0.7294,1.3812,0.7193,1.17,
J1829+0015,YSO,ASKAP-21996,mid,59240.1,0.0554,0.2203,-0.0295,0.1717,0.99,
J1829+0015,YSO,ASKAP-35842,mid,59592.2,nan,nan,nan,nan,nan,
J1829+0015,YSO,ASKAP-36166,mid,59599.2,-0.1231,0.2061,0.0986,0.1846,0.49,
J1829+0015,YSO,ASKAP-38915,low,59673.9,-0.1715,0.5369,-0.1194,0.1601,0.80,
J1829+0015,YSO,ASKAP-40357,low,59707.8,0.1599,0.2261,0.0471,0.1529,0.80,
J1829+0015,YSO,ASKAP-56382,low,60309.2,-0.0542,0.2140,0.2916,0.1653,1.05,
J1829+0015,YSO,ASKAP-57094,low,60319.2,0.0649,0.5796,0.2502,0.5144,1.23,
J1829+0015,YSO,ASKAP-68358,mid,60636.3,-0.8143,0.8245,-0.4745,0.7558,1.19,
J1829+0015,YSO,ASKAP-68570,mid,60641.3,0.1234,0.1964,-0.1001,0.1701,0.98,
J1845-2146,unclear,ASKAP-21439,mid,59231.2,-0.0255,0.1427,-0.0006,0.1381,1.35,
J1845-2146,unclear,ASKAP-36294,mid,59601.2,-0.1937,0.2076,-0.2048,0.2063,0.49,
J1845-2146,unclear,ASKAP-39100,low,59676.9,-0.2197,0.4866,0.8687,0.4431,1.30,
J1845-2146,unclear,ASKAP-39101,low,59676.9,-0.7470,1.0988,-0.2973,1.0221,0.60,
J1845-2146,unclear,ASKAP-39102,low,59676.9,-0.3363,0.2091,0.1125,0.2078,0.65,
J1845-2146,unclear,ASKAP-56965,low,60317.2,1.8964,1.0980,2.0845,1.0022,1.31,
J1845-2146,unclear,ASKAP-57234,low,60322.2,-0.0665,0.1832,-0.1285,0.1600,1.00,
J1845-2146,unclear,ASKAP-57377,low,60324.2,0.3348,0.6182,-0.8439,0.6817,1.37,
J1845-2146,unclear,ASKAP-57606,low,60327.2,-1.0084,0.9200,-0.4022,0.8433,1.00,
J1845-2146,unclear,ASKAP-66862,mid,60603.4,-0.0765,0.1613,0.4176,0.1590,1.36,
J1845-2146,unclear,ASKAP-66863,mid,60603.4,nan,nan,nan,nan,nan,
J1845-2146,unclear,ASKAP-67353,mid,60614.4,nan,nan,nan,nan,nan,
J1912-4410,pulsar,ASKAP-20363,mid,59209.2,0.5588,0.2314,0.4599,0.2092,0.87,
J1912-4410,pulsar,ASKAP-20403,mid,59210.2,0.2660,0.2191,-0.0030,0.2002,1.24,
J1912-4410,pulsar,ASKAP-35023,mid,59579.2,-0.1610,0.2609,-0.4042,0.2777,0.27,
J1912-4410,pulsar,ASKAP-36615,mid,59607.2,0.5098,0.2499,-0.3011,0.2325,0.81,
J1912-4410,pulsar,ASKAP-38607,low,59665.0,0.6757,0.3732,-0.5260,0.3538,1.10,
J1912-4410,pulsar,ASKAP-38750,low,59669.0,-0.0424,0.1736,-0.0515,0.1340,0.95,
J1912-4410,pulsar,ASKAP-55677,low,60300.3,0.2972,0.1871,0.0472,0.1674,0.28,
J1912-4410,pulsar,ASKAP-56306,low,60308.2,0.0649,0.2182,-0.0392,0.1853,1.28,
J1912-4410,pulsar,ASKAP-56307,low,60308.3,nan,nan,nan,nan,nan,
J1912-4410,pulsar,ASKAP-68913,mid,60649.3,0.3215,0.2456,-0.5658,0.2309,1.23,
J1912-4410,pulsar,ASKAP-73752,mid,60808.9,nan,nan,nan,nan,nan,failed: RuntimeError
J1917-1231,YSO,ASKAP-20446,mid,59211.2,-0.1870,0.2101,-0.1851,0.1761,0.67,
J1917-1231,YSO,ASKAP-22484,mid,59251.1,-0.1812,0.2931,-0.2128,0.2796,0.53,
J1917-1231,YSO,ASKAP-35024,mid,59579.2,-0.0871,0.3232,0.2400,0.2937,0.43,
J1917-1231,YSO,ASKAP-36295,mid,59601.2,-0.5640,0.6230,-0.0956,0.5198,0.70,
J1917-1231,YSO,ASKAP-37571,mid,59633.0,-0.0127,0.2357,0.1252,0.2372,0.43,
J1917-1231,YSO,ASKAP-39151,low,59677.9,0.0207,0.1520,-0.0327,0.1231,0.54,
J1917-1231,YSO,ASKAP-40876,low,59721.8,-0.2607,0.1946,-0.0388,0.1337,0.54,
J1917-1231,YSO,ASKAP-56966,low,60317.2,nan,nan,nan,nan,nan,
J1917-1231,YSO,ASKAP-57096,low,60319.2,-0.9332,0.7191,-0.4132,0.6637,0.39,
J1917-1231,YSO,ASKAP-57378,low,60324.2,0.2065,0.3452,-0.1749,0.3176,0.48,
J1917-1231,YSO,ASKAP-57729,low,60329.2,-0.0997,0.1945,0.3500,0.1792,0.84,
J1917-1231,YSO,ASKAP-68318,mid,60635.3,-0.3973,0.3711,-0.1783,0.3500,0.56,
J1917-1231,YSO,ASKAP-68361,mid,60636.3,-0.1355,0.2089,-0.1578,0.2087,0.66,
J1929-5603,polar,ASKAP-20274,mid,59207.2,-0.2176,0.1517,-0.1118,0.1413,0.37,
J1929-5603,polar,ASKAP-36616,mid,59607.2,-0.0629,0.1848,-0.3070,0.1753,0.78,
J1929-5603,polar,ASKAP-38605,low,59665.0,0.1363,0.1677,0.1978,0.1304,1.13,
J1929-5603,polar,ASKAP-57181,low,60321.3,nan,nan,nan,nan,nan,
J1929-5603,polar,ASKAP-57182,low,60321.3,nan,nan,nan,nan,nan,
J1929-5603,polar,ASKAP-57379,low,60324.2,0.0993,0.1869,-0.1368,0.1458,1.44,
J1929-5603,polar,ASKAP-58087,low,60337.1,nan,nan,nan,nan,nan,
J1929-5603,polar,ASKAP-58088,low,60337.1,nan,nan,nan,nan,nan,
J1929-5603,polar,ASKAP-68914,mid,60649.3,0.1475,0.1699,0.1939,0.1619,0.36,
J2059-0747,unclear,ASKAP-20451,mid,59211.3,-0.2022,0.5891,-0.7061,0.5540,0.37,
J2059-0747,unclear,ASKAP-20452,mid,59211.3,0.0562,0.1656,0.0736,0.1538,0.92,
J2059-0747,unclear,ASKAP-35926,mid,59594.3,0.0909,0.2010,0.1895,0.1769,0.87,
J2059-0747,unclear,ASKAP-36100,mid,59598.2,nan,nan,nan,nan,nan,
J2059-0747,unclear,ASKAP-39272,low,59681.0,0.0000,0.2047,0.3337,0.1681,1.07,
J2059-0747,unclear,ASKAP-56684,low,60313.3,nan,nan,nan,nan,nan,
J2059-0747,unclear,ASKAP-56685,low,60313.3,0.0224,0.4283,0.0876,0.4152,1.25,
J2059-0747,unclear,ASKAP-56686,low,60313.3,-0.7223,0.4753,-0.3457,0.4848,1.15,
J2059-0747,unclear,ASKAP-56894,low,60316.3,-0.5028,0.1732,-0.0693,0.1499,1.26,
J2059-0747,unclear,ASKAP-68578,mid,60641.4,0.7433,0.7767,0.4997,0.8630,0.35,
J2059-0747,unclear,ASKAP-69189,mid,60656.3,-0.1443,0.1955,0.0365,0.1638,0.95,
J2101-1616,unclear,ASKAP-21375,mid,59230.2,0.1619,0.3696,0.3773,0.3649,1.19,
J2101-1616,unclear,ASKAP-21376,mid,59230.2,0.1096,0.2108,-0.2077,0.2068,1.18,
J2101-1616,unclear,ASKAP-21808,mid,59237.2,0.1840,0.3089,0.0868,0.3220,0.65,
J2101-1616,unclear,ASKAP-35925,mid,59594.3,-0.6762,0.5216,-0.0568,0.4954,0.66,
J2101-1616,unclear,ASKAP-36172,mid,59599.2,0.6330,0.2957,0.1905,0.2672,0.72,
J2101-1616,unclear,ASKAP-36301,mid,59601.3,0.2476,0.4549,0.9096,0.4335,0.27,
J2101-1616,unclear,ASKAP-37575,mid,59633.1,0.2445,0.3473,0.4054,0.3288,0.72,
J2101-1616,unclear,ASKAP-37580,mid,59633.2,-0.5854,0.4640,0.0489,0.4683,0.27,
J2101-1616,unclear,ASKAP-37814,mid,59641.1,-1.0098,0.6244,0.1833,0.6244,0.66,
J2101-1616,unclear,ASKAP-39188,low,59679.0,-0.1806,0.2093,0.3067,0.1746,1.53,
J2101-1616,unclear,ASKAP-39189,low,59679.0,0.3810,0.5396,-0.0468,0.5028,1.49,
J2101-1616,unclear,ASKAP-56893,low,60316.3,-0.0495,0.2055,-0.0875,0.1696,0.86,
J2101-1616,unclear,ASKAP-56970,low,60317.3,-0.0881,0.3483,-0.2089,0.2984,0.84,
J2101-1616,unclear,ASKAP-56971,low,60317.3,0.2517,0.2480,0.0874,0.2263,0.50,
J2101-1616,unclear,ASKAP-57380,low,60324.3,0.3954,0.7043,-0.6607,0.6461,0.87,
J2101-1616,unclear,ASKAP-68325,mid,60635.4,0.9663,0.4854,-0.9548,0.4544,1.15,
J2101-1616,unclear,ASKAP-68326,mid,60635.4,0.3160,0.3296,0.3423,0.3258,1.21,
J2101-1616,unclear,ASKAP-69188,mid,60656.3,-0.2165,0.3291,-0.2205,0.3170,0.62,
J2101-1616,unclear,ASKAP-69297,mid,60658.3,-0.4088,0.4829,-0.0602,0.4608,1.15,
J2101-1616,unclear,ASKAP-69298,mid,60658.3,0.1513,0.2577,0.0376,0.2449,1.21,
J2101-1616,unclear,ASKAP-74159,mid,60816.9,nan,nan,nan,nan,nan,failed: RuntimeError
J2101-1616,unclear,ASKAP-75453,mid,60894.6,-0.2937,0.4361,0.1274,0.4106,1.15,
J2119-2308,unclear,ASKAP-20326,mid,59208.3,-0.0332,0.1513,0.1785,0.1272,0.47,
J2119-2308,unclear,ASKAP-36102,mid,59598.3,-0.0878,0.1672,-0.0824,0.1612,0.47,
J2119-2308,unclear,ASKAP-39107,low,59677.0,-0.1018,0.1956,0.3077,0.1444,0.41,
J2119-2308,unclear,ASKAP-57021,low,60318.3,-0.2250,0.1507,-0.0947,0.1354,1.40,
J2119-2308,unclear,ASKAP-68369,mid,60636.4,-0.0118,0.1748,0.0564,0.1518,0.47,
J2204+4008,polar,ASKAP-20368,mid,59209.3,0.0665,0.2220,-0.1786,0.1711,0.68,
J2204+4008,polar,ASKAP-20371,mid,59209.4,nan,nan,nan,nan,nan,
J2204+4008,polar,ASKAP-20372,mid,59209.4,nan,nan,nan,nan,nan,
J2204+4008,polar,ASKAP-34706,mid,59573.4,0.1412,0.2111,-0.0817,0.1902,0.49,
J2204+4008,polar,ASKAP-38367,low,59658.1,-0.3310,0.4988,-0.1855,0.4326,1.02,
J2204+4008,polar,ASKAP-39038,low,59676.0,0.1667,0.2514,-0.0873,0.1573,1.49,
J2204+4008,polar,ASKAP-55684,low,60300.4,-0.0885,0.2139,0.0123,0.1547,1.20,
J2204+4008,polar,ASKAP-55742,low,60301.3,-0.1981,0.7863,0.7884,0.5427,1.03,
J2204+4008,polar,ASKAP-55743,low,60301.4,0.3693,0.7139,0.9247,0.4616,0.19,
J2204+4008,polar,ASKAP-55744,low,60301.4,-0.5274,0.4165,-0.5221,0.3004,0.80,
J2204+4008,polar,ASKAP-60299,low,60390.1,-0.8763,0.6296,-0.2231,0.6344,0.19,
J2204+4008,polar,ASKAP-67992,mid,60628.4,-0.3136,0.2049,-0.0741,0.2231,0.68,
J2204+4008,polar,ASKAP-68327,mid,60635.4,nan,nan,nan,nan,nan,
J2204+4008,polar,ASKAP-68581,mid,60641.4,-0.2080,1.0636,-0.0940,1.1307,0.70,
J2204+4008,polar,ASKAP-75500,mid,60895.7,-1.9637,1.0052,-1.5534,0.9035,0.66,
J2218+1925,polar,ASKAP-20831,mid,59218.3,0.0391,0.1888,0.0572,0.1467,0.88,
J2218+1925,polar,ASKAP-35177,mid,59581.4,-0.0047,0.2025,-0.2369,0.1854,0.73,
J2218+1925,polar,ASKAP-39485,low,59685.0,0.0822,0.1810,-0.1125,0.1112,0.90,
J2218+1925,polar,ASKAP-45196,low,59880.5,-0.2351,0.2415,-0.0570,0.1196,0.91,
J2218+1925,polar,ASKAP-45274,low,59881.5,-0.0823,0.2453,-0.1353,0.1552,0.92,
J2218+1925,polar,ASKAP-56167,low,60306.3,nan,nan,nan,nan,nan,
J2218+1925,polar,ASKAP-56169,low,60306.4,nan,nan,nan,nan,nan,
J2218+1925,polar,ASKAP-56243,low,60307.4,-0.2499,0.1771,0.1867,0.1234,1.09,
J2218+1925,polar,ASKAP-68703,mid,60644.4,0.1655,0.2017,-0.0263,0.1548,0.88,
J2336+4425,YSO,ASKAP-20285,mid,59207.4,-0.9079,0.8607,-1.4495,0.8906,0.42,
J2336+4425,YSO,ASKAP-20286,mid,59207.4,-0.4087,0.5212,0.7048,0.5172,0.99,
J2336+4425,YSO,ASKAP-22901,mid,59258.2,-0.1203,0.2038,-0.0415,0.1925,0.76,
J2336+4425,YSO,ASKAP-25499,mid,59305.1,-0.0624,0.2094,-0.0447,0.1869,0.76,
J2336+4425,YSO,ASKAP-34712,mid,59573.4,-0.0451,0.6898,-0.2716,0.6765,0.74,
J2336+4425,YSO,ASKAP-34879,mid,59576.4,nan,nan,nan,nan,nan,
J2336+4425,YSO,ASKAP-35180,mid,59581.4,0.3020,0.1788,0.2416,0.1666,0.73,
J2336+4425,YSO,ASKAP-38977,low,59675.1,-0.0930,0.2122,-0.0754,0.1316,1.44,
J2336+4425,YSO,ASKAP-55547,low,60298.4,-0.0261,0.5687,0.5626,0.4853,0.73,
J2336+4425,YSO,ASKAP-55548,low,60298.4,0.0468,0.2446,-0.0195,0.2409,0.46,
J2336+4425,YSO,ASKAP-55687,low,60300.4,0.2053,0.4518,0.3788,0.4121,0.73,
J2336+4425,YSO,ASKAP-55688,low,60300.4,0.2101,0.2323,0.4077,0.2194,0.46,
J2336+4425,YSO,ASKAP-58017,low,60336.3,nan,nan,nan,nan,nan,
J2336+4425,YSO,ASKAP-58018,low,60336.3,0.0543,0.1919,0.0150,0.1687,1.42,
J2336+4425,YSO,ASKAP-66763,mid,60601.6,0.6946,0.8092,-0.5695,0.7509,0.42,
J2336+4425,YSO,ASKAP-66764,mid,60601.6,0.1617,0.3838,-0.3218,0.4561,0.99,
J2336+4425,YSO,ASKAP-75763,mid,60900.8,0.5029,0.1959,0.0092,0.2185,0.73,
AR_Sco,control,ASKAP-21506,mid,59232.1,3.0709,0.7072,-0.4228,0.1263,0.62,
AR_Sco,control,ASKAP-36159,mid,59599.1,3.6044,0.4887,-0.4413,0.1713,0.09,
AR_Sco,control,ASKAP-39023,low,59675.8,nan,nan,nan,nan,nan,
AR_Sco,control,ASKAP-39094,low,59676.8,nan,nan,nan,nan,nan,
AR_Sco,control,ASKAP-39258,low,59680.8,1.8551,1.6871,-0.0411,0.1565,0.75,
AR_Sco,control,ASKAP-57598,low,60327.1,2.5173,1.4985,-0.1605,0.1377,1.20,
AR_Sco,control,ASKAP-68072,mid,60630.2,3.7260,0.7059,-0.1020,0.1652,0.63,
